# Blender 5.1.2
# www.blender.org
mtllib GUN.mtl
o Torus
v 0.012390 0.334885 -0.027154
v 0.012220 0.334885 -0.026519
v 0.011755 0.334885 -0.026055
v 0.011121 0.334885 -0.025885
v 0.010486 0.334885 -0.026055
v 0.010021 0.334885 -0.026519
v 0.009851 0.334885 -0.027154
v 0.010021 0.334885 -0.027789
v 0.010486 0.334885 -0.028253
v 0.011121 0.334885 -0.028424
v 0.011755 0.334885 -0.028253
v 0.012220 0.334885 -0.027789
v 0.011448 0.342824 -0.027154
v 0.011291 0.342759 -0.026519
v 0.010861 0.342582 -0.026055
v 0.010275 0.342339 -0.025885
v 0.009689 0.342096 -0.026055
v 0.009259 0.341918 -0.026519
v 0.009102 0.341853 -0.027154
v 0.009259 0.341918 -0.027789
v 0.009689 0.342096 -0.028253
v 0.010275 0.342339 -0.028424
v 0.010861 0.342582 -0.028253
v 0.011291 0.342759 -0.027789
v 0.008765 0.346840 -0.027154
v 0.008645 0.346720 -0.026519
v 0.008316 0.346391 -0.026055
v 0.007867 0.345942 -0.025885
v 0.007418 0.345493 -0.026055
v 0.007090 0.345165 -0.026519
v 0.006969 0.345045 -0.027154
v 0.007090 0.345165 -0.027789
v 0.007418 0.345493 -0.028253
v 0.007867 0.345942 -0.028424
v 0.008316 0.346391 -0.028253
v 0.008645 0.346720 -0.027789
v 0.004749 0.349523 -0.027154
v 0.004684 0.349366 -0.026519
v 0.004506 0.348937 -0.026055
v 0.004264 0.348350 -0.025885
v 0.004021 0.347764 -0.026055
v 0.003843 0.347334 -0.026519
v 0.003778 0.347177 -0.027154
v 0.003843 0.347334 -0.027789
v 0.004021 0.347764 -0.028253
v 0.004264 0.348350 -0.028424
v 0.004506 0.348937 -0.028253
v 0.004684 0.349366 -0.027789
v -0.004724 0.349523 -0.027154
v -0.004659 0.349366 -0.026519
v -0.004481 0.348937 -0.026055
v -0.004238 0.348350 -0.025885
v -0.003995 0.347764 -0.026055
v -0.003817 0.347334 -0.026519
v -0.003752 0.347177 -0.027154
v -0.003817 0.347334 -0.027789
v -0.003995 0.347764 -0.028253
v -0.004238 0.348350 -0.028424
v -0.004481 0.348937 -0.028253
v -0.004659 0.349366 -0.027789
v -0.008739 0.346840 -0.027154
v -0.008619 0.346720 -0.026519
v -0.008290 0.346391 -0.026055
v -0.007842 0.345942 -0.025885
v -0.007393 0.345493 -0.026055
v -0.007064 0.345165 -0.026519
v -0.006944 0.345045 -0.027154
v -0.007064 0.345165 -0.027789
v -0.007393 0.345493 -0.028253
v -0.007842 0.345942 -0.028424
v -0.008290 0.346391 -0.028253
v -0.008619 0.346720 -0.027789
v -0.011422 0.342824 -0.027154
v -0.011265 0.342759 -0.026519
v -0.010836 0.342582 -0.026055
v -0.010249 0.342339 -0.025885
v -0.009663 0.342096 -0.026055
v -0.009234 0.341918 -0.026519
v -0.009077 0.341853 -0.027154
v -0.009234 0.341918 -0.027789
v -0.009663 0.342096 -0.028253
v -0.010249 0.342339 -0.028424
v -0.010836 0.342582 -0.028253
v -0.011265 0.342759 -0.027789
v -0.012364 0.334885 -0.027154
v -0.012194 0.334885 -0.026519
v -0.011730 0.334885 -0.026055
v -0.011095 0.334885 -0.025885
v -0.010460 0.334885 -0.026055
v -0.009996 0.334885 -0.026519
v -0.009826 0.334885 -0.027154
v -0.009996 0.334885 -0.027789
v -0.010460 0.334885 -0.028253
v -0.011095 0.334885 -0.028424
v -0.011730 0.334885 -0.028253
v -0.012194 0.334885 -0.027789
v -0.011422 0.330148 -0.027154
v -0.011265 0.330213 -0.026519
v -0.010836 0.330391 -0.026055
v -0.010249 0.330634 -0.025885
v -0.009663 0.330877 -0.026055
v -0.009234 0.331055 -0.026519
v -0.009077 0.331120 -0.027154
v -0.009234 0.331055 -0.027789
v -0.009663 0.330877 -0.028253
v -0.010249 0.330634 -0.028424
v -0.010836 0.330391 -0.028253
v -0.011265 0.330213 -0.027789
v -0.008739 0.326133 -0.027154
v -0.008619 0.326253 -0.026519
v -0.008290 0.326582 -0.026055
v -0.007842 0.327031 -0.025885
v -0.007393 0.327479 -0.026055
v -0.007064 0.327808 -0.026519
v -0.006944 0.327928 -0.027154
v -0.007064 0.327808 -0.027789
v -0.007393 0.327479 -0.028253
v -0.007842 0.327031 -0.028424
v -0.008290 0.326582 -0.028253
v -0.008619 0.326253 -0.027789
v -0.004724 0.323450 -0.027154
v -0.004659 0.323607 -0.026519
v -0.004481 0.324036 -0.026055
v -0.004238 0.324623 -0.025885
v -0.003995 0.325209 -0.026055
v -0.003817 0.325638 -0.026519
v -0.003752 0.325796 -0.027154
v -0.003817 0.325638 -0.027789
v -0.003995 0.325209 -0.028253
v -0.004238 0.324623 -0.028424
v -0.004481 0.324036 -0.028253
v -0.004659 0.323607 -0.027789
v 0.004749 0.323450 -0.027154
v 0.004684 0.323607 -0.026519
v 0.004506 0.324036 -0.026055
v 0.004264 0.324623 -0.025885
v 0.004021 0.325209 -0.026055
v 0.003843 0.325638 -0.026519
v 0.003778 0.325796 -0.027154
v 0.003843 0.325638 -0.027789
v 0.004021 0.325209 -0.028253
v 0.004264 0.324623 -0.028424
v 0.004506 0.324036 -0.028253
v 0.004684 0.323607 -0.027789
v 0.008765 0.326133 -0.027154
v 0.008645 0.326253 -0.026519
v 0.008316 0.326582 -0.026055
v 0.007867 0.327031 -0.025885
v 0.007418 0.327479 -0.026055
v 0.007090 0.327808 -0.026519
v 0.006969 0.327928 -0.027154
v 0.007090 0.327808 -0.027789
v 0.007418 0.327479 -0.028253
v 0.007867 0.327031 -0.028424
v 0.008316 0.326582 -0.028253
v 0.008645 0.326253 -0.027789
v 0.011448 0.330148 -0.027154
v 0.011291 0.330213 -0.026519
v 0.010861 0.330391 -0.026055
v 0.010275 0.330634 -0.025885
v 0.009689 0.330877 -0.026055
v 0.009259 0.331055 -0.026519
v 0.009102 0.331120 -0.027154
v 0.009259 0.331055 -0.027789
v 0.009689 0.330877 -0.028253
v 0.010275 0.330634 -0.028424
v 0.010861 0.330391 -0.028253
v 0.011291 0.330213 -0.027789
vn 0.9993 -0.0382 -0.0000
vn 0.8731 -0.0339 0.4864
vn 0.5212 -0.0214 0.8532
vn 0.0256 -0.0020 0.9997
vn -0.4832 0.0203 0.8753
vn -0.8605 0.0385 0.5079
vn -0.9990 0.0455 -0.0000
vn -0.8605 0.0385 -0.5079
vn -0.4832 0.0203 -0.8753
vn 0.0256 -0.0020 -0.9997
vn 0.5212 -0.0214 -0.8532
vn 0.8731 -0.0339 -0.4864
vn 0.9377 0.3476 -0.0000
vn 0.8196 0.3029 0.4863
vn 0.4937 0.1807 0.8507
vn 0.0371 0.0120 0.9992
vn -0.4384 -0.1605 0.8843
vn -0.8029 -0.2908 0.5204
vn -0.9406 -0.3397 -0.0000
vn -0.8029 -0.2908 -0.5204
vn -0.4384 -0.1605 -0.8843
vn 0.0371 0.0120 -0.9992
vn 0.4937 0.1807 -0.8507
vn 0.8196 0.3029 -0.4863
vn 0.7071 0.7071 -0.0000
vn 0.6178 0.6178 0.4866
vn 0.3701 0.3701 0.8521
vn 0.0229 0.0229 0.9995
vn -0.3359 -0.3359 0.8800
vn -0.6064 -0.6064 0.5145
vn -0.7071 -0.7071 -0.0000
vn -0.6064 -0.6064 -0.5145
vn -0.3359 -0.3359 -0.8800
vn 0.0229 0.0229 -0.9995
vn 0.3701 0.3701 -0.8521
vn 0.6178 0.6178 -0.4866
vn 0.2945 0.9557 -0.0000
vn 0.2557 0.8398 0.4790
vn 0.1508 0.5147 0.8440
vn 0.0092 0.0486 0.9988
vn -0.1342 -0.4438 0.8860
vn -0.2437 -0.8187 0.5200
vn -0.2855 -0.9584 -0.0000
vn -0.2437 -0.8187 -0.5200
vn -0.1342 -0.4438 -0.8860
vn 0.0092 0.0486 -0.9988
vn 0.1508 0.5147 -0.8440
vn 0.2557 0.8398 -0.4790
vn -0.2945 0.9557 -0.0000
vn -0.2557 0.8398 0.4790
vn -0.1508 0.5147 0.8440
vn -0.0092 0.0486 0.9988
vn 0.1342 -0.4438 0.8860
vn 0.2437 -0.8187 0.5200
vn 0.2855 -0.9584 -0.0000
vn 0.2437 -0.8187 -0.5200
vn 0.1342 -0.4438 -0.8860
vn -0.0092 0.0486 -0.9988
vn -0.1508 0.5147 -0.8440
vn -0.2557 0.8398 -0.4790
vn -0.7071 0.7071 -0.0000
vn -0.6178 0.6178 0.4866
vn -0.3701 0.3701 0.8521
vn -0.0229 0.0229 0.9995
vn 0.3359 -0.3359 0.8800
vn 0.6064 -0.6064 0.5145
vn 0.7071 -0.7071 -0.0000
vn 0.6064 -0.6064 -0.5145
vn 0.3359 -0.3359 -0.8800
vn -0.0229 0.0229 -0.9995
vn -0.3701 0.3701 -0.8521
vn -0.6178 0.6178 -0.4866
vn -0.9377 0.3476 -0.0000
vn -0.8196 0.3029 0.4863
vn -0.4937 0.1807 0.8507
vn -0.0371 0.0120 0.9992
vn 0.4384 -0.1605 0.8843
vn 0.8029 -0.2908 0.5204
vn 0.9406 -0.3397 -0.0000
vn 0.8029 -0.2908 -0.5204
vn 0.4384 -0.1605 -0.8843
vn -0.0371 0.0120 -0.9992
vn -0.4937 0.1807 -0.8507
vn -0.8196 0.3029 -0.4863
vn -0.9993 -0.0382 -0.0000
vn -0.8731 -0.0339 0.4864
vn -0.5212 -0.0214 0.8532
vn -0.0256 -0.0020 0.9997
vn 0.4832 0.0203 0.8753
vn 0.8605 0.0385 0.5079
vn 0.9990 0.0455 -0.0000
vn 0.8605 0.0385 -0.5079
vn 0.4832 0.0203 -0.8753
vn -0.0256 -0.0020 -0.9997
vn -0.5212 -0.0214 -0.8532
vn -0.8731 -0.0339 -0.4864
vn -0.9239 -0.3827 -0.0000
vn -0.8071 -0.3343 0.4866
vn -0.4836 -0.2003 0.8521
vn -0.0299 -0.0124 0.9995
vn 0.4388 0.1818 0.8800
vn 0.7922 0.3282 0.5145
vn 0.9239 0.3827 -0.0000
vn 0.7922 0.3282 -0.5145
vn 0.4388 0.1818 -0.8800
vn -0.0299 -0.0124 -0.9995
vn -0.4836 -0.2003 -0.8521
vn -0.8071 -0.3343 -0.4866
vn -0.6178 -0.6178 0.4866
vn -0.3701 -0.3701 0.8521
vn -0.0229 -0.0229 0.9995
vn 0.3359 0.3359 0.8800
vn 0.6064 0.6064 0.5145
vn 0.6064 0.6064 -0.5145
vn 0.3359 0.3359 -0.8800
vn -0.0229 -0.0229 -0.9995
vn -0.3701 -0.3701 -0.8521
vn -0.6178 -0.6178 -0.4866
vn -0.2945 -0.9557 -0.0000
vn -0.2557 -0.8398 0.4790
vn -0.1508 -0.5147 0.8440
vn -0.0092 -0.0486 0.9988
vn 0.1342 0.4438 0.8860
vn 0.2437 0.8187 0.5200
vn 0.2855 0.9584 -0.0000
vn 0.2437 0.8187 -0.5200
vn 0.1342 0.4438 -0.8860
vn -0.0092 -0.0486 -0.9988
vn -0.1508 -0.5147 -0.8440
vn -0.2557 -0.8398 -0.4790
vn 0.2945 -0.9557 -0.0000
vn 0.2557 -0.8398 0.4790
vn 0.1508 -0.5147 0.8440
vn 0.0092 -0.0486 0.9988
vn -0.1342 0.4438 0.8860
vn -0.2437 0.8187 0.5200
vn -0.2855 0.9584 -0.0000
vn -0.2437 0.8187 -0.5200
vn -0.1342 0.4438 -0.8860
vn 0.0092 -0.0486 -0.9988
vn 0.1508 -0.5147 -0.8440
vn 0.2557 -0.8398 -0.4790
vn 0.6178 -0.6178 0.4866
vn 0.3701 -0.3701 0.8521
vn 0.0229 -0.0229 0.9995
vn -0.3359 0.3359 0.8800
vn -0.6064 0.6064 0.5145
vn -0.6064 0.6064 -0.5145
vn -0.3359 0.3359 -0.8800
vn 0.0229 -0.0229 -0.9995
vn 0.3701 -0.3701 -0.8521
vn 0.6178 -0.6178 -0.4866
vn 0.9239 -0.3827 -0.0000
vn 0.8071 -0.3343 0.4866
vn 0.4836 -0.2003 0.8521
vn 0.0299 -0.0124 0.9995
vn -0.4388 0.1818 0.8800
vn -0.7922 0.3282 0.5145
vn -0.9239 0.3827 -0.0000
vn -0.7922 0.3282 -0.5145
vn -0.4388 0.1818 -0.8800
vn 0.0299 -0.0124 -0.9995
vn 0.4836 -0.2003 -0.8521
vn 0.8071 -0.3343 -0.4866
vt 0.500000 0.500000
vt 0.562500 0.500000
vt 0.562500 0.583333
vt 0.500000 0.583333
vt 0.562500 0.666667
vt 0.500000 0.666667
vt 0.562500 0.750000
vt 0.500000 0.750000
vt 0.562500 0.833333
vt 0.500000 0.833333
vt 0.562500 0.916667
vt 0.500000 0.916667
vt 0.562500 1.000000
vt 0.500000 1.000000
vt 0.500000 0.000000
vt 0.562500 0.000000
vt 0.562500 0.083333
vt 0.500000 0.083333
vt 0.562500 0.166667
vt 0.500000 0.166667
vt 0.562500 0.250000
vt 0.500000 0.250000
vt 0.562500 0.333333
vt 0.500000 0.333333
vt 0.562500 0.416667
vt 0.500000 0.416667
vt 0.625000 0.500000
vt 0.625000 0.583333
vt 0.625000 0.666667
vt 0.625000 0.750000
vt 0.625000 0.833333
vt 0.625000 0.916667
vt 0.625000 1.000000
vt 0.625000 0.000000
vt 0.625000 0.083333
vt 0.625000 0.166667
vt 0.625000 0.250000
vt 0.625000 0.333333
vt 0.625000 0.416667
vt 0.687500 0.500000
vt 0.687500 0.583333
vt 0.687500 0.666667
vt 0.687500 0.750000
vt 0.687500 0.833333
vt 0.687500 0.916667
vt 0.687500 1.000000
vt 0.687500 0.000000
vt 0.687500 0.083333
vt 0.687500 0.166667
vt 0.687500 0.250000
vt 0.687500 0.333333
vt 0.687500 0.416667
vt 0.812500 0.583333
vt 0.812500 0.666667
vt 0.812500 0.750000
vt 0.812500 0.833333
vt 0.812500 0.916667
vt 0.812500 1.000000
vt 0.812500 0.000000
vt 0.812500 0.083333
vt 0.812500 0.166667
vt 0.812500 0.250000
vt 0.812500 0.333333
vt 0.812500 0.416667
vt 0.812500 0.500000
vt 0.187500 0.500000
vt 0.312500 0.500000
vt 0.312500 0.583333
vt 0.187500 0.583333
vt 0.875000 0.500000
vt 0.875000 0.583333
vt 0.875000 0.666667
vt 0.875000 0.750000
vt 0.875000 0.833333
vt 0.875000 0.916667
vt 0.875000 1.000000
vt 0.875000 0.000000
vt 0.875000 0.083333
vt 0.875000 0.166667
vt 0.875000 0.250000
vt 0.875000 0.333333
vt 0.875000 0.416667
vt 0.937500 0.500000
vt 0.937500 0.583333
vt 0.937500 0.666667
vt 0.937500 0.750000
vt 0.937500 0.833333
vt 0.937500 0.916667
vt 0.937500 1.000000
vt 0.937500 0.000000
vt 0.937500 0.083333
vt 0.937500 0.166667
vt 0.937500 0.250000
vt 0.937500 0.333333
vt 0.937500 0.416667
vt 1.000000 0.500000
vt 1.000000 0.583333
vt 1.000000 0.666667
vt 1.000000 0.750000
vt 1.000000 0.833333
vt 1.000000 0.916667
vt 1.000000 1.000000
vt 1.000000 0.000000
vt 1.000000 0.083333
vt 1.000000 0.166667
vt 1.000000 0.250000
vt 1.000000 0.333333
vt 1.000000 0.416667
vt 0.000000 0.500000
vt 0.062500 0.500000
vt 0.062500 0.583333
vt 0.000000 0.583333
vt 0.062500 0.666667
vt 0.000000 0.666667
vt 0.062500 0.750000
vt 0.000000 0.750000
vt 0.062500 0.833333
vt 0.000000 0.833333
vt 0.062500 0.916667
vt 0.000000 0.916667
vt 0.062500 1.000000
vt 0.000000 1.000000
vt 0.000000 0.000000
vt 0.062500 0.000000
vt 0.062500 0.083333
vt 0.000000 0.083333
vt 0.062500 0.166667
vt 0.000000 0.166667
vt 0.062500 0.250000
vt 0.000000 0.250000
vt 0.062500 0.333333
vt 0.000000 0.333333
vt 0.062500 0.416667
vt 0.000000 0.416667
vt 0.125000 0.500000
vt 0.125000 0.583333
vt 0.125000 0.666667
vt 0.125000 0.750000
vt 0.125000 0.833333
vt 0.125000 0.916667
vt 0.125000 1.000000
vt 0.125000 0.000000
vt 0.125000 0.083333
vt 0.125000 0.166667
vt 0.125000 0.250000
vt 0.125000 0.333333
vt 0.125000 0.416667
vt 0.187500 0.666667
vt 0.187500 0.750000
vt 0.187500 0.833333
vt 0.187500 0.916667
vt 0.187500 1.000000
vt 0.187500 0.000000
vt 0.187500 0.083333
vt 0.187500 0.166667
vt 0.187500 0.250000
vt 0.187500 0.333333
vt 0.187500 0.416667
vt 0.312500 0.666667
vt 0.312500 0.750000
vt 0.312500 0.833333
vt 0.312500 0.916667
vt 0.312500 1.000000
vt 0.312500 0.000000
vt 0.312500 0.083333
vt 0.312500 0.166667
vt 0.312500 0.250000
vt 0.312500 0.333333
vt 0.312500 0.416667
vt 0.375000 0.500000
vt 0.375000 0.583333
vt 0.375000 0.666667
vt 0.375000 0.750000
vt 0.375000 0.833333
vt 0.375000 0.916667
vt 0.375000 1.000000
vt 0.375000 0.000000
vt 0.375000 0.083333
vt 0.375000 0.166667
vt 0.375000 0.250000
vt 0.375000 0.333333
vt 0.375000 0.416667
vt 0.437500 0.500000
vt 0.437500 0.583333
vt 0.437500 0.666667
vt 0.437500 0.750000
vt 0.437500 0.833333
vt 0.437500 0.916667
vt 0.437500 1.000000
vt 0.437500 0.000000
vt 0.437500 0.083333
vt 0.437500 0.166667
vt 0.437500 0.250000
vt 0.437500 0.333333
vt 0.437500 0.416667
s 1
f 1/1/1 13/2/13 14/3/14 2/4/2
f 2/4/2 14/3/14 15/5/15 3/6/3
f 3/6/3 15/5/15 16/7/16 4/8/4
f 4/8/4 16/7/16 17/9/17 5/10/5
f 5/10/5 17/9/17 18/11/18 6/12/6
f 6/12/6 18/11/18 19/13/19 7/14/7
f 7/15/7 19/16/19 20/17/20 8/18/8
f 8/18/8 20/17/20 21/19/21 9/20/9
f 9/20/9 21/19/21 22/21/22 10/22/10
f 10/22/10 22/21/22 23/23/23 11/24/11
f 11/24/11 23/23/23 24/25/24 12/26/12
f 12/26/12 24/25/24 13/2/13 1/1/1
f 13/2/13 25/27/25 26/28/26 14/3/14
f 14/3/14 26/28/26 27/29/27 15/5/15
f 15/5/15 27/29/27 28/30/28 16/7/16
f 16/7/16 28/30/28 29/31/29 17/9/17
f 17/9/17 29/31/29 30/32/30 18/11/18
f 18/11/18 30/32/30 31/33/31 19/13/19
f 19/16/19 31/34/31 32/35/32 20/17/20
f 20/17/20 32/35/32 33/36/33 21/19/21
f 21/19/21 33/36/33 34/37/34 22/21/22
f 22/21/22 34/37/34 35/38/35 23/23/23
f 23/23/23 35/38/35 36/39/36 24/25/24
f 24/25/24 36/39/36 25/27/25 13/2/13
f 25/27/25 37/40/37 38/41/38 26/28/26
f 26/28/26 38/41/38 39/42/39 27/29/27
f 27/29/27 39/42/39 40/43/40 28/30/28
f 28/30/28 40/43/40 41/44/41 29/31/29
f 29/31/29 41/44/41 42/45/42 30/32/30
f 30/32/30 42/45/42 43/46/43 31/33/31
f 31/34/31 43/47/43 44/48/44 32/35/32
f 32/35/32 44/48/44 45/49/45 33/36/33
f 33/36/33 45/49/45 46/50/46 34/37/34
f 34/37/34 46/50/46 47/51/47 35/38/35
f 35/38/35 47/51/47 48/52/48 36/39/36
f 36/39/36 48/52/48 37/40/37 25/27/25
f 38/41/38 50/53/50 51/54/51 39/42/39
f 39/42/39 51/54/51 52/55/52 40/43/40
f 40/43/40 52/55/52 53/56/53 41/44/41
f 41/44/41 53/56/53 54/57/54 42/45/42
f 42/45/42 54/57/54 55/58/55 43/46/43
f 43/47/43 55/59/55 56/60/56 44/48/44
f 44/48/44 56/60/56 57/61/57 45/49/45
f 45/49/45 57/61/57 58/62/58 46/50/46
f 46/50/46 58/62/58 59/63/59 47/51/47
f 47/51/47 59/63/59 60/64/60 48/52/48
f 48/52/48 60/64/60 49/65/49 37/40/37
f 121/66/119 133/67/131 134/68/132 122/69/120
f 49/65/49 61/70/61 62/71/62 50/53/50
f 50/53/50 62/71/62 63/72/63 51/54/51
f 51/54/51 63/72/63 64/73/64 52/55/52
f 52/55/52 64/73/64 65/74/65 53/56/53
f 53/56/53 65/74/65 66/75/66 54/57/54
f 54/57/54 66/75/66 67/76/67 55/58/55
f 55/59/55 67/77/67 68/78/68 56/60/56
f 56/60/56 68/78/68 69/79/69 57/61/57
f 57/61/57 69/79/69 70/80/70 58/62/58
f 58/62/58 70/80/70 71/81/71 59/63/59
f 59/63/59 71/81/71 72/82/72 60/64/60
f 60/64/60 72/82/72 61/70/61 49/65/49
f 61/70/61 73/83/73 74/84/74 62/71/62
f 62/71/62 74/84/74 75/85/75 63/72/63
f 63/72/63 75/85/75 76/86/76 64/73/64
f 64/73/64 76/86/76 77/87/77 65/74/65
f 65/74/65 77/87/77 78/88/78 66/75/66
f 66/75/66 78/88/78 79/89/79 67/76/67
f 67/77/67 79/90/79 80/91/80 68/78/68
f 68/78/68 80/91/80 81/92/81 69/79/69
f 69/79/69 81/92/81 82/93/82 70/80/70
f 70/80/70 82/93/82 83/94/83 71/81/71
f 71/81/71 83/94/83 84/95/84 72/82/72
f 72/82/72 84/95/84 73/83/73 61/70/61
f 73/83/73 85/96/85 86/97/86 74/84/74
f 74/84/74 86/97/86 87/98/87 75/85/75
f 75/85/75 87/98/87 88/99/88 76/86/76
f 76/86/76 88/99/88 89/100/89 77/87/77
f 77/87/77 89/100/89 90/101/90 78/88/78
f 78/88/78 90/101/90 91/102/91 79/89/79
f 79/90/79 91/103/91 92/104/92 80/91/80
f 80/91/80 92/104/92 93/105/93 81/92/81
f 81/92/81 93/105/93 94/106/94 82/93/82
f 82/93/82 94/106/94 95/107/95 83/94/83
f 83/94/83 95/107/95 96/108/96 84/95/84
f 84/95/84 96/108/96 85/96/85 73/83/73
f 85/109/85 97/110/97 98/111/98 86/112/86
f 86/112/86 98/111/98 99/113/99 87/114/87
f 87/114/87 99/113/99 100/115/100 88/116/88
f 88/116/88 100/115/100 101/117/101 89/118/89
f 89/118/89 101/117/101 102/119/102 90/120/90
f 90/120/90 102/119/102 103/121/103 91/122/91
f 91/123/91 103/124/103 104/125/104 92/126/92
f 92/126/92 104/125/104 105/127/105 93/128/93
f 93/128/93 105/127/105 106/129/106 94/130/94
f 94/130/94 106/129/106 107/131/107 95/132/95
f 95/132/95 107/131/107 108/133/108 96/134/96
f 96/134/96 108/133/108 97/110/97 85/109/85
f 97/110/97 109/135/31 110/136/109 98/111/98
f 98/111/98 110/136/109 111/137/110 99/113/99
f 99/113/99 111/137/110 112/138/111 100/115/100
f 100/115/100 112/138/111 113/139/112 101/117/101
f 101/117/101 113/139/112 114/140/113 102/119/102
f 102/119/102 114/140/113 115/141/25 103/121/103
f 103/124/103 115/142/25 116/143/114 104/125/104
f 104/125/104 116/143/114 117/144/115 105/127/105
f 105/127/105 117/144/115 118/145/116 106/129/106
f 106/129/106 118/145/116 119/146/117 107/131/107
f 107/131/107 119/146/117 120/147/118 108/133/108
f 108/133/108 120/147/118 109/135/31 97/110/97
f 109/135/31 121/66/119 122/69/120 110/136/109
f 110/136/109 122/69/120 123/148/121 111/137/110
f 111/137/110 123/148/121 124/149/122 112/138/111
f 112/138/111 124/149/122 125/150/123 113/139/112
f 113/139/112 125/150/123 126/151/124 114/140/113
f 114/140/113 126/151/124 127/152/125 115/141/25
f 115/142/25 127/153/125 128/154/126 116/143/114
f 116/143/114 128/154/126 129/155/127 117/144/115
f 117/144/115 129/155/127 130/156/128 118/145/116
f 118/145/116 130/156/128 131/157/129 119/146/117
f 119/146/117 131/157/129 132/158/130 120/147/118
f 120/147/118 132/158/130 121/66/119 109/135/31
f 122/69/120 134/68/132 135/159/133 123/148/121
f 123/148/121 135/159/133 136/160/134 124/149/122
f 124/149/122 136/160/134 137/161/135 125/150/123
f 125/150/123 137/161/135 138/162/136 126/151/124
f 126/151/124 138/162/136 139/163/137 127/152/125
f 127/153/125 139/164/137 140/165/138 128/154/126
f 128/154/126 140/165/138 141/166/139 129/155/127
f 129/155/127 141/166/139 142/167/140 130/156/128
f 130/156/128 142/167/140 143/168/141 131/157/129
f 131/157/129 143/168/141 144/169/142 132/158/130
f 132/158/130 144/169/142 133/67/131 121/66/119
f 133/67/131 145/170/67 146/171/143 134/68/132
f 134/68/132 146/171/143 147/172/144 135/159/133
f 135/159/133 147/172/144 148/173/145 136/160/134
f 136/160/134 148/173/145 149/174/146 137/161/135
f 137/161/135 149/174/146 150/175/147 138/162/136
f 138/162/136 150/175/147 151/176/61 139/163/137
f 139/164/137 151/177/61 152/178/148 140/165/138
f 140/165/138 152/178/148 153/179/149 141/166/139
f 141/166/139 153/179/149 154/180/150 142/167/140
f 142/167/140 154/180/150 155/181/151 143/168/141
f 143/168/141 155/181/151 156/182/152 144/169/142
f 144/169/142 156/182/152 145/170/67 133/67/131
f 145/170/67 157/183/153 158/184/154 146/171/143
f 146/171/143 158/184/154 159/185/155 147/172/144
f 147/172/144 159/185/155 160/186/156 148/173/145
f 148/173/145 160/186/156 161/187/157 149/174/146
f 149/174/146 161/187/157 162/188/158 150/175/147
f 150/175/147 162/188/158 163/189/159 151/176/61
f 151/177/61 163/190/159 164/191/160 152/178/148
f 152/178/148 164/191/160 165/192/161 153/179/149
f 153/179/149 165/192/161 166/193/162 154/180/150
f 154/180/150 166/193/162 167/194/163 155/181/151
f 155/181/151 167/194/163 168/195/164 156/182/152
f 156/182/152 168/195/164 157/183/153 145/170/67
f 157/183/153 1/1/1 2/4/2 158/184/154
f 158/184/154 2/4/2 3/6/3 159/185/155
f 159/185/155 3/6/3 4/8/4 160/186/156
f 160/186/156 4/8/4 5/10/5 161/187/157
f 161/187/157 5/10/5 6/12/6 162/188/158
f 162/188/158 6/12/6 7/14/7 163/189/159
f 163/190/159 7/15/7 8/18/8 164/191/160
f 164/191/160 8/18/8 9/20/9 165/192/161
f 165/192/161 9/20/9 10/22/10 166/193/162
f 166/193/162 10/22/10 11/24/11 167/194/163
f 167/194/163 11/24/11 12/26/12 168/195/164
f 168/195/164 12/26/12 1/1/1 157/183/153
f 37/40/37 49/65/49 50/53/50 38/41/38
o Sphere
v 0.000353 0.320802 -0.027506
v 0.000013 0.306426 -0.028912
v 0.000013 0.304552 -0.027037
v 0.000353 0.308209 -0.027506
v 0.000660 0.307943 -0.027929
v 0.000904 0.307528 -0.028265
v 0.001061 0.307006 -0.028480
v 0.001115 0.306426 -0.028554
v 0.001061 0.305847 -0.028480
v 0.000904 0.305325 -0.028265
v 0.000660 0.304910 -0.027929
v 0.000353 0.304644 -0.027506
v 0.000564 0.308209 -0.027216
v 0.001061 0.307943 -0.027378
v 0.001455 0.307528 -0.027506
v 0.001708 0.307006 -0.027588
v 0.001796 0.306426 -0.027617
v 0.001708 0.305847 -0.027588
v 0.001455 0.305325 -0.027506
v 0.001061 0.304910 -0.027378
v 0.000564 0.304644 -0.027216
v 0.000564 0.308209 -0.026858
v 0.001061 0.307943 -0.026697
v 0.001455 0.307528 -0.026569
v 0.001708 0.307006 -0.026487
v 0.001796 0.306426 -0.026458
v 0.001708 0.305847 -0.026487
v 0.001455 0.305325 -0.026569
v 0.001061 0.304910 -0.026697
v 0.000564 0.304644 -0.026858
v 0.000353 0.308209 -0.026569
v 0.000660 0.307943 -0.026146
v 0.000904 0.307528 -0.025810
v 0.001061 0.307006 -0.025595
v 0.001115 0.306426 -0.025521
v 0.001061 0.305847 -0.025595
v 0.000904 0.305325 -0.025810
v 0.000660 0.304910 -0.026146
v 0.000353 0.304644 -0.026569
v 0.000013 0.308209 -0.026458
v 0.000013 0.307943 -0.025936
v 0.000013 0.307528 -0.025521
v 0.000013 0.307006 -0.025255
v 0.000013 0.306426 -0.025163
v 0.000013 0.305847 -0.025255
v 0.000013 0.305325 -0.025521
v 0.000013 0.304910 -0.025936
v 0.000013 0.304644 -0.026458
v -0.000328 0.308209 -0.026569
v -0.000635 0.307943 -0.026146
v -0.000879 0.307528 -0.025810
v -0.001035 0.307006 -0.025595
v -0.001089 0.306426 -0.025521
v -0.001035 0.305847 -0.025595
v -0.000879 0.305325 -0.025810
v -0.000635 0.304910 -0.026146
v -0.000328 0.304644 -0.026569
v -0.000538 0.308209 -0.026858
v -0.001035 0.307943 -0.026697
v -0.001430 0.307528 -0.026569
v -0.001683 0.307006 -0.026487
v -0.001770 0.306426 -0.026458
v -0.001683 0.305847 -0.026487
v -0.001430 0.305325 -0.026569
v -0.001035 0.304910 -0.026697
v -0.000538 0.304644 -0.026858
v -0.000538 0.308209 -0.027216
v -0.001035 0.307943 -0.027378
v -0.001430 0.307528 -0.027506
v -0.001683 0.307006 -0.027588
v -0.001770 0.306426 -0.027617
v -0.001683 0.305847 -0.027588
v -0.001430 0.305325 -0.027506
v -0.001035 0.304910 -0.027378
v -0.000538 0.304644 -0.027216
v -0.000328 0.308209 -0.027506
v -0.000635 0.307943 -0.027929
v -0.000879 0.307528 -0.028265
v -0.001035 0.307006 -0.028480
v -0.001089 0.306426 -0.028554
v -0.001035 0.305847 -0.028480
v -0.000879 0.305325 -0.028265
v -0.000635 0.304910 -0.027929
v -0.000328 0.304644 -0.027506
v 0.000013 0.308209 -0.027617
v 0.000013 0.307943 -0.028139
v 0.000013 0.307528 -0.028554
v 0.000013 0.307006 -0.028820
v 0.000013 0.305847 -0.028820
v 0.000013 0.305325 -0.028554
v 0.000013 0.304910 -0.028139
v 0.000013 0.304644 -0.027617
v 0.000564 0.320802 -0.027216
v 0.000564 0.320802 -0.026858
v 0.000353 0.320802 -0.026569
v 0.000013 0.320802 -0.026458
v -0.000328 0.320802 -0.026569
v -0.000538 0.320802 -0.026858
v -0.000538 0.320802 -0.027216
v -0.000328 0.320802 -0.027506
v 0.000013 0.320802 -0.027617
vn 0.5878 -0.0000 -0.8090
vn -0.0000 -0.0000 -1.0000
vn -0.0000 -1.0000 -0.0000
vn 0.4812 0.5742 -0.6623
vn 0.3570 0.7944 -0.4914
vn 0.4815 0.5735 -0.6627
vn 0.5607 0.3003 -0.7717
vn 0.5607 -0.3003 -0.7717
vn 0.4815 -0.5735 -0.6627
vn 0.3570 -0.7944 -0.4914
vn 0.1979 -0.9416 -0.2724
vn 0.7786 0.5742 -0.2530
vn 0.5777 0.7944 -0.1877
vn 0.7791 0.5735 -0.2531
vn 0.9072 0.3003 -0.2948
vn 0.9511 -0.0000 -0.3090
vn 0.9072 -0.3003 -0.2948
vn 0.7791 -0.5735 -0.2531
vn 0.5777 -0.7944 -0.1877
vn 0.3202 -0.9416 -0.1041
vn 0.7786 0.5742 0.2530
vn 0.5777 0.7944 0.1877
vn 0.7791 0.5735 0.2531
vn 0.9072 0.3003 0.2948
vn 0.9511 -0.0000 0.3090
vn 0.9072 -0.3003 0.2948
vn 0.7791 -0.5735 0.2531
vn 0.5777 -0.7944 0.1877
vn 0.3202 -0.9416 0.1041
vn 0.4812 0.5742 0.6623
vn 0.3570 0.7944 0.4914
vn 0.4815 0.5735 0.6627
vn 0.5607 0.3003 0.7717
vn 0.5878 -0.0000 0.8090
vn 0.5607 -0.3003 0.7717
vn 0.4815 -0.5735 0.6627
vn 0.3570 -0.7944 0.4914
vn 0.1979 -0.9416 0.2724
vn -0.0000 0.5742 0.8187
vn -0.0000 0.7944 0.6074
vn -0.0000 0.5735 0.8192
vn -0.0000 0.3003 0.9538
vn -0.0000 -0.0000 1.0000
vn -0.0000 -0.3003 0.9538
vn -0.0000 -0.5735 0.8192
vn -0.0000 -0.7944 0.6074
vn -0.0000 -0.9416 0.3367
vn -0.4812 0.5742 0.6623
vn -0.3570 0.7944 0.4914
vn -0.4815 0.5735 0.6627
vn -0.5607 0.3003 0.7717
vn -0.5878 -0.0000 0.8090
vn -0.5607 -0.3003 0.7717
vn -0.4815 -0.5735 0.6627
vn -0.3570 -0.7944 0.4914
vn -0.1979 -0.9416 0.2724
vn -0.7786 0.5742 0.2530
vn -0.5777 0.7944 0.1877
vn -0.7791 0.5735 0.2531
vn -0.9072 0.3003 0.2948
vn -0.9511 -0.0000 0.3090
vn -0.9072 -0.3003 0.2948
vn -0.7791 -0.5735 0.2531
vn -0.5777 -0.7944 0.1877
vn -0.3202 -0.9416 0.1041
vn -0.7786 0.5742 -0.2530
vn -0.5777 0.7944 -0.1877
vn -0.7791 0.5735 -0.2531
vn -0.9072 0.3003 -0.2948
vn -0.9511 -0.0000 -0.3090
vn -0.9072 -0.3003 -0.2948
vn -0.7791 -0.5735 -0.2531
vn -0.5777 -0.7944 -0.1877
vn -0.3202 -0.9416 -0.1041
vn -0.4812 0.5742 -0.6623
vn -0.3570 0.7944 -0.4914
vn -0.4815 0.5735 -0.6627
vn -0.5607 0.3003 -0.7717
vn -0.5878 -0.0000 -0.8090
vn -0.5607 -0.3003 -0.7717
vn -0.4815 -0.5735 -0.6627
vn -0.3570 -0.7944 -0.4914
vn -0.1979 -0.9416 -0.2724
vn -0.0000 0.5742 -0.8187
vn -0.0000 0.7944 -0.6074
vn -0.0000 0.5735 -0.8192
vn -0.0000 0.3003 -0.9538
vn -0.0000 -0.3003 -0.9538
vn -0.0000 -0.5735 -0.8192
vn -0.0000 -0.7944 -0.6074
vn -0.0000 -0.9416 -0.3367
vt 0.700000 0.800000
vt 0.700000 0.900000
vt 0.600000 0.900000
vt 0.600000 0.800000
vt 0.700000 0.100000
vt 0.700000 0.200000
vt 0.600000 0.200000
vt 0.600000 0.100000
vt 0.700000 0.400000
vt 0.700000 0.500000
vt 0.600000 0.500000
vt 0.600000 0.400000
vt 0.700000 0.700000
vt 0.600000 0.700000
vt 0.650000 0.000000
vt 0.700000 0.300000
vt 0.600000 0.300000
vt 0.700000 0.600000
vt 0.600000 0.600000
vt 0.000000 0.900000
vt 0.100000 0.900000
vt 0.500000 0.200000
vt 0.500000 0.100000
vt 0.500000 0.500000
vt 0.500000 0.400000
vt 0.500000 0.800000
vt 0.500000 0.700000
vt 0.550000 0.000000
vt 0.500000 0.300000
vt 0.500000 0.600000
vt 0.300000 0.900000
vt 0.400000 0.900000
vt 0.500000 0.900000
vt 0.400000 0.600000
vt 0.400000 0.500000
vt 0.400000 0.800000
vt 0.400000 0.200000
vt 0.400000 0.100000
vt 0.400000 0.400000
vt 0.400000 0.700000
vt 0.450000 0.000000
vt 0.400000 0.300000
vt 0.800000 0.900000
vt 0.900000 0.900000
vt 0.300000 0.300000
vt 0.300000 0.200000
vt 0.300000 0.600000
vt 0.300000 0.500000
vt 0.300000 0.800000
vt 0.300000 0.100000
vt 0.300000 0.400000
vt 0.300000 0.700000
vt 0.350000 0.000000
vt 0.200000 0.700000
vt 0.200000 0.600000
vt 0.200000 0.300000
vt 0.200000 0.200000
vt 0.200000 0.500000
vt 0.200000 0.900000
vt 0.200000 0.800000
vt 0.200000 0.100000
vt 0.200000 0.400000
vt 0.250000 0.000000
vt 0.150000 0.000000
vt 0.100000 0.100000
vt 0.100000 0.400000
vt 0.100000 0.300000
vt 0.100000 0.700000
vt 0.100000 0.600000
vt 0.100000 0.200000
vt 0.100000 0.500000
vt 0.100000 0.800000
vt 0.000000 0.500000
vt 0.000000 0.400000
vt 0.000000 0.800000
vt 0.000000 0.700000
vt 0.050000 0.000000
vt 0.000000 0.100000
vt 0.000000 0.300000
vt 0.000000 0.600000
vt 0.000000 0.200000
vt 1.000000 0.800000
vt 1.000000 0.900000
vt 0.900000 0.800000
vt 1.000000 0.100000
vt 1.000000 0.200000
vt 0.900000 0.200000
vt 0.900000 0.100000
vt 1.000000 0.400000
vt 1.000000 0.500000
vt 0.900000 0.500000
vt 0.900000 0.400000
vt 1.000000 0.700000
vt 0.900000 0.700000
vt 0.950000 0.000000
vt 1.000000 0.300000
vt 0.900000 0.300000
vt 1.000000 0.600000
vt 0.900000 0.600000
vt 0.800000 0.600000
vt 0.800000 0.500000
vt 0.800000 0.800000
vt 0.800000 0.200000
vt 0.800000 0.100000
vt 0.800000 0.400000
vt 0.800000 0.700000
vt 0.850000 0.000000
vt 0.800000 0.300000
vt 0.750000 0.000000
s 1
f 254/196/249 253/197/248 172/198/168 173/199/169
f 260/200/255 259/201/254 179/202/174 180/203/175
f 257/204/252 170/205/166 176/206/165 177/207/172
f 255/208/250 254/196/249 173/199/169 174/209/170
f 171/210/167 260/200/255 180/203/175
f 258/211/253 257/204/252 177/207/172 178/212/173
f 256/213/251 255/208/250 174/209/170 175/214/171
f 226/215/221 217/216/212 265/216/216 266/215/225
f 259/201/254 258/211/253 178/212/173 179/202/174
f 170/205/166 256/213/251 175/214/171 176/206/165
f 180/203/175 179/202/174 188/217/183 189/218/184
f 177/207/172 176/206/165 185/219/180 186/220/181
f 174/209/170 173/199/169 182/221/177 183/222/178
f 171/223/167 180/203/175 189/218/184
f 178/212/173 177/207/172 186/220/181 187/224/182
f 175/214/171 174/209/170 183/222/178 184/225/179
f 199/226/194 190/227/185 262/227/189 263/226/198
f 179/202/174 178/212/173 187/224/182 188/217/183
f 176/206/165 175/214/171 184/225/179 185/219/180
f 173/199/169 172/198/168 181/228/176 182/221/177
f 185/219/180 184/225/179 193/229/188 194/230/189
f 182/221/177 181/228/176 190/227/185 191/231/186
f 189/218/184 188/217/183 197/232/192 198/233/193
f 186/220/181 185/219/180 194/230/189 195/234/190
f 183/222/178 182/221/177 191/231/186 192/235/187
f 171/236/167 189/218/184 198/233/193
f 187/224/182 186/220/181 195/234/190 196/237/191
f 184/225/179 183/222/178 192/235/187 193/229/188
f 190/227/185 181/228/176 261/228/180 262/227/189
f 188/217/183 187/224/182 196/237/191 197/232/192
f 244/238/239 235/239/230 267/239/234 268/238/243
f 197/232/192 196/237/191 205/240/200 206/241/201
f 194/230/189 193/229/188 202/242/197 203/243/198
f 191/231/186 190/227/185 199/226/194 200/244/195
f 198/233/193 197/232/192 206/241/201 207/245/202
f 195/234/190 194/230/189 203/243/198 204/246/199
f 192/235/187 191/231/186 200/244/195 201/247/196
f 171/248/167 198/233/193 207/245/202
f 196/237/191 195/234/190 204/246/199 205/240/200
f 193/229/188 192/235/187 201/247/196 202/242/197
f 202/242/197 201/247/196 210/249/205 211/250/206
f 172/198/168 253/197/248 269/197/166 169/198/165
f 206/241/201 205/240/200 214/251/209 215/252/210
f 203/243/198 202/242/197 211/250/206 212/253/207
f 200/244/195 199/226/194 208/254/203 209/255/204
f 207/245/202 206/241/201 215/252/210 216/256/211
f 204/246/199 203/243/198 212/253/207 213/257/208
f 201/247/196 200/244/195 209/255/204 210/249/205
f 171/258/167 207/245/202 216/256/211
f 205/240/200 204/246/199 213/257/208 214/251/209
f 171/259/167 216/256/211 225/260/220
f 214/251/209 213/257/208 222/261/217 223/262/218
f 211/250/206 210/249/205 219/263/214 220/264/215
f 208/254/203 199/226/194 263/226/198 264/254/207
f 215/252/210 214/251/209 223/262/218 224/265/219
f 212/253/207 211/250/206 220/264/215 221/266/216
f 209/255/204 208/254/203 217/216/212 218/267/213
f 216/256/211 215/252/210 224/265/219 225/260/220
f 213/257/208 212/253/207 221/266/216 222/261/217
f 210/249/205 209/255/204 218/267/213 219/263/214
f 222/261/217 221/266/216 230/268/225 231/269/226
f 219/263/214 218/267/213 227/270/222 228/271/223
f 171/272/167 225/260/220 234/273/229
f 223/262/218 222/261/217 231/269/226 232/274/227
f 220/264/215 219/263/214 228/271/223 229/275/224
f 217/216/212 208/254/203 264/254/207 265/216/216
f 224/265/219 223/262/218 232/274/227 233/276/228
f 221/266/216 220/264/215 229/275/224 230/268/225
f 218/267/213 217/216/212 226/215/221 227/270/222
f 225/260/220 224/265/219 233/276/228 234/273/229
f 227/277/222 226/278/221 235/239/230 236/279/231
f 234/280/229 233/281/228 242/282/237 243/283/238
f 231/284/226 230/285/225 239/286/234 240/287/235
f 228/288/223 227/277/222 236/279/231 237/289/232
f 171/290/167 234/280/229 243/283/238
f 232/291/227 231/284/226 240/287/235 241/292/236
f 229/293/224 228/288/223 237/289/232 238/294/233
f 253/197/248 244/238/239 268/238/243 269/197/166
f 233/281/228 232/291/227 241/292/236 242/282/237
f 230/285/225 229/293/224 238/294/233 239/286/234
f 239/286/234 238/294/233 247/295/242 248/296/243
f 236/279/231 235/239/230 244/238/239 245/297/240
f 243/283/238 242/282/237 251/298/246 252/299/247
f 240/287/235 239/286/234 248/296/243 249/300/244
f 237/289/232 236/279/231 245/297/240 246/301/241
f 171/302/167 243/283/238 252/299/247
f 241/292/236 240/287/235 249/300/244 250/303/245
f 238/294/233 237/289/232 246/301/241 247/295/242
f 181/228/176 172/198/168 169/198/165 261/228/180
f 242/282/237 241/292/236 250/303/245 251/298/246
f 235/239/230 226/278/221 266/278/225 267/239/234
f 251/298/246 250/303/245 258/211/253 259/201/254
f 248/296/243 247/295/242 256/213/251 170/205/166
f 245/297/240 244/238/239 253/197/248 254/196/249
f 252/299/247 251/298/246 259/201/254 260/200/255
f 249/300/244 248/296/243 170/205/166 257/204/252
f 246/301/241 245/297/240 254/196/249 255/208/250
f 171/304/167 252/299/247 260/200/255
f 250/303/245 249/300/244 257/204/252 258/211/253
f 247/295/242 246/301/241 255/208/250 256/213/251
o Plane.001
v 0.032468 0.233196 -0.262008
v 0.031893 0.235899 -0.259297
v 0.033952 0.233196 -0.257441
v 0.031196 0.235899 -0.257151
v 0.030067 0.233196 -0.254619
v 0.028939 0.235899 -0.257151
v 0.026183 0.233196 -0.257441
v 0.028242 0.235899 -0.259297
v 0.027667 0.233196 -0.262008
v 0.030067 0.235899 -0.260623
v 0.033760 0.221781 -0.263996
v 0.035362 0.221781 -0.259990
v 0.036043 0.221781 -0.256972
v 0.033340 0.221781 -0.253766
v 0.030067 0.221781 -0.252631
v 0.026795 0.221781 -0.253766
v 0.024092 0.221781 -0.256972
v 0.024773 0.221781 -0.259990
v 0.026375 0.221781 -0.263996
v 0.030067 0.221781 -0.264667
v 0.033760 0.215018 -0.263996
v 0.035362 0.215018 -0.259990
v 0.036043 0.215018 -0.256972
v 0.033340 0.215018 -0.253766
v 0.030067 0.215018 -0.252631
v 0.026795 0.215018 -0.253766
v 0.024092 0.215018 -0.256972
v 0.024773 0.215018 -0.259990
v 0.026375 0.215018 -0.263996
v 0.030067 0.215018 -0.264667
v 0.032871 0.209163 -0.262708
v 0.034087 0.209163 -0.259667
v 0.034603 0.209163 -0.257376
v 0.032551 0.209163 -0.254942
v 0.030067 0.209163 -0.254081
v 0.027584 0.209163 -0.254942
v 0.025532 0.209163 -0.257376
v 0.026048 0.209163 -0.259667
v 0.027264 0.209163 -0.262708
v 0.030067 0.209163 -0.263217
v 0.031464 0.205469 -0.260671
v 0.032070 0.205469 -0.259156
v 0.032327 0.205469 -0.258015
v 0.031305 0.205469 -0.256802
v 0.030067 0.205469 -0.256373
v 0.028830 0.205469 -0.256802
v 0.027808 0.205469 -0.258015
v 0.028065 0.205469 -0.259156
v 0.028671 0.205469 -0.260671
v 0.030067 0.205469 -0.260925
v 0.030067 0.203935 -0.258659
v 0.032777 0.232302 -0.259473
v 0.030067 0.232835 -0.261501
v 0.031638 0.232987 -0.256452
v 0.027491 0.232843 -0.259447
v 0.028471 0.232817 -0.256412
vn -0.5647 0.2725 0.7790
vn -0.5282 0.2345 0.8161
vn -0.5718 0.2391 0.7848
vn 0.5343 0.2330 0.8125
vn 0.5647 0.2725 0.7790
vn 0.5719 0.2407 0.7842
vn -0.0000 0.2754 -0.9613
vn -0.0828 0.2426 -0.9666
vn -0.0000 0.2482 -0.9687
vn -0.8707 0.2072 -0.4460
vn -0.7979 0.2236 -0.5597
vn -0.9251 0.2174 -0.3112
vn 0.6070 0.2308 0.7604
vn 0.9640 0.2173 -0.1532
vn 0.9702 0.2401 -0.0335
vn 0.9262 0.2139 -0.3106
vn -0.9702 0.2401 -0.0335
vn -0.9622 0.2142 -0.1683
vn -0.6130 0.2322 0.7552
vn -0.5717 0.1049 0.8137
vn -0.4250 0.1043 0.8992
vn 0.7979 0.2236 -0.5597
vn 0.8625 0.2094 -0.4607
vn 0.0828 0.2426 -0.9666
vn 0.7020 0.1028 0.7047
vn 0.5717 0.1051 0.8137
vn 0.5624 -0.1161 0.8187
vn 0.7599 -0.1101 0.6406
vn -0.0000 0.1120 -0.9937
vn 0.0990 0.1104 -0.9889
vn 0.1777 -0.1150 -0.9773
vn -0.0000 -0.1195 -0.9928
vn -0.9501 0.0959 -0.2967
vn -0.9472 0.0982 -0.3053
vn -0.9494 -0.1096 -0.2945
vn -0.9700 -0.1060 -0.2186
vn 0.4259 0.1045 0.8987
vn 0.3257 -0.1117 0.9389
vn 0.9442 0.0949 -0.3153
vn 0.9473 0.0978 -0.3051
vn 0.9494 -0.1096 -0.2945
vn 0.9234 -0.1042 -0.3693
vn -0.9448 0.0954 -0.3134
vn -0.9234 -0.1042 -0.3693
vn -0.5624 -0.1161 0.8187
vn -0.3257 -0.1117 0.9389
vn 0.9508 0.0956 -0.2945
vn 0.9700 -0.1060 -0.2186
vn -0.0990 0.1104 -0.9889
vn -0.1777 -0.1150 -0.9773
vn -0.7026 0.1026 0.7041
vn -0.7599 -0.1101 0.6406
vn 0.1664 -0.3673 -0.9151
vn -0.0000 -0.3823 -0.9240
vn -0.8925 -0.3560 -0.2769
vn -0.9169 -0.3414 -0.2066
vn 0.3058 -0.3593 0.8817
vn 0.5256 -0.3723 0.7649
vn 0.8925 -0.3560 -0.2769
vn 0.8748 -0.3352 -0.3499
vn -0.8748 -0.3352 -0.3499
vn -0.5256 -0.3723 0.7649
vn -0.3058 -0.3593 0.8817
vn 0.9169 -0.3414 -0.2066
vn -0.1664 -0.3673 -0.9151
vn -0.7151 -0.3537 0.6029
vn 0.7151 -0.3537 0.6029
vn -0.7213 -0.6554 -0.2239
vn -0.7620 -0.6244 -0.1717
vn -0.0000 -0.6729 0.7397
vn 0.4210 -0.6692 0.6123
vn 0.7213 -0.6554 -0.2239
vn 0.7329 -0.6140 -0.2931
vn -0.7329 -0.6140 -0.2931
vn -0.4210 -0.6692 0.6123
vn 0.7620 -0.6244 -0.1717
vn -0.0000 -0.6813 -0.7320
vn -0.1349 -0.6567 -0.7420
vn -0.5860 -0.6424 0.4940
vn 0.5860 -0.6424 0.4940
vn 0.1349 -0.6567 -0.7420
vn -0.0000 -0.8737 0.4864
vn 0.5683 -0.8018 -0.1846
vn -0.5683 -0.8018 -0.1846
vn -0.0000 -0.8282 -0.5605
vt 0.000000 0.000000
s 1
f 275/305/256 276/305/257 325/305/258
f 272/305/259 273/305/260 323/305/261
f 279/305/262 270/305/263 322/305/264
f 276/305/265 277/305/266 324/305/267
f 273/305/260 274/305/268 323/305/261
f 270/305/269 271/305/270 321/305/271
f 277/305/272 278/305/273 324/305/267
f 274/305/274 325/305/258 285/305/275 284/305/276
f 271/305/277 272/305/278 321/305/271
f 278/305/279 279/305/262 322/305/264
f 282/305/280 283/305/281 293/305/282 292/305/283
f 289/305/284 280/305/285 290/305/286 299/305/287
f 286/305/288 287/305/289 297/305/290 296/305/291
f 283/305/281 284/305/292 294/305/293 293/305/282
f 280/305/294 281/305/295 291/305/296 290/305/297
f 287/305/289 288/305/298 298/305/299 297/305/290
f 284/305/276 285/305/275 295/305/300 294/305/301
f 281/305/295 282/305/302 292/305/303 291/305/296
f 288/305/304 289/305/284 299/305/287 298/305/305
f 285/305/275 286/305/306 296/305/307 295/305/300
f 299/305/287 290/305/286 300/305/308 309/305/309
f 296/305/291 297/305/290 307/305/310 306/305/311
f 293/305/282 294/305/293 304/305/312 303/305/313
f 290/305/297 291/305/296 301/305/314 300/305/315
f 297/305/290 298/305/299 308/305/316 307/305/310
f 294/305/301 295/305/300 305/305/317 304/305/318
f 291/305/296 292/305/303 302/305/319 301/305/314
f 298/305/305 299/305/287 309/305/309 308/305/320
f 295/305/300 296/305/307 306/305/321 305/305/317
f 292/305/283 293/305/282 303/305/313 302/305/322
f 306/305/311 307/305/310 317/305/323 316/305/324
f 303/305/313 304/305/312 314/305/325 313/305/326
f 300/305/315 301/305/314 311/305/327 310/305/328
f 307/305/310 308/305/316 318/305/329 317/305/323
f 304/305/318 305/305/317 315/305/330 314/305/325
f 301/305/314 302/305/319 312/305/331 311/305/327
f 308/305/320 309/305/309 319/305/332 318/305/333
f 305/305/317 306/305/321 316/305/334 315/305/330
f 302/305/322 303/305/313 313/305/326 312/305/335
f 309/305/309 300/305/308 310/305/336 319/305/332
f 313/305/326 314/305/325 320/305/337
f 310/305/328 311/305/327 320/305/338
f 317/305/323 318/305/329 320/305/339
f 314/305/325 315/305/330 320/305/337
f 311/305/327 312/305/331 320/305/338
f 318/305/333 319/305/332 320/305/340
f 315/305/330 316/305/334 320/305/337
f 312/305/335 313/305/326 320/305/337
f 319/305/332 310/305/336 320/305/340
f 316/305/324 317/305/323 320/305/339
f 324/305/267 278/305/273 288/305/298 287/305/289
f 325/305/258 274/305/274 275/305/256
f 321/305/271 272/305/278 282/305/302 281/305/295
f 322/305/264 289/305/284 288/305/304 278/305/279
f 325/305/258 276/305/257 286/305/306 285/305/275
f 323/305/261 283/305/281 282/305/280 272/305/259
f 322/305/264 270/305/263 280/305/285 289/305/284
f 324/305/267 287/305/289 286/305/288 276/305/265
f 323/305/261 274/305/268 284/305/292 283/305/281
f 321/305/271 281/305/295 280/305/294 270/305/269
o Plane
v 0.030067 0.259098 -0.258703
v 0.030067 0.253484 -0.264317
v 0.031087 0.258823 -0.260107
v 0.032007 0.258026 -0.261373
v 0.032737 0.256784 -0.262378
v 0.033206 0.255219 -0.263023
v 0.033367 0.253484 -0.263245
v 0.033206 0.251749 -0.263023
v 0.032737 0.250184 -0.262378
v 0.032007 0.248942 -0.261373
v 0.031087 0.248137 -0.260107
v 0.031717 0.258823 -0.259240
v 0.033206 0.258026 -0.259723
v 0.034387 0.256784 -0.260107
v 0.035145 0.255219 -0.260353
v 0.035407 0.253484 -0.260438
v 0.035145 0.251749 -0.260353
v 0.034387 0.250184 -0.260107
v 0.033206 0.248942 -0.259723
v 0.031717 0.248137 -0.259240
v 0.031717 0.258823 -0.258167
v 0.033206 0.258026 -0.257684
v 0.034387 0.256784 -0.257300
v 0.035145 0.255219 -0.257053
v 0.035407 0.253484 -0.256969
v 0.035145 0.251749 -0.257053
v 0.034387 0.250184 -0.257300
v 0.033206 0.248942 -0.257684
v 0.031717 0.248137 -0.258167
v 0.031087 0.258823 -0.257300
v 0.032007 0.258026 -0.256034
v 0.032737 0.256784 -0.255029
v 0.033206 0.255219 -0.254384
v 0.033367 0.253484 -0.254162
v 0.033206 0.251749 -0.254384
v 0.032737 0.250184 -0.255029
v 0.032007 0.248942 -0.256034
v 0.031087 0.248137 -0.257300
v 0.030067 0.258823 -0.256969
v 0.030067 0.258026 -0.255404
v 0.030067 0.256784 -0.254162
v 0.030067 0.255219 -0.253364
v 0.030067 0.253484 -0.253089
v 0.030067 0.251749 -0.253364
v 0.030067 0.250184 -0.254162
v 0.030067 0.248942 -0.255404
v 0.030067 0.248137 -0.256969
v 0.029048 0.258823 -0.257300
v 0.028128 0.258026 -0.256034
v 0.027398 0.256784 -0.255029
v 0.026929 0.255219 -0.254384
v 0.026768 0.253484 -0.254162
v 0.026929 0.251749 -0.254384
v 0.027398 0.250184 -0.255029
v 0.028128 0.248942 -0.256034
v 0.029048 0.248137 -0.257300
v 0.028418 0.258823 -0.258167
v 0.026929 0.258026 -0.257684
v 0.025748 0.256784 -0.257300
v 0.024990 0.255219 -0.257053
v 0.024728 0.253484 -0.256969
v 0.024990 0.251749 -0.257053
v 0.025748 0.250184 -0.257300
v 0.026929 0.248942 -0.257684
v 0.028418 0.248137 -0.258167
v 0.028418 0.258823 -0.259240
v 0.026929 0.258026 -0.259723
v 0.025748 0.256784 -0.260107
v 0.024990 0.255219 -0.260353
v 0.024728 0.253484 -0.260438
v 0.024990 0.251749 -0.260353
v 0.025748 0.250184 -0.260107
v 0.026929 0.248942 -0.259723
v 0.028418 0.248137 -0.259240
v 0.029048 0.258823 -0.260107
v 0.028128 0.258026 -0.261373
v 0.027398 0.256784 -0.262378
v 0.026929 0.255219 -0.263023
v 0.026768 0.253484 -0.263245
v 0.026929 0.251749 -0.263023
v 0.027398 0.250184 -0.262378
v 0.028128 0.248942 -0.261373
v 0.029048 0.248137 -0.260107
v 0.030067 0.258823 -0.260438
v 0.030067 0.258026 -0.262003
v 0.030067 0.256784 -0.263245
v 0.030067 0.255219 -0.264043
v 0.030067 0.251749 -0.264043
v 0.030067 0.250184 -0.263245
v 0.030067 0.248942 -0.262003
v 0.030067 0.248137 -0.260438
v 0.030067 0.242791 -0.264317
v 0.032007 0.247333 -0.261373
v 0.032737 0.246091 -0.262378
v 0.033206 0.244526 -0.263023
v 0.033367 0.242791 -0.263245
v 0.033206 0.241056 -0.263023
v 0.032737 0.239491 -0.262378
v 0.032007 0.238249 -0.261373
v 0.031087 0.237452 -0.260107
v 0.033206 0.247333 -0.259723
v 0.034387 0.246091 -0.260107
v 0.035145 0.244526 -0.260353
v 0.035407 0.242791 -0.260438
v 0.035145 0.241056 -0.260353
v 0.034387 0.239491 -0.260107
v 0.033206 0.238249 -0.259723
v 0.031717 0.237452 -0.259240
v 0.033206 0.247333 -0.257684
v 0.034387 0.246091 -0.257300
v 0.035145 0.244526 -0.257053
v 0.035407 0.242791 -0.256969
v 0.035145 0.241056 -0.257053
v 0.034387 0.239491 -0.257300
v 0.033206 0.238249 -0.257684
v 0.031717 0.237452 -0.258167
v 0.032007 0.247333 -0.256034
v 0.032737 0.246091 -0.255029
v 0.033206 0.244526 -0.254384
v 0.033367 0.242791 -0.254162
v 0.033206 0.241056 -0.254384
v 0.032737 0.239491 -0.255029
v 0.032007 0.238249 -0.256034
v 0.031087 0.237452 -0.257300
v 0.030067 0.247333 -0.255404
v 0.030067 0.246091 -0.254162
v 0.030067 0.244526 -0.253364
v 0.030067 0.242791 -0.253089
v 0.030067 0.241056 -0.253364
v 0.030067 0.239491 -0.254162
v 0.030067 0.238249 -0.255404
v 0.030067 0.237452 -0.256969
v 0.028128 0.247333 -0.256034
v 0.027398 0.246091 -0.255029
v 0.026929 0.244526 -0.254384
v 0.026768 0.242791 -0.254162
v 0.026929 0.241056 -0.254384
v 0.027398 0.239491 -0.255029
v 0.028128 0.238249 -0.256034
v 0.029048 0.237452 -0.257300
v 0.026929 0.247333 -0.257684
v 0.025748 0.246091 -0.257300
v 0.024990 0.244526 -0.257053
v 0.024728 0.242791 -0.256969
v 0.024990 0.241056 -0.257053
v 0.025748 0.239491 -0.257300
v 0.026929 0.238249 -0.257684
v 0.028418 0.237452 -0.258167
v 0.026929 0.247333 -0.259723
v 0.025748 0.246091 -0.260107
v 0.024990 0.244526 -0.260353
v 0.024728 0.242791 -0.260438
v 0.024990 0.241056 -0.260353
v 0.025748 0.239491 -0.260107
v 0.026929 0.238249 -0.259723
v 0.028418 0.237452 -0.259240
v 0.028128 0.247333 -0.261373
v 0.027398 0.246091 -0.262378
v 0.026929 0.244526 -0.263023
v 0.026768 0.242791 -0.263245
v 0.026929 0.241056 -0.263023
v 0.027398 0.239491 -0.262378
v 0.028128 0.238249 -0.261373
v 0.029048 0.237452 -0.260107
v 0.030067 0.247333 -0.262003
v 0.030067 0.246091 -0.263245
v 0.030067 0.244526 -0.264043
v 0.030067 0.241056 -0.264043
v 0.030067 0.239491 -0.263245
v 0.030067 0.238249 -0.262003
v 0.030067 0.237452 -0.260438
v 0.032468 0.233196 -0.262008
v 0.031893 0.235899 -0.259297
v 0.033952 0.233196 -0.257441
v 0.031196 0.235899 -0.257151
v 0.030067 0.233196 -0.254619
v 0.028939 0.235899 -0.257151
v 0.026183 0.233196 -0.257441
v 0.028242 0.235899 -0.259297
v 0.027667 0.233196 -0.262008
v 0.030067 0.235899 -0.260623
vn -0.0000 1.0000 -0.0000
vn -0.0000 -0.0000 -1.0000
vn 0.1979 0.9416 -0.2724
vn 0.3570 0.7944 -0.4914
vn 0.4815 0.5735 -0.6627
vn 0.5607 0.3003 -0.7717
vn 0.5878 -0.0000 -0.8090
vn 0.5607 -0.3003 -0.7717
vn 0.4815 -0.5735 -0.6627
vn 0.3577 -0.7935 -0.4924
vn 0.3202 0.9416 -0.1041
vn 0.5777 0.7944 -0.1877
vn 0.7791 0.5735 -0.2531
vn 0.9072 0.3003 -0.2948
vn 0.9511 -0.0000 -0.3090
vn 0.9072 -0.3003 -0.2948
vn 0.7791 -0.5735 -0.2531
vn 0.5788 -0.7935 -0.1881
vn 0.3202 0.9416 0.1041
vn 0.5777 0.7944 0.1877
vn 0.7791 0.5735 0.2531
vn 0.9072 0.3003 0.2948
vn 0.9511 -0.0000 0.3090
vn 0.9072 -0.3003 0.2948
vn 0.7791 -0.5735 0.2531
vn 0.5788 -0.7935 0.1881
vn 0.1979 0.9416 0.2724
vn 0.3570 0.7944 0.4914
vn 0.4815 0.5735 0.6627
vn 0.5607 0.3003 0.7717
vn 0.5878 -0.0000 0.8090
vn 0.5607 -0.3003 0.7717
vn 0.4815 -0.5735 0.6627
vn 0.3577 -0.7935 0.4924
vn -0.0000 0.9416 0.3367
vn -0.0000 0.7944 0.6074
vn -0.0000 0.5735 0.8192
vn -0.0000 0.3003 0.9538
vn -0.0000 -0.0000 1.0000
vn -0.0000 -0.3003 0.9538
vn -0.0000 -0.5735 0.8192
vn -0.0000 -0.7935 0.6086
vn -0.1979 0.9416 0.2724
vn -0.3570 0.7944 0.4914
vn -0.4815 0.5735 0.6627
vn -0.5607 0.3003 0.7717
vn -0.5878 -0.0000 0.8090
vn -0.5607 -0.3003 0.7717
vn -0.4815 -0.5735 0.6627
vn -0.3577 -0.7935 0.4924
vn -0.3202 0.9416 0.1041
vn -0.5777 0.7944 0.1877
vn -0.7791 0.5735 0.2531
vn -0.9072 0.3003 0.2948
vn -0.9511 -0.0000 0.3090
vn -0.9072 -0.3003 0.2948
vn -0.7791 -0.5735 0.2531
vn -0.5788 -0.7935 0.1881
vn -0.3202 0.9416 -0.1041
vn -0.5777 0.7944 -0.1877
vn -0.7791 0.5735 -0.2531
vn -0.9072 0.3003 -0.2948
vn -0.9511 -0.0000 -0.3090
vn -0.9072 -0.3003 -0.2948
vn -0.7791 -0.5735 -0.2531
vn -0.5788 -0.7935 -0.1881
vn -0.1979 0.9416 -0.2724
vn -0.3570 0.7944 -0.4914
vn -0.4815 0.5735 -0.6627
vn -0.5607 0.3003 -0.7717
vn -0.5878 -0.0000 -0.8090
vn -0.5607 -0.3003 -0.7717
vn -0.4815 -0.5735 -0.6627
vn -0.3577 -0.7935 -0.4924
vn -0.0000 0.9416 -0.3367
vn -0.0000 0.7944 -0.6074
vn -0.0000 0.5735 -0.8192
vn -0.0000 0.3003 -0.9538
vn -0.0000 -0.3003 -0.9538
vn -0.0000 -0.5735 -0.8192
vn -0.0000 -0.7935 -0.6086
vn 0.3577 0.7935 -0.4924
vn 0.3570 -0.7944 -0.4914
vn 0.5523 -0.3423 -0.7601
vn 0.5788 0.7935 -0.1881
vn 0.5777 -0.7944 -0.1877
vn 0.8733 -0.3959 -0.2838
vn 0.5788 0.7935 0.1881
vn 0.5777 -0.7944 0.1877
vn 0.8936 -0.3423 0.2903
vn 0.3577 0.7935 0.4924
vn 0.3570 -0.7944 0.4914
vn 0.5398 -0.3959 0.7429
vn -0.0000 0.7935 0.6086
vn -0.0000 -0.7944 0.6074
vn -0.0000 -0.3423 0.9396
vn -0.3577 0.7935 0.4924
vn -0.3570 -0.7944 0.4914
vn -0.5398 -0.3959 0.7429
vn -0.5788 0.7935 0.1881
vn -0.5777 -0.7944 0.1877
vn -0.8936 -0.3423 0.2903
vn -0.5788 0.7935 -0.1881
vn -0.5777 -0.7944 -0.1877
vn -0.8733 -0.3959 -0.2838
vn -0.3577 0.7935 -0.4924
vn -0.3570 -0.7944 -0.4914
vn -0.5523 -0.3423 -0.7601
vn -0.0000 0.7935 -0.6086
vn -0.0000 -0.7944 -0.6074
vn -0.0000 -0.3959 -0.9183
vn 0.5405 0.3931 -0.7439
vn 0.9444 0.1181 -0.3069
vn 0.8745 0.3931 0.2841
vn 0.5837 0.1181 0.8034
vn -0.0000 0.3931 0.9195
vn -0.5837 0.1181 0.8034
vn -0.8745 0.3931 0.2841
vn -0.9444 0.1181 -0.3069
vn -0.5405 0.3931 -0.7439
vn -0.0000 0.1181 -0.9930
vt 0.700000 0.500000
vt 0.700000 0.600000
vt 0.600000 0.600000
vt 0.600000 0.500000
vt 0.700000 0.800000
vt 0.700000 0.900000
vt 0.600000 0.900000
vt 0.600000 0.800000
vt 0.700000 0.100000
vt 0.700000 0.200000
vt 0.600000 0.200000
vt 0.600000 0.100000
vt 0.700000 0.400000
vt 0.600000 0.400000
vt 0.700000 0.700000
vt 0.600000 0.700000
vt 0.700000 0.300000
vt 0.600000 0.300000
vt 0.650000 1.000000
vt 0.500000 0.900000
vt 0.500000 0.800000
vt 0.500000 0.200000
vt 0.500000 0.100000
vt 0.500000 0.500000
vt 0.500000 0.400000
vt 0.500000 0.700000
vt 0.500000 0.300000
vt 0.500000 0.600000
vt 0.550000 1.000000
vt 0.400000 0.300000
vt 0.400000 0.200000
vt 0.400000 0.600000
vt 0.400000 0.500000
vt 0.400000 0.900000
vt 0.400000 0.800000
vt 0.400000 0.100000
vt 0.400000 0.400000
vt 0.400000 0.700000
vt 0.450000 1.000000
vt 0.300000 0.700000
vt 0.300000 0.600000
vt 0.350000 1.000000
vt 0.300000 0.900000
vt 0.300000 0.300000
vt 0.300000 0.200000
vt 0.300000 0.500000
vt 0.300000 0.800000
vt 0.300000 0.100000
vt 0.300000 0.400000
vt 0.200000 0.400000
vt 0.200000 0.300000
vt 0.200000 0.700000
vt 0.200000 0.600000
vt 0.250000 1.000000
vt 0.200000 0.900000
vt 0.200000 0.200000
vt 0.200000 0.500000
vt 0.200000 0.800000
vt 0.200000 0.100000
vt 0.100000 0.800000
vt 0.100000 0.700000
vt 0.100000 0.400000
vt 0.100000 0.300000
vt 0.100000 0.600000
vt 0.150000 1.000000
vt 0.100000 0.900000
vt 0.100000 0.200000
vt 0.100000 0.500000
vt 0.100000 0.100000
vt 0.000000 0.200000
vt 0.000000 0.100000
vt 0.000000 0.500000
vt 0.000000 0.400000
vt 0.000000 0.800000
vt 0.000000 0.700000
vt 0.000000 0.300000
vt 0.000000 0.600000
vt 0.050000 1.000000
vt 0.000000 0.900000
vt 1.000000 0.500000
vt 1.000000 0.600000
vt 0.900000 0.600000
vt 0.900000 0.500000
vt 1.000000 0.800000
vt 1.000000 0.900000
vt 0.900000 0.900000
vt 0.900000 0.800000
vt 1.000000 0.100000
vt 1.000000 0.200000
vt 0.900000 0.200000
vt 0.900000 0.100000
vt 1.000000 0.400000
vt 0.900000 0.400000
vt 1.000000 0.700000
vt 0.900000 0.700000
vt 1.000000 0.300000
vt 0.900000 0.300000
vt 0.950000 1.000000
vt 0.850000 1.000000
vt 0.800000 0.900000
vt 0.800000 0.300000
vt 0.800000 0.200000
vt 0.800000 0.600000
vt 0.800000 0.500000
vt 0.800000 0.800000
vt 0.800000 0.100000
vt 0.800000 0.400000
vt 0.800000 0.700000
vt 0.750000 1.000000
s 1
f 327/306/342 412/307/418 331/308/346 332/309/347
f 410/310/416 409/311/415 328/312/343 329/313/344
f 416/314/342 415/315/421 335/316/350 336/317/347
f 413/318/419 327/306/342 332/309/347 333/319/348
f 411/320/417 410/310/416 329/313/344 330/321/345
f 414/322/420 413/318/419 333/319/348 334/323/349
f 412/307/418 411/320/417 330/321/345 331/308/346
f 409/311/415 326/324/341 328/312/343
f 415/315/421 414/322/420 334/323/349 335/316/350
f 329/313/344 328/312/343 337/325/351 338/326/352
f 336/317/347 335/316/350 344/327/358 345/328/355
f 333/319/348 332/309/347 341/329/355 342/330/356
f 330/321/345 329/313/344 338/326/352 339/331/353
f 334/323/349 333/319/348 342/330/356 343/332/357
f 331/308/346 330/321/345 339/331/353 340/333/354
f 328/312/343 326/334/341 337/325/351
f 335/316/350 334/323/349 343/332/357 344/327/358
f 332/309/347 331/308/346 340/333/354 341/329/355
f 344/327/358 343/332/357 352/335/365 353/336/366
f 341/329/355 340/333/354 349/337/362 350/338/363
f 338/326/352 337/325/351 346/339/359 347/340/360
f 345/328/355 344/327/358 353/336/366 354/341/363
f 342/330/356 341/329/355 350/338/363 351/342/364
f 339/331/353 338/326/352 347/340/360 348/343/361
f 343/332/357 342/330/356 351/342/364 352/335/365
f 340/333/354 339/331/353 348/343/361 349/337/362
f 337/325/351 326/344/341 346/339/359
f 349/337/362 348/343/361 357/345/369 358/346/370
f 346/339/359 326/347/341 355/348/367
f 353/336/366 352/335/365 361/349/373 362/350/374
f 350/338/363 349/337/362 358/346/370 359/351/371
f 347/340/360 346/339/359 355/348/367 356/352/368
f 354/341/363 353/336/366 362/350/374 363/353/371
f 351/342/364 350/338/363 359/351/371 360/354/372
f 348/343/361 347/340/360 356/352/368 357/345/369
f 352/335/365 351/342/364 360/354/372 361/349/373
f 361/349/373 360/354/372 369/355/380 370/356/381
f 358/346/370 357/345/369 366/357/377 367/358/378
f 355/348/367 326/359/341 364/360/375
f 362/350/374 361/349/373 370/356/381 371/361/382
f 359/351/371 358/346/370 367/358/378 368/362/379
f 356/352/368 355/348/367 364/360/375 365/363/376
f 363/353/371 362/350/374 371/361/382 372/364/379
f 360/354/372 359/351/371 368/362/379 369/355/380
f 357/345/369 356/352/368 365/363/376 366/357/377
f 366/357/377 365/363/376 374/365/384 375/366/385
f 370/356/381 369/355/380 378/367/388 379/368/389
f 367/358/378 366/357/377 375/366/385 376/369/386
f 364/360/375 326/370/341 373/371/383
f 371/361/382 370/356/381 379/368/389 380/372/390
f 368/362/379 367/358/378 376/369/386 377/373/387
f 365/363/376 364/360/375 373/371/383 374/365/384
f 372/364/379 371/361/382 380/372/390 381/374/387
f 369/355/380 368/362/379 377/373/387 378/367/388
f 381/374/387 380/372/390 389/375/398 390/376/395
f 378/367/388 377/373/387 386/377/395 387/378/396
f 375/366/385 374/365/384 383/379/392 384/380/393
f 379/368/389 378/367/388 387/378/396 388/381/397
f 376/369/386 375/366/385 384/380/393 385/382/394
f 373/371/383 326/383/341 382/384/391
f 380/372/390 379/368/389 388/381/397 389/375/398
f 377/373/387 376/369/386 385/382/394 386/377/395
f 374/365/384 373/371/383 382/384/391 383/379/392
f 386/385/395 385/386/394 394/387/402 395/388/403
f 383/389/392 382/390/391 391/391/399 392/392/400
f 390/393/395 389/394/398 398/395/406 399/396/403
f 387/397/396 386/385/395 395/388/403 396/398/404
f 384/399/393 383/389/392 392/392/400 393/400/401
f 388/401/397 387/397/396 396/398/404 397/402/405
f 385/386/394 384/399/393 393/400/401 394/387/402
f 382/390/391 326/403/341 391/391/399
f 389/394/398 388/401/397 397/402/405 398/395/406
f 391/391/399 326/404/341 400/405/407
f 398/395/406 397/402/405 406/406/413 407/407/414
f 395/388/403 394/387/402 403/408/410 404/409/411
f 392/392/400 391/391/399 400/405/407 401/410/408
f 399/396/403 398/395/406 407/407/414 408/411/411
f 396/398/404 395/388/403 404/409/411 405/412/412
f 393/400/401 392/392/400 401/410/408 402/413/409
f 397/402/405 396/398/404 405/412/412 406/406/413
f 394/387/402 393/400/401 402/413/409 403/408/410
f 403/408/410 402/413/409 411/320/417 412/307/418
f 400/405/407 326/414/341 409/311/415
f 407/407/414 406/406/413 414/322/420 415/315/421
f 404/409/411 403/408/410 412/307/418 327/306/342
f 401/410/408 400/405/407 409/311/415 410/310/416
f 408/411/411 407/407/414 415/315/421 416/314/342
f 405/412/412 404/409/411 327/306/342 413/318/419
f 402/413/409 401/410/408 410/310/416 411/320/417
f 406/406/413 405/412/412 413/318/419 414/322/420
f 417/306/342 492/307/418 420/308/346 421/309/347
f 490/310/449 416/311/342 336/312/347 418/313/422
f 496/314/451 495/315/450 424/316/423 425/317/424
f 493/318/419 417/306/342 421/309/347 422/319/348
f 491/320/417 490/310/449 418/313/422 419/321/345
f 494/322/420 493/318/419 422/319/348 423/323/349
f 492/307/418 491/320/417 419/321/345 420/308/346
f 495/315/450 494/322/420 423/323/349 424/316/423
f 418/313/422 336/312/347 345/325/355 426/326/425
f 425/317/424 424/316/423 432/327/426 433/328/427
f 422/319/348 421/309/347 429/329/355 430/330/356
f 419/321/345 418/313/422 426/326/425 427/331/353
f 423/323/349 422/319/348 430/330/356 431/332/357
f 420/308/346 419/321/345 427/331/353 428/333/354
f 424/316/423 423/323/349 431/332/357 432/327/426
f 421/309/347 420/308/346 428/333/354 429/329/355
f 432/327/426 431/332/357 439/335/365 440/336/429
f 429/329/355 428/333/354 436/337/362 437/338/363
f 426/326/425 345/325/355 354/339/363 434/340/428
f 433/328/427 432/327/426 440/336/429 441/341/430
f 430/330/356 429/329/355 437/338/363 438/342/364
f 427/331/353 426/326/425 434/340/428 435/343/361
f 431/332/357 430/330/356 438/342/364 439/335/365
f 428/333/354 427/331/353 435/343/361 436/337/362
f 436/337/362 435/343/361 443/345/369 444/346/370
f 440/336/429 439/335/365 447/349/373 448/350/432
f 437/338/363 436/337/362 444/346/370 445/351/371
f 434/340/428 354/339/363 363/348/371 442/352/431
f 441/341/430 440/336/429 448/350/432 449/353/433
f 438/342/364 437/338/363 445/351/371 446/354/372
f 435/343/361 434/340/428 442/352/431 443/345/369
f 439/335/365 438/342/364 446/354/372 447/349/373
f 447/349/373 446/354/372 454/355/380 455/356/381
f 444/346/370 443/345/369 451/357/377 452/358/378
f 448/350/432 447/349/373 455/356/381 456/361/435
f 445/351/371 444/346/370 452/358/378 453/362/379
f 442/352/431 363/348/371 372/360/379 450/363/434
f 449/353/433 448/350/432 456/361/435 457/364/436
f 446/354/372 445/351/371 453/362/379 454/355/380
f 443/345/369 442/352/431 450/363/434 451/357/377
f 451/357/377 450/363/434 458/365/437 459/366/385
f 455/356/381 454/355/380 462/367/388 463/368/389
f 452/358/378 451/357/377 459/366/385 460/369/386
f 456/361/435 455/356/381 463/368/389 464/372/438
f 453/362/379 452/358/378 460/369/386 461/373/387
f 450/363/434 372/360/379 381/371/387 458/365/437
f 457/364/436 456/361/435 464/372/438 465/374/439
f 454/355/380 453/362/379 461/373/387 462/367/388
f 465/374/439 464/372/438 472/375/441 473/376/442
f 462/367/388 461/373/387 469/377/395 470/378/396
f 459/366/385 458/365/437 466/379/440 467/380/393
f 463/368/389 462/367/388 470/378/396 471/381/397
f 460/369/386 459/366/385 467/380/393 468/382/394
f 464/372/438 463/368/389 471/381/397 472/375/441
f 461/373/387 460/369/386 468/382/394 469/377/395
f 458/365/437 381/371/387 390/384/395 466/379/440
f 469/385/395 468/386/394 476/387/402 477/388/403
f 466/389/440 390/390/395 399/391/403 474/392/443
f 473/393/442 472/394/441 480/395/444 481/396/445
f 470/397/396 469/385/395 477/388/403 478/398/404
f 467/399/393 466/389/440 474/392/443 475/400/401
f 471/401/397 470/397/396 478/398/404 479/402/405
f 468/386/394 467/399/393 475/400/401 476/387/402
f 472/394/441 471/401/397 479/402/405 480/395/444
f 480/395/444 479/402/405 487/406/413 488/407/447
f 477/388/403 476/387/402 484/408/410 485/409/411
f 474/392/443 399/391/403 408/405/411 482/410/446
f 481/396/445 480/395/444 488/407/447 489/411/448
f 478/398/404 477/388/403 485/409/411 486/412/412
f 475/400/401 474/392/443 482/410/446 483/413/409
f 479/402/405 478/398/404 486/412/412 487/406/413
f 476/387/402 475/400/401 483/413/409 484/408/410
f 484/408/410 483/413/409 491/320/417 492/307/418
f 488/407/447 487/406/413 494/322/420 495/315/450
f 485/409/411 484/408/410 492/307/418 417/306/342
f 482/410/446 408/405/411 416/311/342 490/310/449
f 489/411/448 488/407/447 495/315/450 496/314/451
f 486/412/412 485/409/411 417/306/342 493/318/419
f 483/413/409 482/410/446 490/310/449 491/320/417
f 487/406/413 486/412/412 493/318/419 494/322/420
f 481/396/445 505/411/460 504/396/459
f 457/364/436 465/374/439 501/364/456
f 441/341/430 449/353/433 499/341/454
f 449/353/433 457/364/436 501/364/456
f 433/328/427 499/341/454 498/328/453
f 465/374/439 473/376/442 503/376/458
f 473/393/442 481/396/445 503/393/458
f 489/411/448 496/314/451 505/411/460
f 496/314/451 425/317/424 497/317/452
f 425/317/424 433/328/427 497/317/452
f 505/411/460 481/396/445 489/411/448
f 501/364/456 465/374/439 502/374/457
f 499/341/454 449/353/433 500/353/455
f 501/364/456 500/353/455 449/353/433
f 499/341/454 433/328/427 441/341/430
f 503/376/458 502/374/457 465/374/439
f 503/393/458 481/396/445 504/396/459
f 505/411/460 496/314/451 506/314/461
f 497/317/452 506/314/461 496/314/451
f 497/317/452 433/328/427 498/328/453
o NurbsPath.005
v -0.017440 0.305917 -0.200856
v -0.016554 0.306517 -0.200529
v -0.015460 0.306737 -0.200585
v -0.014448 0.306517 -0.201008
v -0.013791 0.305917 -0.201686
v -0.013665 0.305097 -0.202436
v -0.014104 0.304278 -0.203057
v -0.014989 0.303678 -0.203384
v -0.016084 0.303458 -0.203328
v -0.017095 0.303678 -0.202905
v -0.017752 0.304278 -0.202228
v -0.017878 0.305097 -0.201478
v -0.021618 0.323346 -0.222400
v -0.020736 0.323960 -0.222090
v -0.019636 0.324156 -0.222117
v -0.018612 0.323884 -0.222475
v -0.017939 0.323215 -0.223067
v -0.017797 0.322330 -0.223734
v -0.018224 0.321464 -0.224299
v -0.019106 0.320851 -0.224609
v -0.020207 0.320654 -0.224582
v -0.021230 0.320927 -0.224224
v -0.021903 0.321595 -0.223632
v -0.022045 0.322481 -0.222965
v -0.022902 0.330385 -0.233144
v -0.022021 0.331003 -0.232841
v -0.020917 0.331183 -0.232843
v -0.019887 0.330876 -0.233150
v -0.019205 0.330164 -0.233679
v -0.019056 0.329239 -0.234289
v -0.019479 0.328348 -0.234816
v -0.020360 0.327730 -0.235119
v -0.021463 0.327551 -0.235117
v -0.022494 0.327858 -0.234810
v -0.023175 0.328569 -0.234281
v -0.023324 0.329494 -0.233671
v -0.023521 0.334552 -0.239758
v -0.022638 0.335157 -0.239436
v -0.021533 0.335326 -0.239420
v -0.020501 0.335011 -0.239716
v -0.019820 0.334299 -0.240244
v -0.019671 0.333379 -0.240861
v -0.020095 0.332498 -0.241404
v -0.020978 0.331892 -0.241726
v -0.022083 0.331724 -0.241742
v -0.023115 0.332038 -0.241446
v -0.023796 0.332751 -0.240919
v -0.023945 0.333671 -0.240301
v -0.023898 0.337843 -0.244553
v -0.023012 0.338419 -0.244189
v -0.021905 0.338570 -0.244148
v -0.020873 0.338254 -0.244442
v -0.020194 0.337558 -0.244993
v -0.020048 0.336666 -0.245652
v -0.020476 0.335819 -0.246243
v -0.021362 0.335242 -0.246607
v -0.022469 0.335092 -0.246648
v -0.023501 0.335407 -0.246354
v -0.024180 0.336104 -0.245803
v -0.024326 0.336995 -0.245144
v -0.024071 0.340770 -0.248340
v -0.023182 0.341300 -0.247917
v -0.022074 0.341425 -0.247844
v -0.021042 0.341113 -0.248142
v -0.020365 0.340447 -0.248731
v -0.020222 0.339605 -0.249453
v -0.020653 0.338813 -0.250114
v -0.021542 0.338283 -0.250538
v -0.022650 0.338158 -0.250611
v -0.023682 0.338470 -0.250312
v -0.024360 0.339136 -0.249723
v -0.024502 0.339978 -0.249002
v -0.024117 0.343606 -0.251368
v -0.023227 0.344062 -0.250868
v -0.022118 0.344158 -0.250765
v -0.021087 0.343868 -0.251086
v -0.020410 0.343270 -0.251745
v -0.020270 0.342524 -0.252566
v -0.020702 0.341830 -0.253329
v -0.021593 0.341374 -0.253829
v -0.022702 0.341278 -0.253932
v -0.023733 0.341568 -0.253611
v -0.024409 0.342167 -0.252952
v -0.024550 0.342912 -0.252131
v -0.024086 0.346585 -0.253674
v -0.023197 0.346918 -0.253082
v -0.022089 0.346969 -0.252945
v -0.021057 0.346724 -0.253300
v -0.020379 0.346248 -0.254050
v -0.020235 0.345669 -0.254996
v -0.020665 0.345143 -0.255884
v -0.021554 0.344809 -0.256475
v -0.022662 0.344759 -0.256612
v -0.023694 0.345004 -0.256258
v -0.024372 0.345480 -0.255507
v -0.024516 0.346058 -0.254561
v -0.023931 0.350042 -0.255275
v -0.023051 0.350205 -0.254605
v -0.021946 0.350186 -0.254436
v -0.020912 0.349991 -0.254813
v -0.020225 0.349670 -0.255636
v -0.020071 0.349311 -0.256683
v -0.020490 0.349009 -0.257675
v -0.021370 0.348846 -0.258345
v -0.022475 0.348865 -0.258514
v -0.023510 0.349060 -0.258137
v -0.024196 0.349381 -0.257314
v -0.024350 0.349740 -0.256266
v -0.023551 0.354301 -0.256173
v -0.022686 0.354302 -0.255466
v -0.021587 0.354207 -0.255279
v -0.020550 0.354042 -0.255663
v -0.019853 0.353850 -0.256516
v -0.019682 0.353683 -0.257608
v -0.020082 0.353587 -0.258647
v -0.020948 0.353586 -0.259355
v -0.022046 0.353681 -0.259542
v -0.023083 0.353846 -0.259158
v -0.023780 0.354038 -0.258305
v -0.023952 0.354205 -0.257213
v -0.022895 0.359359 -0.256475
v -0.022044 0.359251 -0.255759
v -0.020953 0.359093 -0.255567
v -0.019917 0.358928 -0.255951
v -0.019211 0.358799 -0.256809
v -0.019026 0.358741 -0.257910
v -0.019410 0.358769 -0.258959
v -0.020261 0.358877 -0.259676
v -0.021352 0.359035 -0.259868
v -0.022388 0.359200 -0.259484
v -0.023094 0.359329 -0.258626
v -0.023280 0.359387 -0.257525
v -0.021965 0.364848 -0.256448
v -0.021127 0.364664 -0.255731
v -0.020049 0.364437 -0.255538
v -0.019020 0.364226 -0.255922
v -0.018316 0.364089 -0.256780
v -0.018125 0.364062 -0.257881
v -0.018499 0.364153 -0.258931
v -0.019336 0.364337 -0.259649
v -0.020414 0.364564 -0.259841
v -0.021443 0.364775 -0.259457
v -0.022147 0.364912 -0.258600
v -0.022338 0.364938 -0.257498
v -0.020606 0.370268 -0.256347
v -0.019800 0.369969 -0.255631
v -0.018763 0.369597 -0.255441
v -0.017773 0.369251 -0.255827
v -0.017094 0.369024 -0.256686
v -0.016909 0.368977 -0.257787
v -0.017267 0.369121 -0.258837
v -0.018072 0.369420 -0.259552
v -0.019109 0.369792 -0.259743
v -0.020100 0.370138 -0.259357
v -0.020779 0.370365 -0.258498
v -0.020964 0.370413 -0.257396
v -0.018334 0.375050 -0.256279
v -0.017641 0.374539 -0.255567
v -0.016750 0.373889 -0.255380
v -0.015900 0.373277 -0.255770
v -0.015318 0.372865 -0.256632
v -0.015161 0.372764 -0.257734
v -0.015470 0.373001 -0.258782
v -0.016163 0.373513 -0.259494
v -0.017054 0.374163 -0.259681
v -0.017904 0.374775 -0.259291
v -0.018486 0.375187 -0.258429
v -0.018643 0.375288 -0.257327
v -0.014656 0.378497 -0.256246
v -0.014204 0.377761 -0.255536
v -0.013624 0.376823 -0.255352
v -0.013072 0.375934 -0.255745
v -0.012695 0.375332 -0.256609
v -0.012594 0.375179 -0.257712
v -0.012797 0.375516 -0.258759
v -0.013249 0.376251 -0.259469
v -0.013829 0.377190 -0.259652
v -0.014381 0.378079 -0.259259
v -0.014759 0.378680 -0.258396
v -0.014859 0.378834 -0.257293
v -0.009793 0.380327 -0.256234
v -0.009585 0.379488 -0.255524
v -0.009319 0.378418 -0.255342
v -0.009066 0.377402 -0.255736
v -0.008894 0.376714 -0.256600
v -0.008848 0.376538 -0.257703
v -0.008942 0.376920 -0.258750
v -0.009149 0.377759 -0.259459
v -0.009415 0.378830 -0.259641
v -0.009668 0.379845 -0.259247
v -0.009841 0.380533 -0.258383
v -0.009886 0.380710 -0.257280
v -0.004320 0.381064 -0.256231
v -0.004250 0.380203 -0.255521
v -0.004160 0.379103 -0.255339
v -0.004075 0.378060 -0.255733
v -0.004017 0.377353 -0.256598
v -0.004002 0.377172 -0.257701
v -0.004033 0.377564 -0.258747
v -0.004104 0.378426 -0.259456
v -0.004193 0.379525 -0.259638
v -0.004279 0.380568 -0.259245
v -0.004337 0.381275 -0.258380
v -0.004352 0.381457 -0.257277
v 0.001303 0.381239 -0.256230
v 0.001296 0.380375 -0.255521
v 0.001288 0.379271 -0.255339
v 0.001279 0.378225 -0.255733
v 0.001274 0.377516 -0.256597
v 0.001272 0.377334 -0.257700
v 0.001275 0.377728 -0.258747
v 0.001282 0.378592 -0.259456
v 0.001291 0.379695 -0.259638
v 0.001299 0.380742 -0.259244
v 0.001304 0.381451 -0.258380
v 0.001306 0.381633 -0.257277
v 0.006574 0.380992 -0.256231
v 0.006487 0.380132 -0.255522
v 0.006373 0.379035 -0.255340
v 0.006265 0.377994 -0.255733
v 0.006191 0.377289 -0.256598
v 0.006170 0.377108 -0.257701
v 0.006209 0.377500 -0.258747
v 0.006296 0.378360 -0.259457
v 0.006409 0.379457 -0.259639
v 0.006518 0.380498 -0.259245
v 0.006592 0.381203 -0.258381
v 0.006613 0.381384 -0.257278
v 0.011055 0.380268 -0.256248
v 0.010858 0.379427 -0.255537
v 0.010597 0.378355 -0.255354
v 0.010343 0.377340 -0.255747
v 0.010163 0.376652 -0.256611
v 0.010106 0.376478 -0.257713
v 0.010188 0.376862 -0.258760
v 0.010385 0.377703 -0.259470
v 0.010646 0.378775 -0.259654
v 0.010900 0.379790 -0.259261
v 0.011080 0.380477 -0.258397
v 0.011136 0.380652 -0.257294
v 0.014686 0.379053 -0.256330
v 0.014358 0.378257 -0.255616
v 0.013911 0.377250 -0.255427
v 0.013464 0.376301 -0.255815
v 0.013138 0.375664 -0.256674
v 0.013019 0.375511 -0.257775
v 0.013140 0.375882 -0.258823
v 0.013468 0.376678 -0.259537
v 0.013915 0.377685 -0.259726
v 0.014362 0.378634 -0.259338
v 0.014689 0.379270 -0.258479
v 0.014807 0.379424 -0.257378
v 0.017826 0.377203 -0.256547
v 0.017322 0.376517 -0.255821
v 0.016632 0.375662 -0.255617
v 0.015939 0.374866 -0.255989
v 0.015431 0.374344 -0.256836
v 0.015243 0.374234 -0.257933
v 0.015425 0.374566 -0.258985
v 0.015929 0.375252 -0.259710
v 0.016619 0.376107 -0.259914
v 0.017311 0.376903 -0.259543
v 0.017820 0.377426 -0.258695
v 0.018008 0.377536 -0.257598
v 0.020822 0.373762 -0.256881
v 0.020144 0.373273 -0.256139
v 0.019230 0.372669 -0.255913
v 0.018327 0.372111 -0.256264
v 0.017675 0.371750 -0.257098
v 0.017450 0.371682 -0.258191
v 0.017712 0.371925 -0.259251
v 0.018390 0.372414 -0.259993
v 0.019304 0.373018 -0.260219
v 0.020207 0.373576 -0.259868
v 0.020859 0.373937 -0.259034
v 0.021084 0.374005 -0.257941
v 0.024064 0.366715 -0.257210
v 0.023292 0.366414 -0.256459
v 0.022266 0.366038 -0.256222
v 0.021261 0.365687 -0.256562
v 0.020545 0.365455 -0.257390
v 0.020311 0.365405 -0.258482
v 0.020622 0.365549 -0.259546
v 0.021393 0.365850 -0.260298
v 0.022419 0.366226 -0.260535
v 0.023425 0.366577 -0.260194
v 0.024140 0.366808 -0.259367
v 0.024374 0.366859 -0.258275
v 0.027698 0.353095 -0.257428
v 0.026890 0.352926 -0.256674
v 0.025820 0.352709 -0.256433
v 0.024774 0.352504 -0.256771
v 0.024033 0.352363 -0.257597
v 0.023795 0.352327 -0.258688
v 0.024124 0.352403 -0.259754
v 0.024932 0.352572 -0.260508
v 0.026003 0.352788 -0.260749
v 0.027048 0.352994 -0.260411
v 0.027789 0.353134 -0.259585
v 0.028027 0.353171 -0.258493
v 0.030869 0.329639 -0.257519
v 0.030047 0.329566 -0.256764
v 0.028959 0.329471 -0.256523
v 0.027897 0.329379 -0.256860
v 0.027145 0.329316 -0.257685
v 0.026905 0.329298 -0.258777
v 0.027240 0.329329 -0.259843
v 0.028062 0.329402 -0.260598
v 0.029150 0.329497 -0.260839
v 0.030212 0.329589 -0.260502
v 0.030964 0.329652 -0.259677
v 0.031204 0.329671 -0.258585
v 0.032219 0.295161 -0.257540
v 0.031394 0.295148 -0.256785
v 0.030302 0.295132 -0.256544
v 0.029236 0.295116 -0.256881
v 0.028482 0.295104 -0.257706
v 0.028240 0.295101 -0.258798
v 0.028577 0.295107 -0.259864
v 0.029402 0.295119 -0.260619
v 0.030494 0.295136 -0.260860
v 0.031560 0.295152 -0.260523
v 0.032315 0.295163 -0.259698
v 0.032556 0.295166 -0.258606
v 0.031888 0.257703 -0.257541
v 0.031063 0.257718 -0.256787
v 0.029972 0.257736 -0.256546
v 0.028906 0.257755 -0.256883
v 0.028151 0.257768 -0.257708
v 0.027910 0.257772 -0.258799
v 0.028247 0.257766 -0.259865
v 0.029072 0.257752 -0.260620
v 0.030163 0.257733 -0.260861
v 0.031229 0.257715 -0.260524
v 0.031984 0.257702 -0.259699
v 0.032225 0.257698 -0.258608
vn -0.7764 0.4078 0.4805
vn -0.3701 0.6858 0.6266
vn 0.1339 0.7830 0.6075
vn 0.6039 0.6729 0.4273
vn 0.9144 0.3826 0.1322
vn 0.9798 -0.0115 -0.1994
vn 0.7804 -0.4034 -0.4778
vn 0.3693 -0.6861 -0.6268
vn -0.1420 -0.7828 -0.6058
vn -0.6143 -0.6675 -0.4209
vn -0.9199 -0.3724 -0.1229
vn -0.9781 0.0213 0.2069
vn -0.7833 0.4382 0.4410
vn -0.3778 0.7193 0.5830
vn 0.1274 0.8108 0.5713
vn 0.5998 0.6880 0.4084
vn 0.9142 0.3816 0.1363
vn 0.9844 -0.0287 -0.1736
vn 0.7881 -0.4328 -0.4377
vn 0.3765 -0.7199 -0.5830
vn -0.1376 -0.8105 -0.5693
vn -0.6128 -0.6808 -0.4011
vn -0.9211 -0.3684 -0.1256
vn -0.9824 0.0409 0.1823
vn -0.7922 0.4716 0.3873
vn -0.3854 0.7572 0.5275
vn 0.1245 0.8408 0.5269
vn 0.6016 0.6997 0.3854
vn 0.9180 0.3708 0.1404
vn 0.9881 -0.0581 -0.1424
vn 0.7924 -0.4715 -0.3871
vn 0.3835 -0.7580 -0.5275
vn -0.1281 -0.8406 -0.5262
vn -0.6051 -0.6976 -0.3837
vn -0.9196 -0.3677 -0.1384
vn -0.9878 0.0601 0.1438
vn -0.7950 0.4731 0.3797
vn -0.3864 0.7550 0.5299
vn 0.1267 0.8338 0.5374
vn 0.6058 0.6877 0.4000
vn 0.9214 0.3564 0.1549
vn 0.9888 -0.0704 -0.1316
vn 0.7910 -0.4776 -0.3824
vn 0.3821 -0.7566 -0.5306
vn -0.1282 -0.8336 -0.5373
vn -0.6042 -0.6886 -0.4009
vn -0.9195 -0.3602 -0.1577
vn -0.9897 0.0648 0.1280
vn -0.7953 0.4652 0.3888
vn -0.3856 0.7341 0.5590
vn 0.1289 0.8053 0.5787
vn 0.6089 0.6588 0.4419
vn 0.9241 0.3341 0.1856
vn 0.9895 -0.0802 -0.1204
vn 0.7890 -0.4719 -0.3934
vn 0.3783 -0.7366 -0.5607
vn -0.1323 -0.8048 -0.5786
vn -0.6074 -0.6595 -0.4429
vn -0.9215 -0.3390 -0.1896
vn -0.9908 0.0723 0.1146
vn -0.7957 0.4487 0.4068
vn -0.3842 0.6971 0.6053
vn 0.1325 0.7569 0.6400
vn 0.6134 0.6108 0.5007
vn 0.9272 0.2990 0.2257
vn 0.9897 -0.0925 -0.1097
vn 0.7866 -0.4575 -0.4146
vn 0.3752 -0.6994 -0.6083
vn -0.1345 -0.7559 -0.6407
vn -0.6084 -0.6130 -0.5040
vn -0.9223 -0.3078 -0.2338
vn -0.9918 0.0804 0.0994
vn -0.7975 0.4053 0.4469
vn -0.3844 0.6213 0.6828
vn 0.1353 0.6676 0.7322
vn 0.6177 0.5303 0.5808
vn 0.9299 0.2485 0.2712
vn 0.9890 -0.0986 -0.1105
vn 0.7836 -0.4168 -0.4607
vn 0.3724 -0.6231 -0.6877
vn -0.1350 -0.6657 -0.7339
vn -0.6070 -0.5344 -0.5882
vn -0.9212 -0.2623 -0.2875
vn -0.9926 0.0811 0.0909
vn -0.8019 0.3272 0.4999
vn -0.3897 0.4868 0.7817
vn 0.1327 0.5125 0.8484
vn 0.6181 0.3955 0.6793
vn 0.9306 0.1701 0.3240
vn 0.9882 -0.0995 -0.1164
vn 0.7821 -0.3399 -0.5223
vn 0.3722 -0.4893 -0.7887
vn -0.1330 -0.5110 -0.8492
vn -0.6036 -0.4004 -0.6895
vn -0.9184 -0.1851 -0.3496
vn -0.9931 0.0805 0.0847
vn -0.8068 0.2350 0.5420
vn -0.3995 0.3132 0.8615
vn 0.1209 0.3053 0.9445
vn 0.6083 0.2127 0.7647
vn 0.9252 0.0617 0.3744
vn 0.9879 -0.1052 -0.1143
vn 0.7863 -0.2429 -0.5681
vn 0.3797 -0.3159 -0.8695
vn -0.1240 -0.3065 -0.9438
vn -0.5954 -0.2176 -0.7734
vn -0.9131 -0.0718 -0.4013
vn -0.9925 0.0936 0.0788
vn -0.8098 0.1646 0.5631
vn -0.4096 0.1653 0.8971
vn 0.1039 0.1208 0.9872
vn 0.5895 0.0434 0.8066
vn 0.9130 -0.0456 0.4055
vn 0.9870 -0.1223 -0.1039
vn 0.7958 -0.1664 -0.5822
vn 0.3948 -0.1664 -0.9036
vn -0.1083 -0.1228 -0.9865
vn -0.5827 -0.0468 -0.8113
vn -0.9052 0.0416 -0.4229
vn -0.9897 0.1191 0.0792
vn -0.8102 0.1368 0.5700
vn -0.4171 0.0869 0.9047
vn 0.0894 0.0135 0.9959
vn 0.5723 -0.0635 0.8175
vn 0.9002 -0.1232 0.4176
vn 0.9842 -0.1497 -0.0946
vn 0.8031 -0.1361 -0.5801
vn 0.4078 -0.0863 -0.9090
vn -0.0949 -0.0137 -0.9954
vn -0.5718 0.0626 -0.8180
vn -0.8974 0.1224 -0.4239
vn -0.9852 0.1497 0.0835
vn -0.8048 0.1621 0.5709
vn -0.4201 0.0773 0.9042
vn 0.0785 -0.0283 0.9965
vn 0.5574 -0.1261 0.8206
vn 0.8864 -0.1896 0.4224
vn 0.9752 -0.2019 -0.0903
vn 0.8001 -0.1597 -0.5783
vn 0.4092 -0.0746 -0.9094
vn -0.0906 0.0307 -0.9954
vn -0.5646 0.1279 -0.8154
vn -0.8875 0.1911 -0.4194
vn -0.9752 0.2037 0.0871
vn -0.7773 0.2696 0.5685
vn -0.4124 0.1328 0.9013
vn 0.0655 -0.0396 0.9971
vn 0.5297 -0.2008 0.8241
vn 0.8516 -0.3067 0.4251
vn 0.9400 -0.3287 -0.0913
vn 0.7696 -0.2613 -0.5827
vn 0.3885 -0.1223 -0.9133
vn -0.0953 0.0507 -0.9942
vn -0.5493 0.2103 -0.8087
vn -0.8553 0.3139 -0.4123
vn -0.9378 0.3354 0.0895
vn -0.6688 0.4815 0.5665
vn -0.3607 0.2522 0.8979
vn 0.0454 -0.0448 0.9980
vn 0.4462 -0.3328 0.8308
vn 0.7298 -0.5315 0.4300
vn 0.8081 -0.5810 -0.0969
vn 0.6549 -0.4655 -0.5953
vn 0.3203 -0.2208 -0.9212
vn -0.0950 0.0815 -0.9921
vn -0.4788 0.3593 -0.8010
vn -0.7359 0.5424 -0.4053
vn -0.8046 0.5866 0.0921
vn -0.4369 0.6973 0.5682
vn -0.2351 0.3704 0.8986
vn 0.0297 -0.0568 0.9979
vn 0.2896 -0.4761 0.8303
vn 0.4722 -0.7704 0.4284
vn 0.5218 -0.8471 -0.1004
vn 0.4223 -0.6802 -0.5992
vn 0.2056 -0.3249 -0.9231
vn -0.0643 0.1118 -0.9917
vn -0.3145 0.5125 -0.7990
vn -0.4820 0.7781 -0.4028
vn -0.5263 0.8450 0.0946
vn -0.2011 0.7943 0.5732
vn -0.1057 0.4152 0.9036
vn 0.0176 -0.0779 0.9968
vn 0.1353 -0.5546 0.8210
vn 0.2151 -0.8821 0.4190
vn 0.2360 -0.9667 -0.0994
vn 0.1929 -0.7839 -0.5901
vn 0.0966 -0.3864 -0.9173
vn -0.0270 0.1131 -0.9932
vn -0.1441 0.5774 -0.8036
vn -0.2230 0.8866 -0.4053
vn -0.2437 0.9651 0.0962
vn -0.0674 0.8131 0.5782
vn -0.0348 0.4185 0.9076
vn 0.0070 -0.0896 0.9960
vn 0.0464 -0.5755 0.8165
vn 0.0731 -0.9067 0.4155
vn 0.0800 -0.9919 -0.0987
vn 0.0655 -0.8076 -0.5860
vn 0.0331 -0.4047 -0.9138
vn -0.0085 0.1061 -0.9943
vn -0.0481 0.5864 -0.8086
vn -0.0751 0.9094 -0.4092
vn -0.0821 0.9919 0.0972
vn 0.0064 0.8150 0.5794
vn 0.0033 0.4180 0.9084
vn -0.0007 -0.0918 0.9958
vn -0.0045 -0.5784 0.8157
vn -0.0070 -0.9098 0.4149
vn -0.0077 -0.9951 -0.0987
vn -0.0063 -0.8107 -0.5854
vn -0.0032 -0.4075 -0.9132
vn 0.0008 0.1044 -0.9945
vn 0.0046 0.5868 -0.8097
vn 0.0071 0.9120 -0.4101
vn 0.0078 0.9952 0.0974
vn 0.0854 0.8114 0.5782
vn 0.0451 0.4180 0.9073
vn -0.0073 -0.0884 0.9961
vn -0.0577 -0.5733 0.8173
vn -0.0924 -0.9045 0.4164
vn -0.1019 -0.9899 -0.0987
vn -0.0839 -0.8055 -0.5866
vn -0.0431 -0.4029 -0.9142
vn 0.0093 0.1068 -0.9942
vn 0.0593 0.5857 -0.8083
vn 0.0936 0.9077 -0.4090
vn 0.1031 0.9899 0.0974
vn 0.2025 0.7917 0.5763
vn 0.1123 0.4091 0.9055
vn -0.0080 -0.0841 0.9964
vn -0.1265 -0.5579 0.8202
vn -0.2107 -0.8828 0.4198
vn -0.2373 -0.9666 -0.0970
vn -0.1990 -0.7847 -0.5870
vn -0.1065 -0.3889 -0.9151
vn 0.0146 0.1100 -0.9938
vn 0.1315 0.5763 -0.8066
vn 0.2135 0.8879 -0.4074
vn 0.2393 0.9661 0.0972
vn 0.3613 0.7372 0.5710
vn 0.2119 0.3769 0.9017
vn 0.0060 -0.0858 0.9963
vn -0.2016 -0.5297 0.8239
vn -0.3544 -0.8324 0.4260
vn -0.4105 -0.9074 -0.0904
vn -0.3542 -0.7315 -0.5827
vn -0.2003 -0.3542 -0.9135
vn 0.0087 0.1168 -0.9931
vn 0.2148 0.5517 -0.8059
vn 0.3632 0.8375 -0.4083
vn 0.4163 0.9044 0.0935
vn 0.5602 0.6158 0.5540
vn 0.3345 0.3085 0.8905
vn 0.0199 -0.0826 0.9964
vn -0.3031 -0.4569 0.8363
vn -0.5465 -0.7105 0.4433
vn -0.6385 -0.7656 -0.0786
vn -0.5497 -0.6032 -0.5779
vn -0.3080 -0.2745 -0.9109
vn 0.0147 0.1234 -0.9922
vn 0.3302 0.4836 -0.8106
vn 0.5577 0.7157 -0.4204
vn 0.6412 0.7636 0.0765
vn 0.7254 0.4314 0.5364
vn 0.4217 0.2107 0.8819
vn 0.0034 -0.0677 0.9977
vn -0.4213 -0.3304 0.8446
vn -0.7340 -0.5034 0.4559
vn -0.8421 -0.5358 -0.0622
vn -0.7138 -0.4187 -0.5614
vn -0.3898 -0.1873 -0.9016
vn 0.0356 0.0928 -0.9950
vn 0.4471 0.3464 -0.8247
vn 0.7393 0.5086 -0.4413
vn 0.8403 0.5394 0.0544
vn 0.8014 0.2724 0.5324
vn 0.4510 0.1353 0.8822
vn -0.0224 -0.0387 0.9990
vn -0.4929 -0.2028 0.8461
vn -0.8306 -0.3118 0.4613
vn -0.9407 -0.3355 -0.0506
vn -0.7925 -0.2674 -0.5481
vn -0.4288 -0.1265 -0.8945
vn 0.0483 0.0482 -0.9977
vn 0.5093 0.2093 -0.8348
vn 0.8339 0.3146 -0.4535
vn 0.9402 0.3376 0.0450
vn 0.8305 0.1610 0.5332
vn 0.4615 0.0837 0.8832
vn -0.0323 -0.0163 0.9993
vn -0.5197 -0.1122 0.8469
vn -0.8678 -0.1780 0.4639
vn -0.9796 -0.1954 -0.0465
vn -0.8238 -0.1594 -0.5439
vn -0.4447 -0.0802 -0.8921
vn 0.0526 0.0203 -0.9984
vn 0.5333 0.1150 -0.8380
vn 0.8713 0.1789 -0.4569
vn 0.9797 0.1957 0.0437
vn 0.8422 0.0721 0.5343
vn 0.4656 0.0385 0.8842
vn -0.0364 -0.0054 0.9993
vn -0.5304 -0.0480 0.8464
vn -0.8824 -0.0777 0.4640
vn -0.9952 -0.0863 -0.0451
vn -0.8375 -0.0715 -0.5418
vn -0.4531 -0.0374 -0.8907
vn 0.0519 0.0068 -0.9986
vn 0.5413 0.0490 -0.8394
vn 0.8855 0.0780 -0.4580
vn 0.9953 0.0865 0.0439
vn 0.8441 0.0126 0.5361
vn 0.4642 0.0067 0.8857
vn -0.0405 -0.0009 0.9992
vn -0.5352 -0.0084 0.8447
vn -0.8865 -0.0135 0.4626
vn -0.9989 -0.0151 -0.0446
vn -0.8417 -0.0125 -0.5397
vn -0.4579 -0.0066 -0.8890
vn 0.0483 0.0011 -0.9988
vn 0.5407 0.0085 -0.8412
vn 0.8881 0.0136 -0.4594
vn 0.9989 0.0151 0.0442
vn 0.8434 -0.0075 0.5373
vn 0.4622 -0.0041 0.8868
vn -0.0430 0.0003 0.9991
vn -0.5370 0.0047 0.8436
vn -0.8871 0.0078 0.4616
vn -0.9990 0.0088 -0.0445
vn -0.8426 0.0075 -0.5385
vn -0.4600 0.0041 -0.8879
vn 0.0458 -0.0004 -0.9990
vn 0.5390 -0.0047 -0.8423
vn 0.8876 -0.0078 -0.4605
vn 0.9990 -0.0088 0.0443
vt 0.000000 1.000000
vt 0.037037 1.000000
vt 0.037037 0.916667
vt 0.000000 0.916667
vt 0.000000 0.083333
vt 0.037037 0.083333
vt 0.037037 0.000000
vt 0.000000 0.000000
vt 0.000000 0.166667
vt 0.037037 0.166667
vt 0.000000 0.250000
vt 0.037037 0.250000
vt 0.000000 0.333333
vt 0.037037 0.333333
vt 0.000000 0.416667
vt 0.037037 0.416667
vt 0.000000 0.500000
vt 0.037037 0.500000
vt 0.000000 0.583333
vt 0.037037 0.583333
vt 0.000000 0.666667
vt 0.037037 0.666667
vt 0.000000 0.750000
vt 0.037037 0.750000
vt 0.000000 0.833333
vt 0.037037 0.833333
vt 0.074074 1.000000
vt 0.074074 0.916667
vt 0.074074 0.083333
vt 0.074074 0.000000
vt 0.074074 0.166667
vt 0.074074 0.250000
vt 0.074074 0.333333
vt 0.074074 0.416667
vt 0.074074 0.500000
vt 0.074074 0.583333
vt 0.074074 0.666667
vt 0.074074 0.750000
vt 0.074074 0.833333
vt 0.111111 1.000000
vt 0.111111 0.916667
vt 0.111111 0.083333
vt 0.111111 0.000000
vt 0.111111 0.166667
vt 0.111111 0.250000
vt 0.111111 0.333333
vt 0.111111 0.416667
vt 0.111111 0.500000
vt 0.111111 0.583333
vt 0.111111 0.666667
vt 0.111111 0.750000
vt 0.111111 0.833333
vt 0.148148 1.000000
vt 0.148148 0.916667
vt 0.148148 0.083333
vt 0.148148 0.000000
vt 0.148148 0.166667
vt 0.148148 0.250000
vt 0.148148 0.333333
vt 0.148148 0.416667
vt 0.148148 0.500000
vt 0.148148 0.583333
vt 0.148148 0.666667
vt 0.148148 0.750000
vt 0.148148 0.833333
vt 0.185185 1.000000
vt 0.185185 0.916667
vt 0.185185 0.083333
vt 0.185185 0.000000
vt 0.185185 0.166667
vt 0.185185 0.250000
vt 0.185185 0.333333
vt 0.185185 0.416667
vt 0.185185 0.500000
vt 0.185185 0.583333
vt 0.185185 0.666667
vt 0.185185 0.750000
vt 0.185185 0.833333
vt 0.222222 1.000000
vt 0.222222 0.916667
vt 0.222222 0.083333
vt 0.222222 0.000000
vt 0.222222 0.166667
vt 0.222222 0.250000
vt 0.222222 0.333333
vt 0.222222 0.416667
vt 0.222222 0.500000
vt 0.222222 0.583333
vt 0.222222 0.666667
vt 0.222222 0.750000
vt 0.222222 0.833333
vt 0.259259 1.000000
vt 0.259259 0.916667
vt 0.259259 0.083333
vt 0.259259 0.000000
vt 0.259259 0.166667
vt 0.259259 0.250000
vt 0.259259 0.333333
vt 0.259259 0.416667
vt 0.259259 0.500000
vt 0.259259 0.583333
vt 0.259259 0.666667
vt 0.259259 0.750000
vt 0.259259 0.833333
vt 0.296296 1.000000
vt 0.296296 0.916667
vt 0.296296 0.083333
vt 0.296296 0.000000
vt 0.296296 0.166667
vt 0.296296 0.250000
vt 0.296296 0.333333
vt 0.296296 0.416667
vt 0.296296 0.500000
vt 0.296296 0.583333
vt 0.296296 0.666667
vt 0.296296 0.750000
vt 0.296296 0.833333
vt 0.333333 1.000000
vt 0.333333 0.916667
vt 0.333333 0.083333
vt 0.333333 0.000000
vt 0.333333 0.166667
vt 0.333333 0.250000
vt 0.333333 0.333333
vt 0.333333 0.416667
vt 0.333333 0.500000
vt 0.333333 0.583333
vt 0.333333 0.666667
vt 0.333333 0.750000
vt 0.333333 0.833333
vt 0.370370 1.000000
vt 0.370370 0.916667
vt 0.370370 0.083333
vt 0.370370 0.000000
vt 0.370370 0.166667
vt 0.370370 0.250000
vt 0.370370 0.333333
vt 0.370370 0.416667
vt 0.370370 0.500000
vt 0.370370 0.583333
vt 0.370370 0.666667
vt 0.370370 0.750000
vt 0.370370 0.833333
vt 0.407407 1.000000
vt 0.407407 0.916667
vt 0.407407 0.083333
vt 0.407407 0.000000
vt 0.407407 0.166667
vt 0.407407 0.250000
vt 0.407407 0.333333
vt 0.407407 0.416667
vt 0.407407 0.500000
vt 0.407407 0.583333
vt 0.407407 0.666667
vt 0.407407 0.750000
vt 0.407407 0.833333
vt 0.444444 1.000000
vt 0.444444 0.916667
vt 0.444444 0.083333
vt 0.444444 0.000000
vt 0.444444 0.166667
vt 0.444444 0.250000
vt 0.444444 0.333333
vt 0.444444 0.416667
vt 0.444444 0.500000
vt 0.444444 0.583333
vt 0.444444 0.666667
vt 0.444444 0.750000
vt 0.444444 0.833333
vt 0.481481 1.000000
vt 0.481481 0.916667
vt 0.481481 0.083333
vt 0.481481 0.000000
vt 0.481481 0.166667
vt 0.481481 0.250000
vt 0.481481 0.333333
vt 0.481481 0.416667
vt 0.481481 0.500000
vt 0.481481 0.583333
vt 0.481481 0.666667
vt 0.481481 0.750000
vt 0.481481 0.833333
vt 0.518519 1.000000
vt 0.518519 0.916667
vt 0.518519 0.083333
vt 0.518519 0.000000
vt 0.518519 0.166667
vt 0.518519 0.250000
vt 0.518519 0.333333
vt 0.518519 0.416667
vt 0.518519 0.500000
vt 0.518519 0.583333
vt 0.518519 0.666667
vt 0.518519 0.750000
vt 0.518519 0.833333
vt 0.555556 1.000000
vt 0.555556 0.916667
vt 0.555556 0.083333
vt 0.555556 0.000000
vt 0.555556 0.166667
vt 0.555556 0.250000
vt 0.555556 0.333333
vt 0.555556 0.416667
vt 0.555556 0.500000
vt 0.555556 0.583333
vt 0.555556 0.666667
vt 0.555556 0.750000
vt 0.555556 0.833333
vt 0.592593 1.000000
vt 0.592593 0.916667
vt 0.592593 0.083333
vt 0.592593 0.000000
vt 0.592593 0.166667
vt 0.592593 0.250000
vt 0.592593 0.333333
vt 0.592593 0.416667
vt 0.592593 0.500000
vt 0.592593 0.583333
vt 0.592593 0.666667
vt 0.592593 0.750000
vt 0.592593 0.833333
vt 0.629630 1.000000
vt 0.629630 0.916667
vt 0.629630 0.083333
vt 0.629630 0.000000
vt 0.629630 0.166667
vt 0.629630 0.250000
vt 0.629630 0.333333
vt 0.629630 0.416667
vt 0.629630 0.500000
vt 0.629630 0.583333
vt 0.629630 0.666667
vt 0.629630 0.750000
vt 0.629630 0.833333
vt 0.666667 1.000000
vt 0.666667 0.916667
vt 0.666667 0.083333
vt 0.666667 0.000000
vt 0.666667 0.166667
vt 0.666667 0.250000
vt 0.666667 0.333333
vt 0.666667 0.416667
vt 0.666667 0.500000
vt 0.666667 0.583333
vt 0.666667 0.666667
vt 0.666667 0.750000
vt 0.666667 0.833333
vt 0.703704 1.000000
vt 0.703704 0.916667
vt 0.703704 0.083333
vt 0.703704 0.000000
vt 0.703704 0.166667
vt 0.703704 0.250000
vt 0.703704 0.333333
vt 0.703704 0.416667
vt 0.703704 0.500000
vt 0.703704 0.583333
vt 0.703704 0.666667
vt 0.703704 0.750000
vt 0.703704 0.833333
vt 0.740741 1.000000
vt 0.740741 0.916667
vt 0.740741 0.083333
vt 0.740741 0.000000
vt 0.740741 0.166667
vt 0.740741 0.250000
vt 0.740741 0.333333
vt 0.740741 0.416667
vt 0.740741 0.500000
vt 0.740741 0.583333
vt 0.740741 0.666667
vt 0.740741 0.750000
vt 0.740741 0.833333
vt 0.777778 1.000000
vt 0.777778 0.916667
vt 0.777778 0.083333
vt 0.777778 0.000000
vt 0.777778 0.166667
vt 0.777778 0.250000
vt 0.777778 0.333333
vt 0.777778 0.416667
vt 0.777778 0.500000
vt 0.777778 0.583333
vt 0.777778 0.666667
vt 0.777778 0.750000
vt 0.777778 0.833333
vt 0.814815 1.000000
vt 0.814815 0.916667
vt 0.814815 0.083333
vt 0.814815 0.000000
vt 0.814815 0.166667
vt 0.814815 0.250000
vt 0.814815 0.333333
vt 0.814815 0.416667
vt 0.814815 0.500000
vt 0.814815 0.583333
vt 0.814815 0.666667
vt 0.814815 0.750000
vt 0.814815 0.833333
vt 0.851852 1.000000
vt 0.851852 0.916667
vt 0.851852 0.083333
vt 0.851852 0.000000
vt 0.851852 0.166667
vt 0.851852 0.250000
vt 0.851852 0.333333
vt 0.851852 0.416667
vt 0.851852 0.500000
vt 0.851852 0.583333
vt 0.851852 0.666667
vt 0.851852 0.750000
vt 0.851852 0.833333
vt 0.888889 1.000000
vt 0.888889 0.916667
vt 0.888889 0.083333
vt 0.888889 0.000000
vt 0.888889 0.166667
vt 0.888889 0.250000
vt 0.888889 0.333333
vt 0.888889 0.416667
vt 0.888889 0.500000
vt 0.888889 0.583333
vt 0.888889 0.666667
vt 0.888889 0.750000
vt 0.888889 0.833333
vt 0.925926 1.000000
vt 0.925926 0.916667
vt 0.925926 0.083333
vt 0.925926 0.000000
vt 0.925926 0.166667
vt 0.925926 0.250000
vt 0.925926 0.333333
vt 0.925926 0.416667
vt 0.925926 0.500000
vt 0.925926 0.583333
vt 0.925926 0.666667
vt 0.925926 0.750000
vt 0.925926 0.833333
vt 0.962963 1.000000
vt 0.962963 0.916667
vt 0.962963 0.083333
vt 0.962963 0.000000
vt 0.962963 0.166667
vt 0.962963 0.250000
vt 0.962963 0.333333
vt 0.962963 0.416667
vt 0.962963 0.500000
vt 0.962963 0.583333
vt 0.962963 0.666667
vt 0.962963 0.750000
vt 0.962963 0.833333
vt 1.000000 1.000000
vt 1.000000 0.916667
vt 1.000000 0.083333
vt 1.000000 0.000000
vt 1.000000 0.166667
vt 1.000000 0.250000
vt 1.000000 0.333333
vt 1.000000 0.416667
vt 1.000000 0.500000
vt 1.000000 0.583333
vt 1.000000 0.666667
vt 1.000000 0.750000
vt 1.000000 0.833333
s 1
f 507/415/462 519/416/474 530/417/485 518/418/473
f 508/419/463 520/420/475 519/421/474 507/422/462
f 509/423/464 521/424/476 520/420/475 508/419/463
f 510/425/465 522/426/477 521/424/476 509/423/464
f 511/427/466 523/428/478 522/426/477 510/425/465
f 512/429/467 524/430/479 523/428/478 511/427/466
f 513/431/468 525/432/480 524/430/479 512/429/467
f 514/433/469 526/434/481 525/432/480 513/431/468
f 515/435/470 527/436/482 526/434/481 514/433/469
f 516/437/471 528/438/483 527/436/482 515/435/470
f 517/439/472 529/440/484 528/438/483 516/437/471
f 518/418/473 530/417/485 529/440/484 517/439/472
f 519/416/474 531/441/486 542/442/497 530/417/485
f 520/420/475 532/443/487 531/444/486 519/421/474
f 521/424/476 533/445/488 532/443/487 520/420/475
f 522/426/477 534/446/489 533/445/488 521/424/476
f 523/428/478 535/447/490 534/446/489 522/426/477
f 524/430/479 536/448/491 535/447/490 523/428/478
f 525/432/480 537/449/492 536/448/491 524/430/479
f 526/434/481 538/450/493 537/449/492 525/432/480
f 527/436/482 539/451/494 538/450/493 526/434/481
f 528/438/483 540/452/495 539/451/494 527/436/482
f 529/440/484 541/453/496 540/452/495 528/438/483
f 530/417/485 542/442/497 541/453/496 529/440/484
f 531/441/486 543/454/498 554/455/509 542/442/497
f 532/443/487 544/456/499 543/457/498 531/444/486
f 533/445/488 545/458/500 544/456/499 532/443/487
f 534/446/489 546/459/501 545/458/500 533/445/488
f 535/447/490 547/460/502 546/459/501 534/446/489
f 536/448/491 548/461/503 547/460/502 535/447/490
f 537/449/492 549/462/504 548/461/503 536/448/491
f 538/450/493 550/463/505 549/462/504 537/449/492
f 539/451/494 551/464/506 550/463/505 538/450/493
f 540/452/495 552/465/507 551/464/506 539/451/494
f 541/453/496 553/466/508 552/465/507 540/452/495
f 542/442/497 554/455/509 553/466/508 541/453/496
f 543/454/498 555/467/510 566/468/521 554/455/509
f 544/456/499 556/469/511 555/470/510 543/457/498
f 545/458/500 557/471/512 556/469/511 544/456/499
f 546/459/501 558/472/513 557/471/512 545/458/500
f 547/460/502 559/473/514 558/472/513 546/459/501
f 548/461/503 560/474/515 559/473/514 547/460/502
f 549/462/504 561/475/516 560/474/515 548/461/503
f 550/463/505 562/476/517 561/475/516 549/462/504
f 551/464/506 563/477/518 562/476/517 550/463/505
f 552/465/507 564/478/519 563/477/518 551/464/506
f 553/466/508 565/479/520 564/478/519 552/465/507
f 554/455/509 566/468/521 565/479/520 553/466/508
f 555/467/510 567/480/522 578/481/533 566/468/521
f 556/469/511 568/482/523 567/483/522 555/470/510
f 557/471/512 569/484/524 568/482/523 556/469/511
f 558/472/513 570/485/525 569/484/524 557/471/512
f 559/473/514 571/486/526 570/485/525 558/472/513
f 560/474/515 572/487/527 571/486/526 559/473/514
f 561/475/516 573/488/528 572/487/527 560/474/515
f 562/476/517 574/489/529 573/488/528 561/475/516
f 563/477/518 575/490/530 574/489/529 562/476/517
f 564/478/519 576/491/531 575/490/530 563/477/518
f 565/479/520 577/492/532 576/491/531 564/478/519
f 566/468/521 578/481/533 577/492/532 565/479/520
f 567/480/522 579/493/534 590/494/545 578/481/533
f 568/482/523 580/495/535 579/496/534 567/483/522
f 569/484/524 581/497/536 580/495/535 568/482/523
f 570/485/525 582/498/537 581/497/536 569/484/524
f 571/486/526 583/499/538 582/498/537 570/485/525
f 572/487/527 584/500/539 583/499/538 571/486/526
f 573/488/528 585/501/540 584/500/539 572/487/527
f 574/489/529 586/502/541 585/501/540 573/488/528
f 575/490/530 587/503/542 586/502/541 574/489/529
f 576/491/531 588/504/543 587/503/542 575/490/530
f 577/492/532 589/505/544 588/504/543 576/491/531
f 578/481/533 590/494/545 589/505/544 577/492/532
f 579/493/534 591/506/546 602/507/557 590/494/545
f 580/495/535 592/508/547 591/509/546 579/496/534
f 581/497/536 593/510/548 592/508/547 580/495/535
f 582/498/537 594/511/549 593/510/548 581/497/536
f 583/499/538 595/512/550 594/511/549 582/498/537
f 584/500/539 596/513/551 595/512/550 583/499/538
f 585/501/540 597/514/552 596/513/551 584/500/539
f 586/502/541 598/515/553 597/514/552 585/501/540
f 587/503/542 599/516/554 598/515/553 586/502/541
f 588/504/543 600/517/555 599/516/554 587/503/542
f 589/505/544 601/518/556 600/517/555 588/504/543
f 590/494/545 602/507/557 601/518/556 589/505/544
f 591/506/546 603/519/558 614/520/569 602/507/557
f 592/508/547 604/521/559 603/522/558 591/509/546
f 593/510/548 605/523/560 604/521/559 592/508/547
f 594/511/549 606/524/561 605/523/560 593/510/548
f 595/512/550 607/525/562 606/524/561 594/511/549
f 596/513/551 608/526/563 607/525/562 595/512/550
f 597/514/552 609/527/564 608/526/563 596/513/551
f 598/515/553 610/528/565 609/527/564 597/514/552
f 599/516/554 611/529/566 610/528/565 598/515/553
f 600/517/555 612/530/567 611/529/566 599/516/554
f 601/518/556 613/531/568 612/530/567 600/517/555
f 602/507/557 614/520/569 613/531/568 601/518/556
f 603/519/558 615/532/570 626/533/581 614/520/569
f 604/521/559 616/534/571 615/535/570 603/522/558
f 605/523/560 617/536/572 616/534/571 604/521/559
f 606/524/561 618/537/573 617/536/572 605/523/560
f 607/525/562 619/538/574 618/537/573 606/524/561
f 608/526/563 620/539/575 619/538/574 607/525/562
f 609/527/564 621/540/576 620/539/575 608/526/563
f 610/528/565 622/541/577 621/540/576 609/527/564
f 611/529/566 623/542/578 622/541/577 610/528/565
f 612/530/567 624/543/579 623/542/578 611/529/566
f 613/531/568 625/544/580 624/543/579 612/530/567
f 614/520/569 626/533/581 625/544/580 613/531/568
f 615/532/570 627/545/582 638/546/593 626/533/581
f 616/534/571 628/547/583 627/548/582 615/535/570
f 617/536/572 629/549/584 628/547/583 616/534/571
f 618/537/573 630/550/585 629/549/584 617/536/572
f 619/538/574 631/551/586 630/550/585 618/537/573
f 620/539/575 632/552/587 631/551/586 619/538/574
f 621/540/576 633/553/588 632/552/587 620/539/575
f 622/541/577 634/554/589 633/553/588 621/540/576
f 623/542/578 635/555/590 634/554/589 622/541/577
f 624/543/579 636/556/591 635/555/590 623/542/578
f 625/544/580 637/557/592 636/556/591 624/543/579
f 626/533/581 638/546/593 637/557/592 625/544/580
f 627/545/582 639/558/594 650/559/605 638/546/593
f 628/547/583 640/560/595 639/561/594 627/548/582
f 629/549/584 641/562/596 640/560/595 628/547/583
f 630/550/585 642/563/597 641/562/596 629/549/584
f 631/551/586 643/564/598 642/563/597 630/550/585
f 632/552/587 644/565/599 643/564/598 631/551/586
f 633/553/588 645/566/600 644/565/599 632/552/587
f 634/554/589 646/567/601 645/566/600 633/553/588
f 635/555/590 647/568/602 646/567/601 634/554/589
f 636/556/591 648/569/603 647/568/602 635/555/590
f 637/557/592 649/570/604 648/569/603 636/556/591
f 638/546/593 650/559/605 649/570/604 637/557/592
f 639/558/594 651/571/606 662/572/617 650/559/605
f 640/560/595 652/573/607 651/574/606 639/561/594
f 641/562/596 653/575/608 652/573/607 640/560/595
f 642/563/597 654/576/609 653/575/608 641/562/596
f 643/564/598 655/577/610 654/576/609 642/563/597
f 644/565/599 656/578/611 655/577/610 643/564/598
f 645/566/600 657/579/612 656/578/611 644/565/599
f 646/567/601 658/580/613 657/579/612 645/566/600
f 647/568/602 659/581/614 658/580/613 646/567/601
f 648/569/603 660/582/615 659/581/614 647/568/602
f 649/570/604 661/583/616 660/582/615 648/569/603
f 650/559/605 662/572/617 661/583/616 649/570/604
f 651/571/606 663/584/618 674/585/629 662/572/617
f 652/573/607 664/586/619 663/587/618 651/574/606
f 653/575/608 665/588/620 664/586/619 652/573/607
f 654/576/609 666/589/621 665/588/620 653/575/608
f 655/577/610 667/590/622 666/589/621 654/576/609
f 656/578/611 668/591/623 667/590/622 655/577/610
f 657/579/612 669/592/624 668/591/623 656/578/611
f 658/580/613 670/593/625 669/592/624 657/579/612
f 659/581/614 671/594/626 670/593/625 658/580/613
f 660/582/615 672/595/627 671/594/626 659/581/614
f 661/583/616 673/596/628 672/595/627 660/582/615
f 662/572/617 674/585/629 673/596/628 661/583/616
f 663/584/618 675/597/630 686/598/641 674/585/629
f 664/586/619 676/599/631 675/600/630 663/587/618
f 665/588/620 677/601/632 676/599/631 664/586/619
f 666/589/621 678/602/633 677/601/632 665/588/620
f 667/590/622 679/603/634 678/602/633 666/589/621
f 668/591/623 680/604/635 679/603/634 667/590/622
f 669/592/624 681/605/636 680/604/635 668/591/623
f 670/593/625 682/606/637 681/605/636 669/592/624
f 671/594/626 683/607/638 682/606/637 670/593/625
f 672/595/627 684/608/639 683/607/638 671/594/626
f 673/596/628 685/609/640 684/608/639 672/595/627
f 674/585/629 686/598/641 685/609/640 673/596/628
f 675/597/630 687/610/642 698/611/653 686/598/641
f 676/599/631 688/612/643 687/613/642 675/600/630
f 677/601/632 689/614/644 688/612/643 676/599/631
f 678/602/633 690/615/645 689/614/644 677/601/632
f 679/603/634 691/616/646 690/615/645 678/602/633
f 680/604/635 692/617/647 691/616/646 679/603/634
f 681/605/636 693/618/648 692/617/647 680/604/635
f 682/606/637 694/619/649 693/618/648 681/605/636
f 683/607/638 695/620/650 694/619/649 682/606/637
f 684/608/639 696/621/651 695/620/650 683/607/638
f 685/609/640 697/622/652 696/621/651 684/608/639
f 686/598/641 698/611/653 697/622/652 685/609/640
f 687/610/642 699/623/654 710/624/665 698/611/653
f 688/612/643 700/625/655 699/626/654 687/613/642
f 689/614/644 701/627/656 700/625/655 688/612/643
f 690/615/645 702/628/657 701/627/656 689/614/644
f 691/616/646 703/629/658 702/628/657 690/615/645
f 692/617/647 704/630/659 703/629/658 691/616/646
f 693/618/648 705/631/660 704/630/659 692/617/647
f 694/619/649 706/632/661 705/631/660 693/618/648
f 695/620/650 707/633/662 706/632/661 694/619/649
f 696/621/651 708/634/663 707/633/662 695/620/650
f 697/622/652 709/635/664 708/634/663 696/621/651
f 698/611/653 710/624/665 709/635/664 697/622/652
f 699/623/654 711/636/666 722/637/677 710/624/665
f 700/625/655 712/638/667 711/639/666 699/626/654
f 701/627/656 713/640/668 712/638/667 700/625/655
f 702/628/657 714/641/669 713/640/668 701/627/656
f 703/629/658 715/642/670 714/641/669 702/628/657
f 704/630/659 716/643/671 715/642/670 703/629/658
f 705/631/660 717/644/672 716/643/671 704/630/659
f 706/632/661 718/645/673 717/644/672 705/631/660
f 707/633/662 719/646/674 718/645/673 706/632/661
f 708/634/663 720/647/675 719/646/674 707/633/662
f 709/635/664 721/648/676 720/647/675 708/634/663
f 710/624/665 722/637/677 721/648/676 709/635/664
f 711/636/666 723/649/678 734/650/689 722/637/677
f 712/638/667 724/651/679 723/652/678 711/639/666
f 713/640/668 725/653/680 724/651/679 712/638/667
f 714/641/669 726/654/681 725/653/680 713/640/668
f 715/642/670 727/655/682 726/654/681 714/641/669
f 716/643/671 728/656/683 727/655/682 715/642/670
f 717/644/672 729/657/684 728/656/683 716/643/671
f 718/645/673 730/658/685 729/657/684 717/644/672
f 719/646/674 731/659/686 730/658/685 718/645/673
f 720/647/675 732/660/687 731/659/686 719/646/674
f 721/648/676 733/661/688 732/660/687 720/647/675
f 722/637/677 734/650/689 733/661/688 721/648/676
f 723/649/678 735/662/690 746/663/701 734/650/689
f 724/651/679 736/664/691 735/665/690 723/652/678
f 725/653/680 737/666/692 736/664/691 724/651/679
f 726/654/681 738/667/693 737/666/692 725/653/680
f 727/655/682 739/668/694 738/667/693 726/654/681
f 728/656/683 740/669/695 739/668/694 727/655/682
f 729/657/684 741/670/696 740/669/695 728/656/683
f 730/658/685 742/671/697 741/670/696 729/657/684
f 731/659/686 743/672/698 742/671/697 730/658/685
f 732/660/687 744/673/699 743/672/698 731/659/686
f 733/661/688 745/674/700 744/673/699 732/660/687
f 734/650/689 746/663/701 745/674/700 733/661/688
f 735/662/690 747/675/702 758/676/713 746/663/701
f 736/664/691 748/677/703 747/678/702 735/665/690
f 737/666/692 749/679/704 748/677/703 736/664/691
f 738/667/693 750/680/705 749/679/704 737/666/692
f 739/668/694 751/681/706 750/680/705 738/667/693
f 740/669/695 752/682/707 751/681/706 739/668/694
f 741/670/696 753/683/708 752/682/707 740/669/695
f 742/671/697 754/684/709 753/683/708 741/670/696
f 743/672/698 755/685/710 754/684/709 742/671/697
f 744/673/699 756/686/711 755/685/710 743/672/698
f 745/674/700 757/687/712 756/686/711 744/673/699
f 746/663/701 758/676/713 757/687/712 745/674/700
f 747/675/702 759/688/714 770/689/725 758/676/713
f 748/677/703 760/690/715 759/691/714 747/678/702
f 749/679/704 761/692/716 760/690/715 748/677/703
f 750/680/705 762/693/717 761/692/716 749/679/704
f 751/681/706 763/694/718 762/693/717 750/680/705
f 752/682/707 764/695/719 763/694/718 751/681/706
f 753/683/708 765/696/720 764/695/719 752/682/707
f 754/684/709 766/697/721 765/696/720 753/683/708
f 755/685/710 767/698/722 766/697/721 754/684/709
f 756/686/711 768/699/723 767/698/722 755/685/710
f 757/687/712 769/700/724 768/699/723 756/686/711
f 758/676/713 770/689/725 769/700/724 757/687/712
f 759/688/714 771/701/726 782/702/737 770/689/725
f 760/690/715 772/703/727 771/704/726 759/691/714
f 761/692/716 773/705/728 772/703/727 760/690/715
f 762/693/717 774/706/729 773/705/728 761/692/716
f 763/694/718 775/707/730 774/706/729 762/693/717
f 764/695/719 776/708/731 775/707/730 763/694/718
f 765/696/720 777/709/732 776/708/731 764/695/719
f 766/697/721 778/710/733 777/709/732 765/696/720
f 767/698/722 779/711/734 778/710/733 766/697/721
f 768/699/723 780/712/735 779/711/734 767/698/722
f 769/700/724 781/713/736 780/712/735 768/699/723
f 770/689/725 782/702/737 781/713/736 769/700/724
f 771/701/726 783/714/738 794/715/749 782/702/737
f 772/703/727 784/716/739 783/717/738 771/704/726
f 773/705/728 785/718/740 784/716/739 772/703/727
f 774/706/729 786/719/741 785/718/740 773/705/728
f 775/707/730 787/720/742 786/719/741 774/706/729
f 776/708/731 788/721/743 787/720/742 775/707/730
f 777/709/732 789/722/744 788/721/743 776/708/731
f 778/710/733 790/723/745 789/722/744 777/709/732
f 779/711/734 791/724/746 790/723/745 778/710/733
f 780/712/735 792/725/747 791/724/746 779/711/734
f 781/713/736 793/726/748 792/725/747 780/712/735
f 782/702/737 794/715/749 793/726/748 781/713/736
f 783/714/738 795/727/750 806/728/761 794/715/749
f 784/716/739 796/729/751 795/730/750 783/717/738
f 785/718/740 797/731/752 796/729/751 784/716/739
f 786/719/741 798/732/753 797/731/752 785/718/740
f 787/720/742 799/733/754 798/732/753 786/719/741
f 788/721/743 800/734/755 799/733/754 787/720/742
f 789/722/744 801/735/756 800/734/755 788/721/743
f 790/723/745 802/736/757 801/735/756 789/722/744
f 791/724/746 803/737/758 802/736/757 790/723/745
f 792/725/747 804/738/759 803/737/758 791/724/746
f 793/726/748 805/739/760 804/738/759 792/725/747
f 794/715/749 806/728/761 805/739/760 793/726/748
f 795/727/750 807/740/762 818/741/773 806/728/761
f 796/729/751 808/742/763 807/743/762 795/730/750
f 797/731/752 809/744/764 808/742/763 796/729/751
f 798/732/753 810/745/765 809/744/764 797/731/752
f 799/733/754 811/746/766 810/745/765 798/732/753
f 800/734/755 812/747/767 811/746/766 799/733/754
f 801/735/756 813/748/768 812/747/767 800/734/755
f 802/736/757 814/749/769 813/748/768 801/735/756
f 803/737/758 815/750/770 814/749/769 802/736/757
f 804/738/759 816/751/771 815/750/770 803/737/758
f 805/739/760 817/752/772 816/751/771 804/738/759
f 806/728/761 818/741/773 817/752/772 805/739/760
f 807/740/762 819/753/774 830/754/785 818/741/773
f 808/742/763 820/755/775 819/756/774 807/743/762
f 809/744/764 821/757/776 820/755/775 808/742/763
f 810/745/765 822/758/777 821/757/776 809/744/764
f 811/746/766 823/759/778 822/758/777 810/745/765
f 812/747/767 824/760/779 823/759/778 811/746/766
f 813/748/768 825/761/780 824/760/779 812/747/767
f 814/749/769 826/762/781 825/761/780 813/748/768
f 815/750/770 827/763/782 826/762/781 814/749/769
f 816/751/771 828/764/783 827/763/782 815/750/770
f 817/752/772 829/765/784 828/764/783 816/751/771
f 818/741/773 830/754/785 829/765/784 817/752/772
f 819/753/774 831/766/786 842/767/797 830/754/785
f 820/755/775 832/768/787 831/769/786 819/756/774
f 821/757/776 833/770/788 832/768/787 820/755/775
f 822/758/777 834/771/789 833/770/788 821/757/776
f 823/759/778 835/772/790 834/771/789 822/758/777
f 824/760/779 836/773/791 835/772/790 823/759/778
f 825/761/780 837/774/792 836/773/791 824/760/779
f 826/762/781 838/775/793 837/774/792 825/761/780
f 827/763/782 839/776/794 838/775/793 826/762/781
f 828/764/783 840/777/795 839/776/794 827/763/782
f 829/765/784 841/778/796 840/777/795 828/764/783
f 830/754/785 842/767/797 841/778/796 829/765/784
o NurbsPath.004
v -0.007950 0.299132 -0.196609
v -0.007839 0.299236 -0.197921
v -0.007756 0.298669 -0.199110
v -0.007722 0.297582 -0.199859
v -0.007746 0.296266 -0.199966
v -0.007823 0.295074 -0.199403
v -0.007931 0.294326 -0.198321
v -0.008042 0.294221 -0.197009
v -0.008125 0.294788 -0.195820
v -0.008159 0.295875 -0.195071
v -0.008134 0.297191 -0.194964
v -0.008058 0.298383 -0.195527
v -0.013408 0.299439 -0.197535
v -0.012928 0.299496 -0.198764
v -0.012641 0.298903 -0.199908
v -0.012624 0.297819 -0.200661
v -0.012882 0.296534 -0.200822
v -0.013344 0.295392 -0.200346
v -0.013888 0.294700 -0.199362
v -0.014368 0.294643 -0.198134
v -0.014655 0.295236 -0.196989
v -0.014672 0.296320 -0.196236
v -0.014415 0.297605 -0.196075
v -0.013952 0.298747 -0.196551
v -0.015568 0.300490 -0.198901
v -0.014626 0.300334 -0.199813
v -0.014074 0.299619 -0.200776
v -0.014060 0.298537 -0.201533
v -0.014588 0.297378 -0.201880
v -0.015516 0.296452 -0.201725
v -0.016596 0.296007 -0.201108
v -0.017538 0.296162 -0.200196
v -0.018090 0.296877 -0.199233
v -0.018104 0.297959 -0.198476
v -0.017576 0.299118 -0.198129
v -0.016648 0.300045 -0.198284
v -0.017128 0.302965 -0.202741
v -0.015996 0.302580 -0.203301
v -0.015320 0.301715 -0.204036
v -0.015281 0.300604 -0.204748
v -0.015889 0.299544 -0.205247
v -0.016982 0.298819 -0.205399
v -0.018267 0.298623 -0.205164
v -0.019398 0.299008 -0.204604
v -0.020074 0.299873 -0.203869
v -0.020113 0.300984 -0.203157
v -0.019505 0.302044 -0.202657
v -0.018412 0.302769 -0.202505
v -0.018320 0.307635 -0.210289
v -0.017162 0.307168 -0.210717
v -0.016468 0.306251 -0.211366
v -0.016424 0.305131 -0.212062
v -0.017043 0.304106 -0.212620
v -0.018159 0.303452 -0.212889
v -0.019471 0.303345 -0.212797
v -0.020630 0.303812 -0.212370
v -0.021324 0.304729 -0.211720
v -0.021367 0.305850 -0.211024
v -0.020748 0.306874 -0.210466
v -0.019633 0.307528 -0.210197
v -0.019174 0.313938 -0.220533
v -0.018011 0.313446 -0.220919
v -0.017314 0.312514 -0.221543
v -0.017269 0.311391 -0.222236
v -0.017889 0.310379 -0.222813
v -0.019007 0.309747 -0.223120
v -0.020324 0.309666 -0.223074
v -0.021487 0.310158 -0.222688
v -0.022184 0.311090 -0.222065
v -0.022229 0.312213 -0.221372
v -0.021609 0.313226 -0.220794
v -0.020491 0.313857 -0.220487
v -0.019794 0.320077 -0.230535
v -0.018630 0.319582 -0.230913
v -0.017932 0.318648 -0.231532
v -0.017886 0.317526 -0.232226
v -0.018505 0.316516 -0.232810
v -0.019624 0.315889 -0.233126
v -0.020941 0.315814 -0.233090
v -0.022105 0.316309 -0.232712
v -0.022804 0.317243 -0.232093
v -0.022850 0.318365 -0.231399
v -0.022230 0.319375 -0.230815
v -0.021112 0.320002 -0.230499
v -0.020286 0.324877 -0.238295
v -0.019123 0.324390 -0.238684
v -0.018424 0.323466 -0.239318
v -0.018378 0.322353 -0.240027
v -0.018997 0.321349 -0.240620
v -0.020115 0.320722 -0.240938
v -0.021432 0.320642 -0.240897
v -0.022596 0.321129 -0.240508
v -0.023294 0.322053 -0.239874
v -0.023340 0.323166 -0.239165
v -0.022722 0.324171 -0.238572
v -0.021604 0.324797 -0.238254
v -0.020727 0.328600 -0.244035
v -0.019565 0.328130 -0.244449
v -0.018868 0.327229 -0.245117
v -0.018823 0.326138 -0.245859
v -0.019443 0.325150 -0.246478
v -0.020561 0.324529 -0.246807
v -0.021878 0.324442 -0.246757
v -0.023040 0.324912 -0.246344
v -0.023737 0.325813 -0.245676
v -0.023782 0.326904 -0.244933
v -0.023162 0.327892 -0.244315
v -0.022044 0.328513 -0.243986
v -0.021153 0.332000 -0.248842
v -0.019992 0.331546 -0.249277
v -0.019297 0.330671 -0.249980
v -0.019255 0.329608 -0.250763
v -0.019877 0.328643 -0.251415
v -0.020996 0.328034 -0.251763
v -0.022312 0.327945 -0.251712
v -0.023473 0.328398 -0.251277
v -0.024168 0.329274 -0.250574
v -0.024210 0.330336 -0.249791
v -0.023589 0.331301 -0.249139
v -0.022470 0.331910 -0.248791
v -0.021543 0.335317 -0.253208
v -0.020382 0.334869 -0.253649
v -0.019688 0.334009 -0.254372
v -0.019647 0.332967 -0.255182
v -0.020269 0.332022 -0.255862
v -0.021389 0.331428 -0.256231
v -0.022706 0.331343 -0.256188
v -0.023868 0.331791 -0.255747
v -0.024562 0.332651 -0.255024
v -0.024603 0.333693 -0.254214
v -0.023980 0.334638 -0.253534
v -0.022860 0.335232 -0.253165
v -0.021837 0.338393 -0.257106
v -0.020675 0.337940 -0.257539
v -0.019981 0.337084 -0.258266
v -0.019940 0.336055 -0.259093
v -0.020563 0.335128 -0.259797
v -0.021684 0.334552 -0.260189
v -0.023002 0.334480 -0.260166
v -0.024165 0.334933 -0.259732
v -0.024859 0.335789 -0.259005
v -0.024900 0.336818 -0.258179
v -0.024277 0.337745 -0.257475
v -0.023156 0.338321 -0.257082
v -0.022002 0.341176 -0.260532
v -0.020838 0.340713 -0.260951
v -0.020143 0.339860 -0.261681
v -0.020102 0.338846 -0.262526
v -0.020725 0.337943 -0.263259
v -0.021847 0.337392 -0.263685
v -0.023167 0.337341 -0.263689
v -0.024330 0.337804 -0.263270
v -0.025026 0.338657 -0.262540
v -0.025067 0.339671 -0.261695
v -0.024443 0.340574 -0.260962
v -0.023321 0.341125 -0.260536
v -0.022036 0.343821 -0.263635
v -0.020872 0.343347 -0.264041
v -0.020176 0.342501 -0.264777
v -0.020134 0.341509 -0.265647
v -0.020757 0.340636 -0.266417
v -0.021879 0.340116 -0.266881
v -0.023198 0.340089 -0.266914
v -0.024362 0.340562 -0.266509
v -0.025059 0.341409 -0.265772
v -0.025101 0.342401 -0.264902
v -0.024478 0.343274 -0.264133
v -0.023356 0.343794 -0.263669
v -0.021961 0.346495 -0.266601
v -0.020797 0.346014 -0.266997
v -0.020099 0.345175 -0.267740
v -0.020055 0.344202 -0.268632
v -0.020677 0.343356 -0.269433
v -0.021797 0.342864 -0.269929
v -0.023116 0.342858 -0.269987
v -0.024281 0.343339 -0.269591
v -0.024978 0.344178 -0.268848
v -0.025022 0.345151 -0.267957
v -0.024401 0.345997 -0.267156
v -0.023280 0.346489 -0.266660
v -0.021805 0.349264 -0.269561
v -0.020640 0.348773 -0.269945
v -0.019942 0.347934 -0.270687
v -0.019896 0.346971 -0.271590
v -0.020516 0.346143 -0.272410
v -0.021635 0.345671 -0.272929
v -0.022953 0.345681 -0.273007
v -0.024117 0.346172 -0.272624
v -0.024815 0.347011 -0.271881
v -0.024861 0.347974 -0.270978
v -0.024241 0.348802 -0.270158
v -0.023123 0.349274 -0.269639
v -0.021569 0.352075 -0.272531
v -0.020406 0.351564 -0.272892
v -0.019708 0.350715 -0.273623
v -0.019661 0.349755 -0.274528
v -0.020278 0.348941 -0.275365
v -0.021394 0.348491 -0.275909
v -0.022709 0.348527 -0.276015
v -0.023872 0.349037 -0.275654
v -0.024571 0.349887 -0.274923
v -0.024618 0.350847 -0.274018
v -0.024001 0.351661 -0.273181
v -0.022885 0.352110 -0.272637
v -0.021193 0.354799 -0.275400
v -0.020036 0.354245 -0.275715
v -0.019341 0.353371 -0.276419
v -0.019293 0.352411 -0.277324
v -0.019905 0.351622 -0.278187
v -0.021014 0.351215 -0.278778
v -0.022322 0.351299 -0.278937
v -0.023479 0.351853 -0.278623
v -0.024174 0.352727 -0.277919
v -0.024222 0.353687 -0.277014
v -0.023610 0.354476 -0.276150
v -0.022501 0.354883 -0.275560
v -0.020565 0.357352 -0.278076
v -0.019425 0.356732 -0.278319
v -0.018739 0.355820 -0.278982
v -0.018689 0.354859 -0.279887
v -0.019291 0.354108 -0.280791
v -0.020382 0.353768 -0.281452
v -0.021670 0.353929 -0.281693
v -0.022810 0.354549 -0.281450
v -0.023497 0.355461 -0.280787
v -0.023546 0.356422 -0.279882
v -0.022944 0.357173 -0.278978
v -0.021853 0.357513 -0.278317
v -0.019548 0.359928 -0.280754
v -0.018435 0.359238 -0.280923
v -0.017763 0.358284 -0.281542
v -0.017713 0.357323 -0.282446
v -0.018298 0.356612 -0.283392
v -0.019361 0.356341 -0.284128
v -0.020617 0.356584 -0.284455
v -0.021729 0.357274 -0.284287
v -0.022401 0.358228 -0.283668
v -0.022451 0.359189 -0.282764
v -0.021866 0.359900 -0.281817
v -0.020804 0.360171 -0.281082
v -0.017973 0.362888 -0.283817
v -0.016901 0.362122 -0.283906
v -0.016253 0.361124 -0.284478
v -0.016203 0.360160 -0.285379
v -0.016765 0.359489 -0.286368
v -0.017787 0.359291 -0.287180
v -0.018996 0.359619 -0.287598
v -0.020068 0.360384 -0.287509
v -0.020716 0.361383 -0.286937
v -0.020766 0.362347 -0.286036
v -0.020204 0.363017 -0.285047
v -0.019182 0.363215 -0.284235
v -0.015600 0.366155 -0.287195
v -0.014624 0.365266 -0.287155
v -0.014034 0.364193 -0.287649
v -0.013988 0.363223 -0.288544
v -0.014497 0.362616 -0.289600
v -0.015426 0.362536 -0.290535
v -0.016526 0.363002 -0.291098
v -0.017501 0.363891 -0.291138
v -0.018091 0.364964 -0.290644
v -0.018138 0.365934 -0.289749
v -0.017628 0.366541 -0.288693
v -0.016699 0.366621 -0.287758
v -0.012106 0.369034 -0.290172
v -0.011363 0.367967 -0.289946
v -0.010912 0.366786 -0.290327
v -0.010875 0.365808 -0.291214
v -0.011260 0.365295 -0.292368
v -0.011966 0.365385 -0.293480
v -0.012803 0.366054 -0.294253
v -0.013546 0.367121 -0.294478
v -0.013997 0.368302 -0.294097
v -0.014034 0.369280 -0.293210
v -0.013648 0.369793 -0.292056
v -0.012942 0.369703 -0.290944
v -0.007328 0.370884 -0.292061
v -0.006929 0.369679 -0.291695
v -0.006682 0.368417 -0.291993
v -0.006654 0.367434 -0.292875
v -0.006852 0.366995 -0.294104
v -0.007223 0.367217 -0.295352
v -0.007668 0.368041 -0.296284
v -0.008067 0.369245 -0.296649
v -0.008313 0.370507 -0.296352
v -0.008341 0.371490 -0.295470
v -0.008143 0.371929 -0.294241
v -0.007772 0.371707 -0.292993
v -0.001530 0.371676 -0.292780
v -0.001426 0.370425 -0.292370
v -0.001350 0.369135 -0.292642
v -0.001322 0.368152 -0.293523
v -0.001350 0.367739 -0.294777
v -0.001426 0.368006 -0.296068
v -0.001530 0.368883 -0.297050
v -0.001634 0.370134 -0.297460
v -0.001710 0.371424 -0.297188
v -0.001738 0.372407 -0.296307
v -0.001711 0.372820 -0.295053
v -0.001634 0.372553 -0.293762
v 0.004613 0.371687 -0.292576
v 0.004476 0.370437 -0.292173
v 0.004413 0.369147 -0.292448
v 0.004440 0.368163 -0.293328
v 0.004550 0.367748 -0.294577
v 0.004715 0.368014 -0.295860
v 0.004889 0.368890 -0.296833
v 0.005026 0.370140 -0.297236
v 0.005089 0.371429 -0.296960
v 0.005062 0.372413 -0.296080
v 0.004951 0.372828 -0.294832
v 0.004787 0.372562 -0.293549
v 0.010364 0.370829 -0.291460
v 0.009906 0.369637 -0.291126
v 0.009642 0.368383 -0.291443
v 0.009644 0.367402 -0.292328
v 0.009911 0.366959 -0.293543
v 0.010371 0.367171 -0.294762
v 0.010901 0.367982 -0.295659
v 0.011360 0.369174 -0.295994
v 0.011623 0.370428 -0.295676
v 0.011621 0.371408 -0.294792
v 0.011355 0.371852 -0.293577
v 0.010894 0.371640 -0.292358
v 0.015128 0.368645 -0.289175
v 0.014307 0.367623 -0.289016
v 0.013809 0.366479 -0.289446
v 0.013769 0.365518 -0.290351
v 0.014195 0.364998 -0.291487
v 0.014976 0.365058 -0.292551
v 0.015900 0.365683 -0.293256
v 0.016721 0.366705 -0.293415
v 0.017219 0.367850 -0.292985
v 0.017260 0.368811 -0.292080
v 0.016833 0.369331 -0.290944
v 0.016053 0.369270 -0.289881
v 0.018672 0.364948 -0.285601
v 0.017626 0.364143 -0.285653
v 0.016985 0.363136 -0.286217
v 0.016920 0.362197 -0.287143
v 0.017449 0.361577 -0.288183
v 0.018429 0.361443 -0.289057
v 0.019599 0.361830 -0.289532
v 0.020644 0.362635 -0.289480
v 0.021285 0.363642 -0.288915
v 0.021350 0.364581 -0.287989
v 0.020822 0.365201 -0.286950
v 0.019841 0.365335 -0.286076
v 0.021155 0.360118 -0.280963
v 0.020026 0.359461 -0.281157
v 0.019336 0.358540 -0.281805
v 0.019269 0.357603 -0.282732
v 0.019843 0.356900 -0.283691
v 0.020904 0.356619 -0.284425
v 0.022169 0.356837 -0.284736
v 0.023298 0.357494 -0.284542
v 0.023988 0.358415 -0.283894
v 0.024055 0.359352 -0.282967
v 0.023481 0.360055 -0.282008
v 0.022420 0.360335 -0.281274
v 0.022873 0.354660 -0.275502
v 0.021717 0.354084 -0.275776
v 0.021014 0.353198 -0.276458
v 0.020952 0.352241 -0.277366
v 0.021548 0.351469 -0.278255
v 0.022643 0.351088 -0.278889
v 0.023942 0.351201 -0.279096
v 0.025098 0.351778 -0.278822
v 0.025801 0.352663 -0.278140
v 0.025862 0.353620 -0.277232
v 0.025266 0.354392 -0.276343
v 0.024172 0.354773 -0.275709
v 0.024001 0.348704 -0.269101
v 0.022835 0.348176 -0.269426
v 0.022129 0.347302 -0.270119
v 0.022072 0.346315 -0.270995
v 0.022679 0.345481 -0.271819
v 0.023788 0.345022 -0.272370
v 0.025102 0.345062 -0.272500
v 0.026268 0.345590 -0.272176
v 0.026974 0.346464 -0.271482
v 0.027031 0.347451 -0.270606
v 0.026423 0.348285 -0.269783
v 0.025315 0.348744 -0.269232
v 0.024600 0.342217 -0.261567
v 0.023431 0.341722 -0.261928
v 0.022723 0.340849 -0.262622
v 0.022668 0.339834 -0.263465
v 0.023279 0.338948 -0.264230
v 0.024393 0.338429 -0.264712
v 0.025712 0.338415 -0.264782
v 0.026881 0.338911 -0.264422
v 0.027589 0.339784 -0.263727
v 0.027644 0.340799 -0.262885
v 0.027033 0.341684 -0.262120
v 0.025919 0.342204 -0.261638
v 0.024694 0.335567 -0.253303
v 0.023524 0.335096 -0.253692
v 0.022815 0.334224 -0.254386
v 0.022759 0.333184 -0.255198
v 0.023370 0.332255 -0.255910
v 0.024485 0.331686 -0.256332
v 0.025804 0.331629 -0.256350
v 0.026974 0.332100 -0.255961
v 0.027682 0.332972 -0.255267
v 0.027738 0.334012 -0.254456
v 0.027127 0.334941 -0.253743
v 0.026013 0.335510 -0.253321
v 0.024299 0.329447 -0.245192
v 0.023129 0.328999 -0.245610
v 0.022420 0.328125 -0.246300
v 0.022361 0.327059 -0.247077
v 0.022968 0.326087 -0.247734
v 0.024079 0.325470 -0.248093
v 0.025395 0.325372 -0.248059
v 0.026565 0.325821 -0.247641
v 0.027274 0.326695 -0.246951
v 0.027333 0.327761 -0.246174
v 0.026726 0.328732 -0.245517
v 0.025615 0.329350 -0.245158
v 0.023446 0.324003 -0.237369
v 0.022278 0.323570 -0.237808
v 0.021567 0.322689 -0.238487
v 0.021503 0.321596 -0.239225
v 0.022103 0.320584 -0.239824
v 0.023206 0.319923 -0.240123
v 0.024517 0.319792 -0.240042
v 0.025685 0.320224 -0.239603
v 0.026397 0.321105 -0.238923
v 0.026461 0.322198 -0.238185
v 0.025861 0.323211 -0.237587
v 0.024757 0.323871 -0.237288
v 0.022179 0.318510 -0.228777
v 0.021012 0.318086 -0.229227
v 0.020298 0.317198 -0.229894
v 0.020228 0.316084 -0.230600
v 0.020821 0.315043 -0.231155
v 0.021918 0.314353 -0.231411
v 0.023224 0.314200 -0.231298
v 0.024391 0.314624 -0.230848
v 0.025105 0.315512 -0.230180
v 0.025175 0.316625 -0.229474
v 0.024582 0.317667 -0.228919
v 0.023485 0.318356 -0.228664
v 0.020484 0.312474 -0.218850
v 0.019323 0.312068 -0.219329
v 0.018609 0.311186 -0.220005
v 0.018535 0.310063 -0.220696
v 0.019121 0.309001 -0.221217
v 0.020209 0.308284 -0.221430
v 0.021508 0.308104 -0.221276
v 0.022670 0.308509 -0.220797
v 0.023383 0.309392 -0.220122
v 0.023457 0.310514 -0.219431
v 0.022872 0.311576 -0.218909
v 0.021783 0.312294 -0.218697
v 0.018230 0.306686 -0.209148
v 0.017092 0.306338 -0.209720
v 0.016391 0.305489 -0.210450
v 0.016317 0.304367 -0.211142
v 0.016887 0.303272 -0.211611
v 0.017951 0.302499 -0.211731
v 0.019222 0.302253 -0.211470
v 0.020360 0.302602 -0.210898
v 0.021060 0.303451 -0.210168
v 0.021134 0.304573 -0.209476
v 0.020564 0.305667 -0.209007
v 0.019500 0.306441 -0.208887
v 0.015352 0.302519 -0.202135
v 0.014305 0.302290 -0.202905
v 0.013660 0.301515 -0.203758
v 0.013590 0.300401 -0.204464
v 0.014115 0.299247 -0.204834
v 0.015093 0.298362 -0.204769
v 0.016262 0.297983 -0.204286
v 0.017309 0.298212 -0.203516
v 0.017954 0.298987 -0.202663
v 0.018024 0.300101 -0.201957
v 0.017500 0.301255 -0.201587
v 0.016522 0.302140 -0.201652
v 0.012285 0.300302 -0.198425
v 0.011525 0.300259 -0.199504
v 0.011058 0.299599 -0.200548
v 0.011008 0.298499 -0.201277
v 0.011390 0.297254 -0.201495
v 0.012100 0.296197 -0.201145
v 0.012949 0.295612 -0.200320
v 0.013709 0.295656 -0.199241
v 0.014176 0.296316 -0.198197
v 0.014226 0.297416 -0.197468
v 0.013844 0.298661 -0.197250
v 0.013134 0.299717 -0.197600
v 0.008103 0.299262 -0.196706
v 0.007837 0.299348 -0.197996
v 0.007675 0.298768 -0.199171
v 0.007661 0.297678 -0.199916
v 0.007798 0.296370 -0.200032
v 0.008050 0.295194 -0.199486
v 0.008350 0.294466 -0.198426
v 0.008616 0.294380 -0.197136
v 0.008778 0.294960 -0.195961
v 0.008792 0.296050 -0.195216
v 0.008655 0.297358 -0.195100
v 0.008403 0.298534 -0.195646
vn -0.0056 0.9386 0.3449
vn 0.0356 0.9842 -0.1733
vn 0.0669 0.7635 -0.6423
vn 0.0817 0.3370 -0.9379
vn 0.0746 -0.1847 -0.9800
vn 0.0449 -0.6588 -0.7510
vn 0.0006 -0.9488 -0.3160
vn -0.0442 -0.9793 0.1977
vn -0.0766 -0.7540 0.6524
vn -0.0885 -0.3369 0.9374
vn -0.0776 0.1696 0.9825
vn -0.0471 0.6379 0.7687
vn 0.0752 0.9141 0.3984
vn 0.2708 0.9580 -0.0946
vn 0.3857 0.7241 -0.5717
vn 0.3878 0.2783 -0.8787
vn 0.2841 -0.2398 -0.9283
vn 0.1036 -0.6828 -0.7232
vn -0.1069 -0.9374 -0.3315
vn -0.2909 -0.9464 0.1405
vn -0.4006 -0.7149 0.5731
vn -0.4094 -0.3050 0.8599
vn -0.3153 0.1810 0.9316
vn -0.1398 0.6250 0.7680
vn 0.1667 0.8726 0.4591
vn 0.5481 0.8292 0.1096
vn 0.7852 0.5515 -0.2815
vn 0.7924 0.1042 -0.6011
vn 0.5620 -0.3733 -0.7381
vn 0.1803 -0.7316 -0.6574
vn -0.2364 -0.8846 -0.4019
vn -0.5855 -0.8092 -0.0485
vn -0.7867 -0.5311 0.3147
vn -0.7914 -0.1197 0.5994
vn -0.5970 0.3230 0.7344
vn -0.2497 0.6851 0.6843
vn 0.2092 0.8519 0.4802
vn 0.6618 0.7021 0.2629
vn 0.9332 0.3586 -0.0234
vn 0.9494 -0.0806 -0.3036
vn 0.7064 -0.4972 -0.5037
vn 0.2692 -0.7796 -0.5655
vn -0.2394 -0.8503 -0.4687
vn -0.6774 -0.6940 -0.2439
vn -0.9326 -0.3584 0.0430
vn -0.9461 0.0677 0.3166
vn -0.7162 0.4779 0.5086
vn -0.2961 0.7668 0.5694
vn 0.2208 0.8417 0.4927
vn 0.6774 0.6596 0.3257
vn 0.9515 0.2993 0.0707
vn 0.9687 -0.1420 -0.2035
vn 0.7243 -0.5447 -0.4227
vn 0.2847 -0.8002 -0.5278
vn -0.2307 -0.8403 -0.4905
vn -0.6830 -0.6557 -0.3219
vn -0.9524 -0.2971 -0.0680
vn -0.9690 0.1397 0.2036
vn -0.7288 0.5399 0.4212
vn -0.2939 0.7972 0.5273
vn 0.2240 0.8375 0.4984
vn 0.6806 0.6452 0.3471
vn 0.9546 0.2796 0.1026
vn 0.9723 -0.1612 -0.1695
vn 0.7287 -0.5587 -0.3961
vn 0.2896 -0.8060 -0.5162
vn -0.2269 -0.8370 -0.4979
vn -0.6823 -0.6439 -0.3462
vn -0.9549 -0.2788 -0.1020
vn -0.9724 0.1608 0.1693
vn -0.7300 0.5574 0.3955
vn -0.2923 0.8052 0.5160
vn 0.2249 0.8358 0.5009
vn 0.6813 0.6414 0.3526
vn 0.9551 0.2752 0.1099
vn 0.9729 -0.1647 -0.1623
vn 0.7301 -0.5605 -0.3909
vn 0.2918 -0.8061 -0.5149
vn -0.2246 -0.8358 -0.5010
vn -0.6810 -0.6417 -0.3528
vn -0.9549 -0.2757 -0.1102
vn -0.9730 0.1643 0.1620
vn -0.7303 0.5603 0.3908
vn -0.2918 0.8061 0.5149
vn 0.2257 0.8300 0.5100
vn 0.6821 0.6383 0.3567
vn 0.9552 0.2756 0.1079
vn 0.9723 -0.1606 -0.1696
vn 0.7296 -0.5536 -0.4015
vn 0.2921 -0.7986 -0.5262
vn -0.2234 -0.8304 -0.5104
vn -0.6795 -0.6403 -0.3582
vn -0.9541 -0.2786 -0.1100
vn -0.9730 0.1581 0.1680
vn -0.7306 0.5527 0.4010
vn -0.2916 0.7988 0.5262
vn 0.2268 0.8149 0.5333
vn 0.6832 0.6294 0.3702
vn 0.9554 0.2750 0.1078
vn 0.9712 -0.1525 -0.1831
vn 0.7276 -0.5387 -0.4247
vn 0.2903 -0.7810 -0.5529
vn -0.2242 -0.8153 -0.5339
vn -0.6793 -0.6323 -0.3725
vn -0.9534 -0.2802 -0.1115
vn -0.9726 0.1475 0.1799
vn -0.7303 0.5362 0.4232
vn -0.2910 0.7808 0.5528
vn 0.2276 0.7948 0.5625
vn 0.6837 0.6161 0.3912
vn 0.9555 0.2719 0.1148
vn 0.9706 -0.1449 -0.1920
vn 0.7262 -0.5224 -0.4470
vn 0.2881 -0.7600 -0.5825
vn -0.2266 -0.7950 -0.5627
vn -0.6810 -0.6180 -0.3928
vn -0.9539 -0.2759 -0.1179
vn -0.9719 0.1405 0.1889
vn -0.7290 0.5197 0.4454
vn -0.2898 0.7595 0.5824
vn 0.2275 0.7789 0.5844
vn 0.6835 0.6032 0.4110
vn 0.9557 0.2654 0.1272
vn 0.9711 -0.1436 -0.1907
vn 0.7261 -0.5137 -0.4571
vn 0.2869 -0.7460 -0.6010
vn -0.2287 -0.7788 -0.5841
vn -0.6830 -0.6036 -0.4113
vn -0.9551 -0.2671 -0.1286
vn -0.9719 0.1409 0.1887
vn -0.7285 0.5116 0.4557
vn -0.2895 0.7453 0.6007
vn 0.2269 0.7671 0.6001
vn 0.6836 0.5897 0.4301
vn 0.9565 0.2536 0.1444
vn 0.9720 -0.1506 -0.1801
vn 0.7265 -0.5141 -0.4560
vn 0.2864 -0.7393 -0.6094
vn -0.2298 -0.7666 -0.5996
vn -0.6844 -0.5891 -0.4297
vn -0.9561 -0.2544 -0.1452
vn -0.9728 0.1483 0.1782
vn -0.7294 0.5116 0.4542
vn -0.2904 0.7383 0.6088
vn 0.2265 0.7520 0.6190
vn 0.6841 0.5703 0.4546
vn 0.9574 0.2349 0.1676
vn 0.9728 -0.1636 -0.1643
vn 0.7266 -0.5176 -0.4517
vn 0.2862 -0.7325 -0.6177
vn -0.2302 -0.7514 -0.6184
vn -0.6847 -0.5699 -0.4543
vn -0.9568 -0.2366 -0.1691
vn -0.9739 0.1599 0.1613
vn -0.7308 0.5142 0.4490
vn -0.2916 0.7312 0.6167
vn 0.2262 0.7317 0.6430
vn 0.6841 0.5459 0.4837
vn 0.9576 0.2130 0.1940
vn 0.9731 -0.1770 -0.1477
vn 0.7272 -0.5190 -0.4493
vn 0.2869 -0.7215 -0.6302
vn -0.2294 -0.7311 -0.6425
vn -0.6842 -0.5459 -0.4836
vn -0.9567 -0.2153 -0.1959
vn -0.9743 0.1730 0.1442
vn -0.7315 0.5155 0.4462
vn -0.2923 0.7203 0.6291
vn 0.2253 0.7132 0.6638
vn 0.6828 0.5245 0.5087
vn 0.9567 0.1946 0.2167
vn 0.9732 -0.1874 -0.1335
vn 0.7284 -0.5189 -0.4475
vn 0.2888 -0.7109 -0.6412
vn -0.2277 -0.7128 -0.6634
vn -0.6830 -0.5243 -0.5084
vn -0.9561 -0.1960 -0.2178
vn -0.9740 0.1848 0.1311
vn -0.7314 0.5165 0.4452
vn -0.2926 0.7101 0.6404
vn 0.2236 0.7024 0.6757
vn 0.6808 0.5102 0.5254
vn 0.9553 0.1809 0.2339
vn 0.9730 -0.1971 -0.1204
vn 0.7293 -0.5220 -0.4423
vn 0.2901 -0.7067 -0.6453
vn -0.2264 -0.7019 -0.6753
vn -0.6820 -0.5094 -0.5247
vn -0.9553 -0.1809 -0.2340
vn -0.9733 0.1960 0.1193
vn -0.7312 0.5206 0.4408
vn -0.2933 0.7061 0.6446
vn 0.2207 0.6962 0.6831
vn 0.6779 0.4965 0.5422
vn 0.9531 0.1630 0.2552
vn 0.9715 -0.2145 -0.1007
vn 0.7283 -0.5342 -0.4292
vn 0.2894 -0.7099 -0.6421
vn -0.2264 -0.6949 -0.6825
vn -0.6810 -0.4941 -0.5405
vn -0.9535 -0.1617 -0.2544
vn -0.9718 0.2137 0.0993
vn -0.7312 0.5322 0.4267
vn -0.2951 0.7090 0.6406
vn 0.2156 0.6874 0.6936
vn 0.6716 0.4714 0.5715
vn 0.9470 0.1277 0.2947
vn 0.9660 -0.2510 -0.0622
vn 0.7233 -0.5615 -0.4019
vn 0.2860 -0.7198 -0.6325
vn -0.2268 -0.6844 -0.6929
vn -0.6778 -0.4664 -0.5684
vn -0.9479 -0.1250 -0.2932
vn -0.9666 0.2493 0.0595
vn -0.7291 0.5577 0.3968
vn -0.2971 0.7184 0.6290
vn 0.2089 0.6734 0.7092
vn 0.6592 0.4315 0.6158
vn 0.9320 0.0719 0.3551
vn 0.9515 -0.3076 -0.0025
vn 0.7122 -0.6032 -0.3590
vn 0.2811 -0.7347 -0.6174
vn -0.2239 -0.6686 -0.7092
vn -0.6675 -0.4246 -0.6118
vn -0.9332 -0.0687 -0.3526
vn -0.9524 0.3049 -0.0006
vn -0.7199 0.5983 0.3519
vn -0.2957 0.7336 0.6118
vn 0.2031 0.6581 0.7250
vn 0.6423 0.3882 0.6609
vn 0.9085 0.0125 0.4178
vn 0.9283 -0.3668 0.0610
vn 0.6963 -0.6464 -0.3120
vn 0.2766 -0.7507 -0.5999
vn -0.2160 -0.6530 -0.7259
vn -0.6494 -0.3815 -0.6578
vn -0.9095 -0.0095 -0.4156
vn -0.9290 0.3647 -0.0637
vn -0.7027 0.6427 0.3053
vn -0.2891 0.7506 0.5942
vn 0.1926 0.6447 0.7398
vn 0.6168 0.3454 0.7073
vn 0.8746 -0.0481 0.4825
vn 0.8944 -0.4290 0.1264
vn 0.6709 -0.6931 -0.2637
vn 0.2659 -0.7687 -0.5817
vn -0.2088 -0.6367 -0.7423
vn -0.6255 -0.3351 -0.7046
vn -0.8751 0.0539 -0.4810
vn -0.8942 0.4279 -0.1312
vn -0.6781 0.6898 0.2537
vn -0.2814 0.7699 0.5728
vn 0.1666 0.6279 0.7603
vn 0.5564 0.2809 0.7820
vn 0.7957 -0.1450 0.5881
vn 0.8146 -0.5319 0.2311
vn 0.6075 -0.7715 -0.1889
vn 0.2352 -0.7978 -0.5552
vn -0.1967 -0.6075 -0.7696
vn -0.5718 -0.2573 -0.7790
vn -0.7952 0.1575 -0.5855
vn -0.8127 0.5304 -0.2412
vn -0.6201 0.7667 0.1665
vn -0.2638 0.8039 0.5331
vn 0.1181 0.6045 0.7878
vn 0.4170 0.1874 0.8894
vn 0.6038 -0.2880 0.7433
vn 0.6193 -0.6846 0.3844
vn 0.4586 -0.8849 -0.0817
vn 0.1732 -0.8370 -0.5190
vn -0.1538 -0.5648 -0.8108
vn -0.4366 -0.1480 -0.8874
vn -0.6052 0.3042 -0.7356
vn -0.6192 0.6777 -0.3965
vn -0.4751 0.8788 0.0446
vn -0.2075 0.8542 0.4767
vn 0.0579 0.5780 0.8140
vn 0.2170 0.1044 0.9706
vn 0.3167 -0.4035 0.8584
vn 0.3279 -0.7994 0.5034
vn 0.2474 -0.9689 0.0080
vn 0.0990 -0.8692 -0.4845
vn -0.0753 -0.5372 -0.8401
vn -0.2287 -0.0680 -0.9711
vn -0.3222 0.4153 -0.8507
vn -0.3329 0.7911 -0.5131
vn -0.2582 0.9651 -0.0433
vn -0.1160 0.8900 0.4410
vn -0.0015 0.5608 0.8280
vn 0.0393 0.0679 0.9969
vn 0.0691 -0.4456 0.8926
vn 0.0802 -0.8365 0.5421
vn 0.0695 -0.9967 0.0429
vn 0.0396 -0.8839 -0.4660
vn -0.0015 -0.5336 -0.8457
vn -0.0424 -0.0448 -0.9981
vn -0.0721 0.4525 -0.8889
vn -0.0829 0.8312 -0.5498
vn -0.0720 0.9951 -0.0671
vn -0.0423 0.8986 0.4366
vn -0.0518 0.5625 0.8252
vn -0.1061 0.0702 0.9919
vn -0.1308 -0.4436 0.8866
vn -0.1196 -0.8354 0.5365
vn -0.0761 -0.9963 0.0389
vn -0.0117 -0.8840 -0.4674
vn 0.0563 -0.5336 -0.8438
vn 0.1096 -0.0447 -0.9930
vn 0.1342 0.4522 -0.8818
vn 0.1239 0.8306 -0.5429
vn 0.0813 0.9947 -0.0627
vn 0.0171 0.8991 0.4373
vn -0.0940 0.5802 0.8090
vn -0.2774 0.1129 0.9541
vn -0.3850 -0.3920 0.8356
vn -0.3845 -0.7889 0.4795
vn -0.2759 -0.9611 -0.0116
vn -0.0915 -0.8646 -0.4941
vn 0.1162 -0.5360 -0.8361
vn 0.2918 -0.0710 -0.9539
vn 0.3909 0.4086 -0.8248
vn 0.3900 0.7823 -0.4857
vn 0.2893 0.9570 -0.0221
vn 0.1133 0.8858 0.4501
vn -0.1298 0.6006 0.7889
vn -0.4595 0.2030 0.8647
vn -0.6664 -0.2572 0.6999
vn -0.6846 -0.6480 0.3339
vn -0.5069 -0.8527 -0.1260
vn -0.1903 -0.8167 -0.5448
vn 0.1721 -0.5605 -0.8101
vn 0.4843 -0.1605 -0.8601
vn 0.6697 0.2776 -0.6889
vn 0.6841 0.6438 -0.3428
vn 0.5244 0.8466 0.0911
vn 0.2290 0.8328 0.5040
vn -0.1643 0.6203 0.7669
vn -0.5821 0.3068 0.7531
vn -0.8424 -0.0928 0.5308
vn -0.8691 -0.4677 0.1608
vn -0.6543 -0.7128 -0.2526
vn -0.2609 -0.7605 -0.5946
vn 0.1990 -0.6013 -0.7739
vn 0.6013 -0.2835 -0.7471
vn 0.8437 0.1059 -0.5262
vn 0.8679 0.4665 -0.1704
vn 0.6683 0.7073 0.2303
vn 0.2930 0.7651 0.5734
vn -0.1888 0.6467 0.7390
vn -0.6364 0.3900 0.6655
vn -0.9117 0.0265 0.4100
vn -0.9378 -0.3445 0.0424
vn -0.7081 -0.6212 -0.3358
vn -0.2872 -0.7285 -0.6220
vn 0.2087 -0.6393 -0.7401
vn 0.6465 -0.3805 -0.6613
vn 0.9123 -0.0224 -0.4088
vn 0.9388 0.3410 -0.0496
vn 0.7188 0.6154 0.3234
vn 0.3075 0.7282 0.6125
vn -0.2030 0.6798 0.7048
vn -0.6601 0.4541 0.5984
vn -0.9384 0.1047 0.3292
vn -0.9616 -0.2730 -0.0294
vn -0.7241 -0.5760 -0.3792
vn -0.2925 -0.7230 -0.6259
vn 0.2158 -0.6761 -0.7045
vn 0.6652 -0.4499 -0.5959
vn 0.9381 -0.1051 -0.3301
vn 0.9633 0.2674 0.0229
vn 0.7335 0.5698 0.3705
vn 0.3074 0.7214 0.6206
vn -0.2110 0.7149 0.6667
vn -0.6713 0.5080 0.5397
vn -0.9500 0.1632 0.2663
vn -0.9710 -0.2256 -0.0791
vn -0.7298 -0.5527 -0.4024
vn -0.2932 -0.7305 -0.6168
vn 0.2203 -0.7127 -0.6660
vn 0.6742 -0.5057 -0.5382
vn 0.9492 -0.1650 -0.2681
vn 0.9728 0.2196 0.0732
vn 0.7380 0.5466 0.3958
vn 0.3052 0.7284 0.6134
vn -0.2145 0.7459 0.6306
vn -0.6755 0.5516 0.4894
vn -0.9541 0.2080 0.2157
vn -0.9746 -0.1917 -0.1161
vn -0.7324 -0.5390 -0.4160
vn -0.2943 -0.7409 -0.6037
vn 0.2214 -0.7446 -0.6298
vn 0.6773 -0.5502 -0.4884
vn 0.9532 -0.2099 -0.2174
vn 0.9761 0.1863 0.1115
vn 0.7390 0.5336 0.4112
vn 0.3036 0.7389 0.6016
vn -0.2143 0.7724 0.5979
vn -0.6755 0.5879 0.4451
vn -0.9543 0.2443 0.1720
vn -0.9752 -0.1650 -0.1475
vn -0.7333 -0.5293 -0.4267
vn -0.2953 -0.7508 -0.5909
vn 0.2207 -0.7714 -0.5969
vn 0.6772 -0.5867 -0.4441
vn 0.9536 -0.2462 -0.1735
vn 0.9767 0.1598 0.1434
vn 0.7395 0.5239 0.4226
vn 0.3039 0.7486 0.5893
vn -0.2116 0.7992 0.5626
vn -0.6727 0.6235 0.3985
vn -0.9519 0.2789 0.1265
vn -0.9736 -0.1407 -0.1795
vn -0.7330 -0.5217 -0.4365
vn -0.2965 -0.7619 -0.5759
vn 0.2181 -0.7983 -0.5614
vn 0.6740 -0.6225 -0.3977
vn 0.9509 -0.2816 -0.1285
vn 0.9754 0.1344 0.1750
vn 0.7399 0.5153 0.4324
vn 0.3058 0.7591 0.5746
vn -0.2080 0.8257 0.5243
vn -0.6679 0.6559 0.3517
vn -0.9474 0.3089 0.0842
vn -0.9711 -0.1210 -0.2058
vn -0.7338 -0.5177 -0.4399
vn -0.3006 -0.7750 -0.5559
vn 0.2121 -0.8252 -0.5235
vn 0.6678 -0.6559 -0.3519
vn 0.9460 -0.3122 -0.0867
vn 0.9727 0.1149 0.2018
vn 0.7395 0.5121 0.4369
vn 0.3075 0.7727 0.5553
vn -0.2036 0.8450 0.4945
vn -0.6622 0.6786 0.3177
vn -0.9425 0.3296 0.0554
vn -0.9691 -0.1078 -0.2217
vn -0.7356 -0.5159 -0.4390
vn -0.3052 -0.7854 -0.5385
vn 0.2062 -0.8447 -0.4940
vn 0.6623 -0.6785 -0.3177
vn 0.9417 -0.3315 -0.0567
vn 0.9700 0.1042 0.2196
vn 0.7389 0.5125 0.4374
vn 0.3094 0.7839 0.5383
vn -0.1968 0.8569 0.4765
vn -0.6543 0.6988 0.2891
vn -0.9357 0.3521 0.0235
vn -0.9645 -0.0898 -0.2484
vn -0.7331 -0.5071 -0.4533
vn -0.3047 -0.7874 -0.5358
vn 0.2047 -0.8562 -0.4744
vn 0.6583 -0.6962 -0.2864
vn 0.9360 -0.3512 -0.0224
vn 0.9650 0.0869 0.2474
vn 0.7375 0.5022 0.4516
vn 0.3127 0.7844 0.5357
vn -0.1839 0.8693 0.4589
vn -0.6349 0.7358 0.2355
vn -0.9144 0.4014 -0.0524
vn -0.9442 -0.0430 -0.3265
vn -0.7160 -0.4751 -0.5114
vn -0.2938 -0.7771 -0.5566
vn 0.2054 -0.8685 -0.4512
vn 0.6470 -0.7283 -0.2257
vn 0.9160 -0.3970 0.0582
vn 0.9446 0.0375 0.3262
vn 0.7257 0.4629 0.5090
vn 0.3142 0.7679 0.5582
vn -0.1594 0.8873 0.4328
vn -0.5798 0.8041 0.1314
vn -0.8427 0.4972 -0.2063
vn -0.8713 0.0526 -0.4879
vn -0.6572 -0.4057 -0.6352
vn -0.2628 -0.7510 -0.6058
vn 0.1981 -0.8905 -0.4096
vn 0.5999 -0.7931 -0.1056
vn 0.8419 -0.4914 0.2230
vn 0.8677 -0.0653 0.4928
vn 0.6714 0.3790 0.6369
vn 0.2985 0.7285 0.6166
vn -0.1035 0.9094 0.4029
vn -0.4111 0.9114 -0.0204
vn -0.6100 0.6541 -0.4473
vn -0.6317 0.2016 -0.7485
vn -0.4678 -0.3059 -0.8292
vn -0.1767 -0.7166 -0.6748
vn 0.1540 -0.9269 -0.3422
vn 0.4395 -0.8952 0.0744
vn 0.6116 -0.6369 0.4693
vn 0.6296 -0.2190 0.7454
vn 0.4893 0.2546 0.8342
vn 0.2239 0.6660 0.7116
vn -0.0401 0.9278 0.3709
vn -0.1466 0.9792 -0.1401
vn -0.2120 0.7554 -0.6200
vn -0.2178 0.3124 -0.9246
vn -0.1623 -0.2182 -0.9623
vn -0.0612 -0.6802 -0.7304
vn 0.0566 -0.9503 -0.3060
vn 0.1588 -0.9685 0.1917
vn 0.2196 -0.7396 0.6362
vn 0.2248 -0.3248 0.9187
vn 0.1733 0.1727 0.9696
vn 0.0770 0.6296 0.7731
vt 0.000000 1.000000
vt 0.023810 1.000000
vt 0.023810 0.916667
vt 0.000000 0.916667
vt 0.000000 0.083333
vt 0.023810 0.083333
vt 0.023810 0.000000
vt 0.000000 0.000000
vt 0.000000 0.166667
vt 0.023810 0.166667
vt 0.000000 0.250000
vt 0.023810 0.250000
vt 0.000000 0.333333
vt 0.023810 0.333333
vt 0.000000 0.416667
vt 0.023810 0.416667
vt 0.000000 0.500000
vt 0.023810 0.500000
vt 0.000000 0.583333
vt 0.023810 0.583333
vt 0.000000 0.666667
vt 0.023810 0.666667
vt 0.000000 0.750000
vt 0.023810 0.750000
vt 0.000000 0.833333
vt 0.023810 0.833333
vt 0.047619 1.000000
vt 0.047619 0.916667
vt 0.047619 0.083333
vt 0.047619 0.000000
vt 0.047619 0.166667
vt 0.047619 0.250000
vt 0.047619 0.333333
vt 0.047619 0.416667
vt 0.047619 0.500000
vt 0.047619 0.583333
vt 0.047619 0.666667
vt 0.047619 0.750000
vt 0.047619 0.833333
vt 0.071429 1.000000
vt 0.071429 0.916667
vt 0.071429 0.083333
vt 0.071429 0.000000
vt 0.071429 0.166667
vt 0.071429 0.250000
vt 0.071429 0.333333
vt 0.071429 0.416667
vt 0.071429 0.500000
vt 0.071429 0.583333
vt 0.071429 0.666667
vt 0.071429 0.750000
vt 0.071429 0.833333
vt 0.095238 1.000000
vt 0.095238 0.916667
vt 0.095238 0.083333
vt 0.095238 0.000000
vt 0.095238 0.166667
vt 0.095238 0.250000
vt 0.095238 0.333333
vt 0.095238 0.416667
vt 0.095238 0.500000
vt 0.095238 0.583333
vt 0.095238 0.666667
vt 0.095238 0.750000
vt 0.095238 0.833333
vt 0.119048 1.000000
vt 0.119048 0.916667
vt 0.119048 0.083333
vt 0.119048 0.000000
vt 0.119048 0.166667
vt 0.119048 0.250000
vt 0.119048 0.333333
vt 0.119048 0.416667
vt 0.119048 0.500000
vt 0.119048 0.583333
vt 0.119048 0.666667
vt 0.119048 0.750000
vt 0.119048 0.833333
vt 0.142857 1.000000
vt 0.142857 0.916667
vt 0.142857 0.083333
vt 0.142857 0.000000
vt 0.142857 0.166667
vt 0.142857 0.250000
vt 0.142857 0.333333
vt 0.142857 0.416667
vt 0.142857 0.500000
vt 0.142857 0.583333
vt 0.142857 0.666667
vt 0.142857 0.750000
vt 0.142857 0.833333
vt 0.166667 1.000000
vt 0.166667 0.916667
vt 0.166667 0.083333
vt 0.166667 0.000000
vt 0.166667 0.166667
vt 0.166667 0.250000
vt 0.166667 0.333333
vt 0.166667 0.416667
vt 0.166667 0.500000
vt 0.166667 0.583333
vt 0.166667 0.666667
vt 0.166667 0.750000
vt 0.166667 0.833333
vt 0.190476 1.000000
vt 0.190476 0.916667
vt 0.190476 0.083333
vt 0.190476 0.000000
vt 0.190476 0.166667
vt 0.190476 0.250000
vt 0.190476 0.333333
vt 0.190476 0.416667
vt 0.190476 0.500000
vt 0.190476 0.583333
vt 0.190476 0.666667
vt 0.190476 0.750000
vt 0.190476 0.833333
vt 0.214286 1.000000
vt 0.214286 0.916667
vt 0.214286 0.083333
vt 0.214286 0.000000
vt 0.214286 0.166667
vt 0.214286 0.250000
vt 0.214286 0.333333
vt 0.214286 0.416667
vt 0.214286 0.500000
vt 0.214286 0.583333
vt 0.214286 0.666667
vt 0.214286 0.750000
vt 0.214286 0.833333
vt 0.238095 1.000000
vt 0.238095 0.916667
vt 0.238095 0.083333
vt 0.238095 0.000000
vt 0.238095 0.166667
vt 0.238095 0.250000
vt 0.238095 0.333333
vt 0.238095 0.416667
vt 0.238095 0.500000
vt 0.238095 0.583333
vt 0.238095 0.666667
vt 0.238095 0.750000
vt 0.238095 0.833333
vt 0.261905 1.000000
vt 0.261905 0.916667
vt 0.261905 0.083333
vt 0.261905 0.000000
vt 0.261905 0.166667
vt 0.261905 0.250000
vt 0.261905 0.333333
vt 0.261905 0.416667
vt 0.261905 0.500000
vt 0.261905 0.583333
vt 0.261905 0.666667
vt 0.261905 0.750000
vt 0.261905 0.833333
vt 0.285714 1.000000
vt 0.285714 0.916667
vt 0.285714 0.083333
vt 0.285714 0.000000
vt 0.285714 0.166667
vt 0.285714 0.250000
vt 0.285714 0.333333
vt 0.285714 0.416667
vt 0.285714 0.500000
vt 0.285714 0.583333
vt 0.285714 0.666667
vt 0.285714 0.750000
vt 0.285714 0.833333
vt 0.309524 1.000000
vt 0.309524 0.916667
vt 0.309524 0.083333
vt 0.309524 0.000000
vt 0.309524 0.166667
vt 0.309524 0.250000
vt 0.309524 0.333333
vt 0.309524 0.416667
vt 0.309524 0.500000
vt 0.309524 0.583333
vt 0.309524 0.666667
vt 0.309524 0.750000
vt 0.309524 0.833333
vt 0.333333 1.000000
vt 0.333333 0.916667
vt 0.333333 0.083333
vt 0.333333 0.000000
vt 0.333333 0.166667
vt 0.333333 0.250000
vt 0.333333 0.333333
vt 0.333333 0.416667
vt 0.333333 0.500000
vt 0.333333 0.583333
vt 0.333333 0.666667
vt 0.333333 0.750000
vt 0.333333 0.833333
vt 0.357143 1.000000
vt 0.357143 0.916667
vt 0.357143 0.083333
vt 0.357143 0.000000
vt 0.357143 0.166667
vt 0.357143 0.250000
vt 0.357143 0.333333
vt 0.357143 0.416667
vt 0.357143 0.500000
vt 0.357143 0.583333
vt 0.357143 0.666667
vt 0.357143 0.750000
vt 0.357143 0.833333
vt 0.380952 1.000000
vt 0.380952 0.916667
vt 0.380952 0.083333
vt 0.380952 0.000000
vt 0.380952 0.166667
vt 0.380952 0.250000
vt 0.380952 0.333333
vt 0.380952 0.416667
vt 0.380952 0.500000
vt 0.380952 0.583333
vt 0.380952 0.666667
vt 0.380952 0.750000
vt 0.380952 0.833333
vt 0.404762 1.000000
vt 0.404762 0.916667
vt 0.404762 0.083333
vt 0.404762 0.000000
vt 0.404762 0.166667
vt 0.404762 0.250000
vt 0.404762 0.333333
vt 0.404762 0.416667
vt 0.404762 0.500000
vt 0.404762 0.583333
vt 0.404762 0.666667
vt 0.404762 0.750000
vt 0.404762 0.833333
vt 0.428571 1.000000
vt 0.428571 0.916667
vt 0.428571 0.083333
vt 0.428571 0.000000
vt 0.428571 0.166667
vt 0.428571 0.250000
vt 0.428571 0.333333
vt 0.428571 0.416667
vt 0.428571 0.500000
vt 0.428571 0.583333
vt 0.428571 0.666667
vt 0.428571 0.750000
vt 0.428571 0.833333
vt 0.452381 1.000000
vt 0.452381 0.916667
vt 0.452381 0.083333
vt 0.452381 0.000000
vt 0.452381 0.166667
vt 0.452381 0.250000
vt 0.452381 0.333333
vt 0.452381 0.416667
vt 0.452381 0.500000
vt 0.452381 0.583333
vt 0.452381 0.666667
vt 0.452381 0.750000
vt 0.452381 0.833333
vt 0.476190 1.000000
vt 0.476190 0.916667
vt 0.476190 0.083333
vt 0.476190 0.000000
vt 0.476190 0.166667
vt 0.476190 0.250000
vt 0.476190 0.333333
vt 0.476190 0.416667
vt 0.476190 0.500000
vt 0.476190 0.583333
vt 0.476190 0.666667
vt 0.476190 0.750000
vt 0.476190 0.833333
vt 0.500000 1.000000
vt 0.500000 0.916667
vt 0.500000 0.083333
vt 0.500000 0.000000
vt 0.500000 0.166667
vt 0.500000 0.250000
vt 0.500000 0.333333
vt 0.500000 0.416667
vt 0.500000 0.500000
vt 0.500000 0.583333
vt 0.500000 0.666667
vt 0.500000 0.750000
vt 0.500000 0.833333
vt 0.523810 1.000000
vt 0.523810 0.916667
vt 0.523810 0.083333
vt 0.523810 0.000000
vt 0.523810 0.166667
vt 0.523810 0.250000
vt 0.523810 0.333333
vt 0.523810 0.416667
vt 0.523810 0.500000
vt 0.523810 0.583333
vt 0.523810 0.666667
vt 0.523810 0.750000
vt 0.523810 0.833333
vt 0.547619 1.000000
vt 0.547619 0.916667
vt 0.547619 0.083333
vt 0.547619 0.000000
vt 0.547619 0.166667
vt 0.547619 0.250000
vt 0.547619 0.333333
vt 0.547619 0.416667
vt 0.547619 0.500000
vt 0.547619 0.583333
vt 0.547619 0.666667
vt 0.547619 0.750000
vt 0.547619 0.833333
vt 0.571429 1.000000
vt 0.571429 0.916667
vt 0.571429 0.083333
vt 0.571429 0.000000
vt 0.571429 0.166667
vt 0.571429 0.250000
vt 0.571429 0.333333
vt 0.571429 0.416667
vt 0.571429 0.500000
vt 0.571429 0.583333
vt 0.571429 0.666667
vt 0.571429 0.750000
vt 0.571429 0.833333
vt 0.595238 1.000000
vt 0.595238 0.916667
vt 0.595238 0.083333
vt 0.595238 0.000000
vt 0.595238 0.166667
vt 0.595238 0.250000
vt 0.595238 0.333333
vt 0.595238 0.416667
vt 0.595238 0.500000
vt 0.595238 0.583333
vt 0.595238 0.666667
vt 0.595238 0.750000
vt 0.595238 0.833333
vt 0.619048 1.000000
vt 0.619048 0.916667
vt 0.619048 0.083333
vt 0.619048 0.000000
vt 0.619048 0.166667
vt 0.619048 0.250000
vt 0.619048 0.333333
vt 0.619048 0.416667
vt 0.619048 0.500000
vt 0.619048 0.583333
vt 0.619048 0.666667
vt 0.619048 0.750000
vt 0.619048 0.833333
vt 0.642857 1.000000
vt 0.642857 0.916667
vt 0.642857 0.083333
vt 0.642857 0.000000
vt 0.642857 0.166667
vt 0.642857 0.250000
vt 0.642857 0.333333
vt 0.642857 0.416667
vt 0.642857 0.500000
vt 0.642857 0.583333
vt 0.642857 0.666667
vt 0.642857 0.750000
vt 0.642857 0.833333
vt 0.666667 1.000000
vt 0.666667 0.916667
vt 0.666667 0.083333
vt 0.666667 0.000000
vt 0.666667 0.166667
vt 0.666667 0.250000
vt 0.666667 0.333333
vt 0.666667 0.416667
vt 0.666667 0.500000
vt 0.666667 0.583333
vt 0.666667 0.666667
vt 0.666667 0.750000
vt 0.666667 0.833333
vt 0.690476 1.000000
vt 0.690476 0.916667
vt 0.690476 0.083333
vt 0.690476 0.000000
vt 0.690476 0.166667
vt 0.690476 0.250000
vt 0.690476 0.333333
vt 0.690476 0.416667
vt 0.690476 0.500000
vt 0.690476 0.583333
vt 0.690476 0.666667
vt 0.690476 0.750000
vt 0.690476 0.833333
vt 0.714286 1.000000
vt 0.714286 0.916667
vt 0.714286 0.083333
vt 0.714286 0.000000
vt 0.714286 0.166667
vt 0.714286 0.250000
vt 0.714286 0.333333
vt 0.714286 0.416667
vt 0.714286 0.500000
vt 0.714286 0.583333
vt 0.714286 0.666667
vt 0.714286 0.750000
vt 0.714286 0.833333
vt 0.738095 1.000000
vt 0.738095 0.916667
vt 0.738095 0.083333
vt 0.738095 0.000000
vt 0.738095 0.166667
vt 0.738095 0.250000
vt 0.738095 0.333333
vt 0.738095 0.416667
vt 0.738095 0.500000
vt 0.738095 0.583333
vt 0.738095 0.666667
vt 0.738095 0.750000
vt 0.738095 0.833333
vt 0.761905 1.000000
vt 0.761905 0.916667
vt 0.761905 0.083333
vt 0.761905 0.000000
vt 0.761905 0.166667
vt 0.761905 0.250000
vt 0.761905 0.333333
vt 0.761905 0.416667
vt 0.761905 0.500000
vt 0.761905 0.583333
vt 0.761905 0.666667
vt 0.761905 0.750000
vt 0.761905 0.833333
vt 0.785714 1.000000
vt 0.785714 0.916667
vt 0.785714 0.083333
vt 0.785714 0.000000
vt 0.785714 0.166667
vt 0.785714 0.250000
vt 0.785714 0.333333
vt 0.785714 0.416667
vt 0.785714 0.500000
vt 0.785714 0.583333
vt 0.785714 0.666667
vt 0.785714 0.750000
vt 0.785714 0.833333
vt 0.809524 1.000000
vt 0.809524 0.916667
vt 0.809524 0.083333
vt 0.809524 0.000000
vt 0.809524 0.166667
vt 0.809524 0.250000
vt 0.809524 0.333333
vt 0.809524 0.416667
vt 0.809524 0.500000
vt 0.809524 0.583333
vt 0.809524 0.666667
vt 0.809524 0.750000
vt 0.809524 0.833333
vt 0.833333 1.000000
vt 0.833333 0.916667
vt 0.833333 0.083333
vt 0.833333 0.000000
vt 0.833333 0.166667
vt 0.833333 0.250000
vt 0.833333 0.333333
vt 0.833333 0.416667
vt 0.833333 0.500000
vt 0.833333 0.583333
vt 0.833333 0.666667
vt 0.833333 0.750000
vt 0.833333 0.833333
vt 0.857143 1.000000
vt 0.857143 0.916667
vt 0.857143 0.083333
vt 0.857143 0.000000
vt 0.857143 0.166667
vt 0.857143 0.250000
vt 0.857143 0.333333
vt 0.857143 0.416667
vt 0.857143 0.500000
vt 0.857143 0.583333
vt 0.857143 0.666667
vt 0.857143 0.750000
vt 0.857143 0.833333
vt 0.880952 1.000000
vt 0.880952 0.916667
vt 0.880952 0.083333
vt 0.880952 0.000000
vt 0.880952 0.166667
vt 0.880952 0.250000
vt 0.880952 0.333333
vt 0.880952 0.416667
vt 0.880952 0.500000
vt 0.880952 0.583333
vt 0.880952 0.666667
vt 0.880952 0.750000
vt 0.880952 0.833333
vt 0.904762 1.000000
vt 0.904762 0.916667
vt 0.904762 0.083333
vt 0.904762 0.000000
vt 0.904762 0.166667
vt 0.904762 0.250000
vt 0.904762 0.333333
vt 0.904762 0.416667
vt 0.904762 0.500000
vt 0.904762 0.583333
vt 0.904762 0.666667
vt 0.904762 0.750000
vt 0.904762 0.833333
vt 0.928571 1.000000
vt 0.928571 0.916667
vt 0.928571 0.083333
vt 0.928571 0.000000
vt 0.928571 0.166667
vt 0.928571 0.250000
vt 0.928571 0.333333
vt 0.928571 0.416667
vt 0.928571 0.500000
vt 0.928571 0.583333
vt 0.928571 0.666667
vt 0.928571 0.750000
vt 0.928571 0.833333
vt 0.952381 1.000000
vt 0.952381 0.916667
vt 0.952381 0.083333
vt 0.952381 0.000000
vt 0.952381 0.166667
vt 0.952381 0.250000
vt 0.952381 0.333333
vt 0.952381 0.416667
vt 0.952381 0.500000
vt 0.952381 0.583333
vt 0.952381 0.666667
vt 0.952381 0.750000
vt 0.952381 0.833333
vt 0.976190 1.000000
vt 0.976190 0.916667
vt 0.976190 0.083333
vt 0.976190 0.000000
vt 0.976190 0.166667
vt 0.976190 0.250000
vt 0.976190 0.333333
vt 0.976190 0.416667
vt 0.976190 0.500000
vt 0.976190 0.583333
vt 0.976190 0.666667
vt 0.976190 0.750000
vt 0.976190 0.833333
vt 1.000000 1.000000
vt 1.000000 0.916667
vt 1.000000 0.083333
vt 1.000000 0.000000
vt 1.000000 0.166667
vt 1.000000 0.250000
vt 1.000000 0.333333
vt 1.000000 0.416667
vt 1.000000 0.500000
vt 1.000000 0.583333
vt 1.000000 0.666667
vt 1.000000 0.750000
vt 1.000000 0.833333
s 1
f 843/779/798 855/780/810 866/781/821 854/782/809
f 844/783/799 856/784/811 855/785/810 843/786/798
f 845/787/800 857/788/812 856/784/811 844/783/799
f 846/789/801 858/790/813 857/788/812 845/787/800
f 847/791/802 859/792/814 858/790/813 846/789/801
f 848/793/803 860/794/815 859/792/814 847/791/802
f 849/795/804 861/796/816 860/794/815 848/793/803
f 850/797/805 862/798/817 861/796/816 849/795/804
f 851/799/806 863/800/818 862/798/817 850/797/805
f 852/801/807 864/802/819 863/800/818 851/799/806
f 853/803/808 865/804/820 864/802/819 852/801/807
f 854/782/809 866/781/821 865/804/820 853/803/808
f 855/780/810 867/805/822 878/806/833 866/781/821
f 856/784/811 868/807/823 867/808/822 855/785/810
f 857/788/812 869/809/824 868/807/823 856/784/811
f 858/790/813 870/810/825 869/809/824 857/788/812
f 859/792/814 871/811/826 870/810/825 858/790/813
f 860/794/815 872/812/827 871/811/826 859/792/814
f 861/796/816 873/813/828 872/812/827 860/794/815
f 862/798/817 874/814/829 873/813/828 861/796/816
f 863/800/818 875/815/830 874/814/829 862/798/817
f 864/802/819 876/816/831 875/815/830 863/800/818
f 865/804/820 877/817/832 876/816/831 864/802/819
f 866/781/821 878/806/833 877/817/832 865/804/820
f 867/805/822 879/818/834 890/819/845 878/806/833
f 868/807/823 880/820/835 879/821/834 867/808/822
f 869/809/824 881/822/836 880/820/835 868/807/823
f 870/810/825 882/823/837 881/822/836 869/809/824
f 871/811/826 883/824/838 882/823/837 870/810/825
f 872/812/827 884/825/839 883/824/838 871/811/826
f 873/813/828 885/826/840 884/825/839 872/812/827
f 874/814/829 886/827/841 885/826/840 873/813/828
f 875/815/830 887/828/842 886/827/841 874/814/829
f 876/816/831 888/829/843 887/828/842 875/815/830
f 877/817/832 889/830/844 888/829/843 876/816/831
f 878/806/833 890/819/845 889/830/844 877/817/832
f 879/818/834 891/831/846 902/832/857 890/819/845
f 880/820/835 892/833/847 891/834/846 879/821/834
f 881/822/836 893/835/848 892/833/847 880/820/835
f 882/823/837 894/836/849 893/835/848 881/822/836
f 883/824/838 895/837/850 894/836/849 882/823/837
f 884/825/839 896/838/851 895/837/850 883/824/838
f 885/826/840 897/839/852 896/838/851 884/825/839
f 886/827/841 898/840/853 897/839/852 885/826/840
f 887/828/842 899/841/854 898/840/853 886/827/841
f 888/829/843 900/842/855 899/841/854 887/828/842
f 889/830/844 901/843/856 900/842/855 888/829/843
f 890/819/845 902/832/857 901/843/856 889/830/844
f 891/831/846 903/844/858 914/845/869 902/832/857
f 892/833/847 904/846/859 903/847/858 891/834/846
f 893/835/848 905/848/860 904/846/859 892/833/847
f 894/836/849 906/849/861 905/848/860 893/835/848
f 895/837/850 907/850/862 906/849/861 894/836/849
f 896/838/851 908/851/863 907/850/862 895/837/850
f 897/839/852 909/852/864 908/851/863 896/838/851
f 898/840/853 910/853/865 909/852/864 897/839/852
f 899/841/854 911/854/866 910/853/865 898/840/853
f 900/842/855 912/855/867 911/854/866 899/841/854
f 901/843/856 913/856/868 912/855/867 900/842/855
f 902/832/857 914/845/869 913/856/868 901/843/856
f 903/844/858 915/857/870 926/858/881 914/845/869
f 904/846/859 916/859/871 915/860/870 903/847/858
f 905/848/860 917/861/872 916/859/871 904/846/859
f 906/849/861 918/862/873 917/861/872 905/848/860
f 907/850/862 919/863/874 918/862/873 906/849/861
f 908/851/863 920/864/875 919/863/874 907/850/862
f 909/852/864 921/865/876 920/864/875 908/851/863
f 910/853/865 922/866/877 921/865/876 909/852/864
f 911/854/866 923/867/878 922/866/877 910/853/865
f 912/855/867 924/868/879 923/867/878 911/854/866
f 913/856/868 925/869/880 924/868/879 912/855/867
f 914/845/869 926/858/881 925/869/880 913/856/868
f 915/857/870 927/870/882 938/871/893 926/858/881
f 916/859/871 928/872/883 927/873/882 915/860/870
f 917/861/872 929/874/884 928/872/883 916/859/871
f 918/862/873 930/875/885 929/874/884 917/861/872
f 919/863/874 931/876/886 930/875/885 918/862/873
f 920/864/875 932/877/887 931/876/886 919/863/874
f 921/865/876 933/878/888 932/877/887 920/864/875
f 922/866/877 934/879/889 933/878/888 921/865/876
f 923/867/878 935/880/890 934/879/889 922/866/877
f 924/868/879 936/881/891 935/880/890 923/867/878
f 925/869/880 937/882/892 936/881/891 924/868/879
f 926/858/881 938/871/893 937/882/892 925/869/880
f 927/870/882 939/883/894 950/884/905 938/871/893
f 928/872/883 940/885/895 939/886/894 927/873/882
f 929/874/884 941/887/896 940/885/895 928/872/883
f 930/875/885 942/888/897 941/887/896 929/874/884
f 931/876/886 943/889/898 942/888/897 930/875/885
f 932/877/887 944/890/899 943/889/898 931/876/886
f 933/878/888 945/891/900 944/890/899 932/877/887
f 934/879/889 946/892/901 945/891/900 933/878/888
f 935/880/890 947/893/902 946/892/901 934/879/889
f 936/881/891 948/894/903 947/893/902 935/880/890
f 937/882/892 949/895/904 948/894/903 936/881/891
f 938/871/893 950/884/905 949/895/904 937/882/892
f 939/883/894 951/896/906 962/897/917 950/884/905
f 940/885/895 952/898/907 951/899/906 939/886/894
f 941/887/896 953/900/908 952/898/907 940/885/895
f 942/888/897 954/901/909 953/900/908 941/887/896
f 943/889/898 955/902/910 954/901/909 942/888/897
f 944/890/899 956/903/911 955/902/910 943/889/898
f 945/891/900 957/904/912 956/903/911 944/890/899
f 946/892/901 958/905/913 957/904/912 945/891/900
f 947/893/902 959/906/914 958/905/913 946/892/901
f 948/894/903 960/907/915 959/906/914 947/893/902
f 949/895/904 961/908/916 960/907/915 948/894/903
f 950/884/905 962/897/917 961/908/916 949/895/904
f 951/896/906 963/909/918 974/910/929 962/897/917
f 952/898/907 964/911/919 963/912/918 951/899/906
f 953/900/908 965/913/920 964/911/919 952/898/907
f 954/901/909 966/914/921 965/913/920 953/900/908
f 955/902/910 967/915/922 966/914/921 954/901/909
f 956/903/911 968/916/923 967/915/922 955/902/910
f 957/904/912 969/917/924 968/916/923 956/903/911
f 958/905/913 970/918/925 969/917/924 957/904/912
f 959/906/914 971/919/926 970/918/925 958/905/913
f 960/907/915 972/920/927 971/919/926 959/906/914
f 961/908/916 973/921/928 972/920/927 960/907/915
f 962/897/917 974/910/929 973/921/928 961/908/916
f 963/909/918 975/922/930 986/923/941 974/910/929
f 964/911/919 976/924/931 975/925/930 963/912/918
f 965/913/920 977/926/932 976/924/931 964/911/919
f 966/914/921 978/927/933 977/926/932 965/913/920
f 967/915/922 979/928/934 978/927/933 966/914/921
f 968/916/923 980/929/935 979/928/934 967/915/922
f 969/917/924 981/930/936 980/929/935 968/916/923
f 970/918/925 982/931/937 981/930/936 969/917/924
f 971/919/926 983/932/938 982/931/937 970/918/925
f 972/920/927 984/933/939 983/932/938 971/919/926
f 973/921/928 985/934/940 984/933/939 972/920/927
f 974/910/929 986/923/941 985/934/940 973/921/928
f 975/922/930 987/935/942 998/936/953 986/923/941
f 976/924/931 988/937/943 987/938/942 975/925/930
f 977/926/932 989/939/944 988/937/943 976/924/931
f 978/927/933 990/940/945 989/939/944 977/926/932
f 979/928/934 991/941/946 990/940/945 978/927/933
f 980/929/935 992/942/947 991/941/946 979/928/934
f 981/930/936 993/943/948 992/942/947 980/929/935
f 982/931/937 994/944/949 993/943/948 981/930/936
f 983/932/938 995/945/950 994/944/949 982/931/937
f 984/933/939 996/946/951 995/945/950 983/932/938
f 985/934/940 997/947/952 996/946/951 984/933/939
f 986/923/941 998/936/953 997/947/952 985/934/940
f 987/935/942 999/948/954 1010/949/965 998/936/953
f 988/937/943 1000/950/955 999/951/954 987/938/942
f 989/939/944 1001/952/956 1000/950/955 988/937/943
f 990/940/945 1002/953/957 1001/952/956 989/939/944
f 991/941/946 1003/954/958 1002/953/957 990/940/945
f 992/942/947 1004/955/959 1003/954/958 991/941/946
f 993/943/948 1005/956/960 1004/955/959 992/942/947
f 994/944/949 1006/957/961 1005/956/960 993/943/948
f 995/945/950 1007/958/962 1006/957/961 994/944/949
f 996/946/951 1008/959/963 1007/958/962 995/945/950
f 997/947/952 1009/960/964 1008/959/963 996/946/951
f 998/936/953 1010/949/965 1009/960/964 997/947/952
f 999/948/954 1011/961/966 1022/962/977 1010/949/965
f 1000/950/955 1012/963/967 1011/964/966 999/951/954
f 1001/952/956 1013/965/968 1012/963/967 1000/950/955
f 1002/953/957 1014/966/969 1013/965/968 1001/952/956
f 1003/954/958 1015/967/970 1014/966/969 1002/953/957
f 1004/955/959 1016/968/971 1015/967/970 1003/954/958
f 1005/956/960 1017/969/972 1016/968/971 1004/955/959
f 1006/957/961 1018/970/973 1017/969/972 1005/956/960
f 1007/958/962 1019/971/974 1018/970/973 1006/957/961
f 1008/959/963 1020/972/975 1019/971/974 1007/958/962
f 1009/960/964 1021/973/976 1020/972/975 1008/959/963
f 1010/949/965 1022/962/977 1021/973/976 1009/960/964
f 1011/961/966 1023/974/978 1034/975/989 1022/962/977
f 1012/963/967 1024/976/979 1023/977/978 1011/964/966
f 1013/965/968 1025/978/980 1024/976/979 1012/963/967
f 1014/966/969 1026/979/981 1025/978/980 1013/965/968
f 1015/967/970 1027/980/982 1026/979/981 1014/966/969
f 1016/968/971 1028/981/983 1027/980/982 1015/967/970
f 1017/969/972 1029/982/984 1028/981/983 1016/968/971
f 1018/970/973 1030/983/985 1029/982/984 1017/969/972
f 1019/971/974 1031/984/986 1030/983/985 1018/970/973
f 1020/972/975 1032/985/987 1031/984/986 1019/971/974
f 1021/973/976 1033/986/988 1032/985/987 1020/972/975
f 1022/962/977 1034/975/989 1033/986/988 1021/973/976
f 1023/974/978 1035/987/990 1046/988/1001 1034/975/989
f 1024/976/979 1036/989/991 1035/990/990 1023/977/978
f 1025/978/980 1037/991/992 1036/989/991 1024/976/979
f 1026/979/981 1038/992/993 1037/991/992 1025/978/980
f 1027/980/982 1039/993/994 1038/992/993 1026/979/981
f 1028/981/983 1040/994/995 1039/993/994 1027/980/982
f 1029/982/984 1041/995/996 1040/994/995 1028/981/983
f 1030/983/985 1042/996/997 1041/995/996 1029/982/984
f 1031/984/986 1043/997/998 1042/996/997 1030/983/985
f 1032/985/987 1044/998/999 1043/997/998 1031/984/986
f 1033/986/988 1045/999/1000 1044/998/999 1032/985/987
f 1034/975/989 1046/988/1001 1045/999/1000 1033/986/988
f 1035/987/990 1047/1000/1002 1058/1001/1013 1046/988/1001
f 1036/989/991 1048/1002/1003 1047/1003/1002 1035/990/990
f 1037/991/992 1049/1004/1004 1048/1002/1003 1036/989/991
f 1038/992/993 1050/1005/1005 1049/1004/1004 1037/991/992
f 1039/993/994 1051/1006/1006 1050/1005/1005 1038/992/993
f 1040/994/995 1052/1007/1007 1051/1006/1006 1039/993/994
f 1041/995/996 1053/1008/1008 1052/1007/1007 1040/994/995
f 1042/996/997 1054/1009/1009 1053/1008/1008 1041/995/996
f 1043/997/998 1055/1010/1010 1054/1009/1009 1042/996/997
f 1044/998/999 1056/1011/1011 1055/1010/1010 1043/997/998
f 1045/999/1000 1057/1012/1012 1056/1011/1011 1044/998/999
f 1046/988/1001 1058/1001/1013 1057/1012/1012 1045/999/1000
f 1047/1000/1002 1059/1013/1014 1070/1014/1025 1058/1001/1013
f 1048/1002/1003 1060/1015/1015 1059/1016/1014 1047/1003/1002
f 1049/1004/1004 1061/1017/1016 1060/1015/1015 1048/1002/1003
f 1050/1005/1005 1062/1018/1017 1061/1017/1016 1049/1004/1004
f 1051/1006/1006 1063/1019/1018 1062/1018/1017 1050/1005/1005
f 1052/1007/1007 1064/1020/1019 1063/1019/1018 1051/1006/1006
f 1053/1008/1008 1065/1021/1020 1064/1020/1019 1052/1007/1007
f 1054/1009/1009 1066/1022/1021 1065/1021/1020 1053/1008/1008
f 1055/1010/1010 1067/1023/1022 1066/1022/1021 1054/1009/1009
f 1056/1011/1011 1068/1024/1023 1067/1023/1022 1055/1010/1010
f 1057/1012/1012 1069/1025/1024 1068/1024/1023 1056/1011/1011
f 1058/1001/1013 1070/1014/1025 1069/1025/1024 1057/1012/1012
f 1059/1013/1014 1071/1026/1026 1082/1027/1037 1070/1014/1025
f 1060/1015/1015 1072/1028/1027 1071/1029/1026 1059/1016/1014
f 1061/1017/1016 1073/1030/1028 1072/1028/1027 1060/1015/1015
f 1062/1018/1017 1074/1031/1029 1073/1030/1028 1061/1017/1016
f 1063/1019/1018 1075/1032/1030 1074/1031/1029 1062/1018/1017
f 1064/1020/1019 1076/1033/1031 1075/1032/1030 1063/1019/1018
f 1065/1021/1020 1077/1034/1032 1076/1033/1031 1064/1020/1019
f 1066/1022/1021 1078/1035/1033 1077/1034/1032 1065/1021/1020
f 1067/1023/1022 1079/1036/1034 1078/1035/1033 1066/1022/1021
f 1068/1024/1023 1080/1037/1035 1079/1036/1034 1067/1023/1022
f 1069/1025/1024 1081/1038/1036 1080/1037/1035 1068/1024/1023
f 1070/1014/1025 1082/1027/1037 1081/1038/1036 1069/1025/1024
f 1071/1026/1026 1083/1039/1038 1094/1040/1049 1082/1027/1037
f 1072/1028/1027 1084/1041/1039 1083/1042/1038 1071/1029/1026
f 1073/1030/1028 1085/1043/1040 1084/1041/1039 1072/1028/1027
f 1074/1031/1029 1086/1044/1041 1085/1043/1040 1073/1030/1028
f 1075/1032/1030 1087/1045/1042 1086/1044/1041 1074/1031/1029
f 1076/1033/1031 1088/1046/1043 1087/1045/1042 1075/1032/1030
f 1077/1034/1032 1089/1047/1044 1088/1046/1043 1076/1033/1031
f 1078/1035/1033 1090/1048/1045 1089/1047/1044 1077/1034/1032
f 1079/1036/1034 1091/1049/1046 1090/1048/1045 1078/1035/1033
f 1080/1037/1035 1092/1050/1047 1091/1049/1046 1079/1036/1034
f 1081/1038/1036 1093/1051/1048 1092/1050/1047 1080/1037/1035
f 1082/1027/1037 1094/1040/1049 1093/1051/1048 1081/1038/1036
f 1083/1039/1038 1095/1052/1050 1106/1053/1061 1094/1040/1049
f 1084/1041/1039 1096/1054/1051 1095/1055/1050 1083/1042/1038
f 1085/1043/1040 1097/1056/1052 1096/1054/1051 1084/1041/1039
f 1086/1044/1041 1098/1057/1053 1097/1056/1052 1085/1043/1040
f 1087/1045/1042 1099/1058/1054 1098/1057/1053 1086/1044/1041
f 1088/1046/1043 1100/1059/1055 1099/1058/1054 1087/1045/1042
f 1089/1047/1044 1101/1060/1056 1100/1059/1055 1088/1046/1043
f 1090/1048/1045 1102/1061/1057 1101/1060/1056 1089/1047/1044
f 1091/1049/1046 1103/1062/1058 1102/1061/1057 1090/1048/1045
f 1092/1050/1047 1104/1063/1059 1103/1062/1058 1091/1049/1046
f 1093/1051/1048 1105/1064/1060 1104/1063/1059 1092/1050/1047
f 1094/1040/1049 1106/1053/1061 1105/1064/1060 1093/1051/1048
f 1095/1052/1050 1107/1065/1062 1118/1066/1073 1106/1053/1061
f 1096/1054/1051 1108/1067/1063 1107/1068/1062 1095/1055/1050
f 1097/1056/1052 1109/1069/1064 1108/1067/1063 1096/1054/1051
f 1098/1057/1053 1110/1070/1065 1109/1069/1064 1097/1056/1052
f 1099/1058/1054 1111/1071/1066 1110/1070/1065 1098/1057/1053
f 1100/1059/1055 1112/1072/1067 1111/1071/1066 1099/1058/1054
f 1101/1060/1056 1113/1073/1068 1112/1072/1067 1100/1059/1055
f 1102/1061/1057 1114/1074/1069 1113/1073/1068 1101/1060/1056
f 1103/1062/1058 1115/1075/1070 1114/1074/1069 1102/1061/1057
f 1104/1063/1059 1116/1076/1071 1115/1075/1070 1103/1062/1058
f 1105/1064/1060 1117/1077/1072 1116/1076/1071 1104/1063/1059
f 1106/1053/1061 1118/1066/1073 1117/1077/1072 1105/1064/1060
f 1107/1065/1062 1119/1078/1074 1130/1079/1085 1118/1066/1073
f 1108/1067/1063 1120/1080/1075 1119/1081/1074 1107/1068/1062
f 1109/1069/1064 1121/1082/1076 1120/1080/1075 1108/1067/1063
f 1110/1070/1065 1122/1083/1077 1121/1082/1076 1109/1069/1064
f 1111/1071/1066 1123/1084/1078 1122/1083/1077 1110/1070/1065
f 1112/1072/1067 1124/1085/1079 1123/1084/1078 1111/1071/1066
f 1113/1073/1068 1125/1086/1080 1124/1085/1079 1112/1072/1067
f 1114/1074/1069 1126/1087/1081 1125/1086/1080 1113/1073/1068
f 1115/1075/1070 1127/1088/1082 1126/1087/1081 1114/1074/1069
f 1116/1076/1071 1128/1089/1083 1127/1088/1082 1115/1075/1070
f 1117/1077/1072 1129/1090/1084 1128/1089/1083 1116/1076/1071
f 1118/1066/1073 1130/1079/1085 1129/1090/1084 1117/1077/1072
f 1119/1078/1074 1131/1091/1086 1142/1092/1097 1130/1079/1085
f 1120/1080/1075 1132/1093/1087 1131/1094/1086 1119/1081/1074
f 1121/1082/1076 1133/1095/1088 1132/1093/1087 1120/1080/1075
f 1122/1083/1077 1134/1096/1089 1133/1095/1088 1121/1082/1076
f 1123/1084/1078 1135/1097/1090 1134/1096/1089 1122/1083/1077
f 1124/1085/1079 1136/1098/1091 1135/1097/1090 1123/1084/1078
f 1125/1086/1080 1137/1099/1092 1136/1098/1091 1124/1085/1079
f 1126/1087/1081 1138/1100/1093 1137/1099/1092 1125/1086/1080
f 1127/1088/1082 1139/1101/1094 1138/1100/1093 1126/1087/1081
f 1128/1089/1083 1140/1102/1095 1139/1101/1094 1127/1088/1082
f 1129/1090/1084 1141/1103/1096 1140/1102/1095 1128/1089/1083
f 1130/1079/1085 1142/1092/1097 1141/1103/1096 1129/1090/1084
f 1131/1091/1086 1143/1104/1098 1154/1105/1109 1142/1092/1097
f 1132/1093/1087 1144/1106/1099 1143/1107/1098 1131/1094/1086
f 1133/1095/1088 1145/1108/1100 1144/1106/1099 1132/1093/1087
f 1134/1096/1089 1146/1109/1101 1145/1108/1100 1133/1095/1088
f 1135/1097/1090 1147/1110/1102 1146/1109/1101 1134/1096/1089
f 1136/1098/1091 1148/1111/1103 1147/1110/1102 1135/1097/1090
f 1137/1099/1092 1149/1112/1104 1148/1111/1103 1136/1098/1091
f 1138/1100/1093 1150/1113/1105 1149/1112/1104 1137/1099/1092
f 1139/1101/1094 1151/1114/1106 1150/1113/1105 1138/1100/1093
f 1140/1102/1095 1152/1115/1107 1151/1114/1106 1139/1101/1094
f 1141/1103/1096 1153/1116/1108 1152/1115/1107 1140/1102/1095
f 1142/1092/1097 1154/1105/1109 1153/1116/1108 1141/1103/1096
f 1143/1104/1098 1155/1117/1110 1166/1118/1121 1154/1105/1109
f 1144/1106/1099 1156/1119/1111 1155/1120/1110 1143/1107/1098
f 1145/1108/1100 1157/1121/1112 1156/1119/1111 1144/1106/1099
f 1146/1109/1101 1158/1122/1113 1157/1121/1112 1145/1108/1100
f 1147/1110/1102 1159/1123/1114 1158/1122/1113 1146/1109/1101
f 1148/1111/1103 1160/1124/1115 1159/1123/1114 1147/1110/1102
f 1149/1112/1104 1161/1125/1116 1160/1124/1115 1148/1111/1103
f 1150/1113/1105 1162/1126/1117 1161/1125/1116 1149/1112/1104
f 1151/1114/1106 1163/1127/1118 1162/1126/1117 1150/1113/1105
f 1152/1115/1107 1164/1128/1119 1163/1127/1118 1151/1114/1106
f 1153/1116/1108 1165/1129/1120 1164/1128/1119 1152/1115/1107
f 1154/1105/1109 1166/1118/1121 1165/1129/1120 1153/1116/1108
f 1155/1117/1110 1167/1130/1122 1178/1131/1133 1166/1118/1121
f 1156/1119/1111 1168/1132/1123 1167/1133/1122 1155/1120/1110
f 1157/1121/1112 1169/1134/1124 1168/1132/1123 1156/1119/1111
f 1158/1122/1113 1170/1135/1125 1169/1134/1124 1157/1121/1112
f 1159/1123/1114 1171/1136/1126 1170/1135/1125 1158/1122/1113
f 1160/1124/1115 1172/1137/1127 1171/1136/1126 1159/1123/1114
f 1161/1125/1116 1173/1138/1128 1172/1137/1127 1160/1124/1115
f 1162/1126/1117 1174/1139/1129 1173/1138/1128 1161/1125/1116
f 1163/1127/1118 1175/1140/1130 1174/1139/1129 1162/1126/1117
f 1164/1128/1119 1176/1141/1131 1175/1140/1130 1163/1127/1118
f 1165/1129/1120 1177/1142/1132 1176/1141/1131 1164/1128/1119
f 1166/1118/1121 1178/1131/1133 1177/1142/1132 1165/1129/1120
f 1167/1130/1122 1179/1143/1134 1190/1144/1145 1178/1131/1133
f 1168/1132/1123 1180/1145/1135 1179/1146/1134 1167/1133/1122
f 1169/1134/1124 1181/1147/1136 1180/1145/1135 1168/1132/1123
f 1170/1135/1125 1182/1148/1137 1181/1147/1136 1169/1134/1124
f 1171/1136/1126 1183/1149/1138 1182/1148/1137 1170/1135/1125
f 1172/1137/1127 1184/1150/1139 1183/1149/1138 1171/1136/1126
f 1173/1138/1128 1185/1151/1140 1184/1150/1139 1172/1137/1127
f 1174/1139/1129 1186/1152/1141 1185/1151/1140 1173/1138/1128
f 1175/1140/1130 1187/1153/1142 1186/1152/1141 1174/1139/1129
f 1176/1141/1131 1188/1154/1143 1187/1153/1142 1175/1140/1130
f 1177/1142/1132 1189/1155/1144 1188/1154/1143 1176/1141/1131
f 1178/1131/1133 1190/1144/1145 1189/1155/1144 1177/1142/1132
f 1179/1143/1134 1191/1156/1146 1202/1157/1157 1190/1144/1145
f 1180/1145/1135 1192/1158/1147 1191/1159/1146 1179/1146/1134
f 1181/1147/1136 1193/1160/1148 1192/1158/1147 1180/1145/1135
f 1182/1148/1137 1194/1161/1149 1193/1160/1148 1181/1147/1136
f 1183/1149/1138 1195/1162/1150 1194/1161/1149 1182/1148/1137
f 1184/1150/1139 1196/1163/1151 1195/1162/1150 1183/1149/1138
f 1185/1151/1140 1197/1164/1152 1196/1163/1151 1184/1150/1139
f 1186/1152/1141 1198/1165/1153 1197/1164/1152 1185/1151/1140
f 1187/1153/1142 1199/1166/1154 1198/1165/1153 1186/1152/1141
f 1188/1154/1143 1200/1167/1155 1199/1166/1154 1187/1153/1142
f 1189/1155/1144 1201/1168/1156 1200/1167/1155 1188/1154/1143
f 1190/1144/1145 1202/1157/1157 1201/1168/1156 1189/1155/1144
f 1191/1156/1146 1203/1169/1158 1214/1170/1169 1202/1157/1157
f 1192/1158/1147 1204/1171/1159 1203/1172/1158 1191/1159/1146
f 1193/1160/1148 1205/1173/1160 1204/1171/1159 1192/1158/1147
f 1194/1161/1149 1206/1174/1161 1205/1173/1160 1193/1160/1148
f 1195/1162/1150 1207/1175/1162 1206/1174/1161 1194/1161/1149
f 1196/1163/1151 1208/1176/1163 1207/1175/1162 1195/1162/1150
f 1197/1164/1152 1209/1177/1164 1208/1176/1163 1196/1163/1151
f 1198/1165/1153 1210/1178/1165 1209/1177/1164 1197/1164/1152
f 1199/1166/1154 1211/1179/1166 1210/1178/1165 1198/1165/1153
f 1200/1167/1155 1212/1180/1167 1211/1179/1166 1199/1166/1154
f 1201/1168/1156 1213/1181/1168 1212/1180/1167 1200/1167/1155
f 1202/1157/1157 1214/1170/1169 1213/1181/1168 1201/1168/1156
f 1203/1169/1158 1215/1182/1170 1226/1183/1181 1214/1170/1169
f 1204/1171/1159 1216/1184/1171 1215/1185/1170 1203/1172/1158
f 1205/1173/1160 1217/1186/1172 1216/1184/1171 1204/1171/1159
f 1206/1174/1161 1218/1187/1173 1217/1186/1172 1205/1173/1160
f 1207/1175/1162 1219/1188/1174 1218/1187/1173 1206/1174/1161
f 1208/1176/1163 1220/1189/1175 1219/1188/1174 1207/1175/1162
f 1209/1177/1164 1221/1190/1176 1220/1189/1175 1208/1176/1163
f 1210/1178/1165 1222/1191/1177 1221/1190/1176 1209/1177/1164
f 1211/1179/1166 1223/1192/1178 1222/1191/1177 1210/1178/1165
f 1212/1180/1167 1224/1193/1179 1223/1192/1178 1211/1179/1166
f 1213/1181/1168 1225/1194/1180 1224/1193/1179 1212/1180/1167
f 1214/1170/1169 1226/1183/1181 1225/1194/1180 1213/1181/1168
f 1215/1182/1170 1227/1195/1182 1238/1196/1193 1226/1183/1181
f 1216/1184/1171 1228/1197/1183 1227/1198/1182 1215/1185/1170
f 1217/1186/1172 1229/1199/1184 1228/1197/1183 1216/1184/1171
f 1218/1187/1173 1230/1200/1185 1229/1199/1184 1217/1186/1172
f 1219/1188/1174 1231/1201/1186 1230/1200/1185 1218/1187/1173
f 1220/1189/1175 1232/1202/1187 1231/1201/1186 1219/1188/1174
f 1221/1190/1176 1233/1203/1188 1232/1202/1187 1220/1189/1175
f 1222/1191/1177 1234/1204/1189 1233/1203/1188 1221/1190/1176
f 1223/1192/1178 1235/1205/1190 1234/1204/1189 1222/1191/1177
f 1224/1193/1179 1236/1206/1191 1235/1205/1190 1223/1192/1178
f 1225/1194/1180 1237/1207/1192 1236/1206/1191 1224/1193/1179
f 1226/1183/1181 1238/1196/1193 1237/1207/1192 1225/1194/1180
f 1227/1195/1182 1239/1208/1194 1250/1209/1205 1238/1196/1193
f 1228/1197/1183 1240/1210/1195 1239/1211/1194 1227/1198/1182
f 1229/1199/1184 1241/1212/1196 1240/1210/1195 1228/1197/1183
f 1230/1200/1185 1242/1213/1197 1241/1212/1196 1229/1199/1184
f 1231/1201/1186 1243/1214/1198 1242/1213/1197 1230/1200/1185
f 1232/1202/1187 1244/1215/1199 1243/1214/1198 1231/1201/1186
f 1233/1203/1188 1245/1216/1200 1244/1215/1199 1232/1202/1187
f 1234/1204/1189 1246/1217/1201 1245/1216/1200 1233/1203/1188
f 1235/1205/1190 1247/1218/1202 1246/1217/1201 1234/1204/1189
f 1236/1206/1191 1248/1219/1203 1247/1218/1202 1235/1205/1190
f 1237/1207/1192 1249/1220/1204 1248/1219/1203 1236/1206/1191
f 1238/1196/1193 1250/1209/1205 1249/1220/1204 1237/1207/1192
f 1239/1208/1194 1251/1221/1206 1262/1222/1217 1250/1209/1205
f 1240/1210/1195 1252/1223/1207 1251/1224/1206 1239/1211/1194
f 1241/1212/1196 1253/1225/1208 1252/1223/1207 1240/1210/1195
f 1242/1213/1197 1254/1226/1209 1253/1225/1208 1241/1212/1196
f 1243/1214/1198 1255/1227/1210 1254/1226/1209 1242/1213/1197
f 1244/1215/1199 1256/1228/1211 1255/1227/1210 1243/1214/1198
f 1245/1216/1200 1257/1229/1212 1256/1228/1211 1244/1215/1199
f 1246/1217/1201 1258/1230/1213 1257/1229/1212 1245/1216/1200
f 1247/1218/1202 1259/1231/1214 1258/1230/1213 1246/1217/1201
f 1248/1219/1203 1260/1232/1215 1259/1231/1214 1247/1218/1202
f 1249/1220/1204 1261/1233/1216 1260/1232/1215 1248/1219/1203
f 1250/1209/1205 1262/1222/1217 1261/1233/1216 1249/1220/1204
f 1251/1221/1206 1263/1234/1218 1274/1235/1229 1262/1222/1217
f 1252/1223/1207 1264/1236/1219 1263/1237/1218 1251/1224/1206
f 1253/1225/1208 1265/1238/1220 1264/1236/1219 1252/1223/1207
f 1254/1226/1209 1266/1239/1221 1265/1238/1220 1253/1225/1208
f 1255/1227/1210 1267/1240/1222 1266/1239/1221 1254/1226/1209
f 1256/1228/1211 1268/1241/1223 1267/1240/1222 1255/1227/1210
f 1257/1229/1212 1269/1242/1224 1268/1241/1223 1256/1228/1211
f 1258/1230/1213 1270/1243/1225 1269/1242/1224 1257/1229/1212
f 1259/1231/1214 1271/1244/1226 1270/1243/1225 1258/1230/1213
f 1260/1232/1215 1272/1245/1227 1271/1244/1226 1259/1231/1214
f 1261/1233/1216 1273/1246/1228 1272/1245/1227 1260/1232/1215
f 1262/1222/1217 1274/1235/1229 1273/1246/1228 1261/1233/1216
f 1263/1234/1218 1275/1247/1230 1286/1248/1241 1274/1235/1229
f 1264/1236/1219 1276/1249/1231 1275/1250/1230 1263/1237/1218
f 1265/1238/1220 1277/1251/1232 1276/1249/1231 1264/1236/1219
f 1266/1239/1221 1278/1252/1233 1277/1251/1232 1265/1238/1220
f 1267/1240/1222 1279/1253/1234 1278/1252/1233 1266/1239/1221
f 1268/1241/1223 1280/1254/1235 1279/1253/1234 1267/1240/1222
f 1269/1242/1224 1281/1255/1236 1280/1254/1235 1268/1241/1223
f 1270/1243/1225 1282/1256/1237 1281/1255/1236 1269/1242/1224
f 1271/1244/1226 1283/1257/1238 1282/1256/1237 1270/1243/1225
f 1272/1245/1227 1284/1258/1239 1283/1257/1238 1271/1244/1226
f 1273/1246/1228 1285/1259/1240 1284/1258/1239 1272/1245/1227
f 1274/1235/1229 1286/1248/1241 1285/1259/1240 1273/1246/1228
f 1275/1247/1230 1287/1260/1242 1298/1261/1253 1286/1248/1241
f 1276/1249/1231 1288/1262/1243 1287/1263/1242 1275/1250/1230
f 1277/1251/1232 1289/1264/1244 1288/1262/1243 1276/1249/1231
f 1278/1252/1233 1290/1265/1245 1289/1264/1244 1277/1251/1232
f 1279/1253/1234 1291/1266/1246 1290/1265/1245 1278/1252/1233
f 1280/1254/1235 1292/1267/1247 1291/1266/1246 1279/1253/1234
f 1281/1255/1236 1293/1268/1248 1292/1267/1247 1280/1254/1235
f 1282/1256/1237 1294/1269/1249 1293/1268/1248 1281/1255/1236
f 1283/1257/1238 1295/1270/1250 1294/1269/1249 1282/1256/1237
f 1284/1258/1239 1296/1271/1251 1295/1270/1250 1283/1257/1238
f 1285/1259/1240 1297/1272/1252 1296/1271/1251 1284/1258/1239
f 1286/1248/1241 1298/1261/1253 1297/1272/1252 1285/1259/1240
f 1287/1260/1242 1299/1273/1254 1310/1274/1265 1298/1261/1253
f 1288/1262/1243 1300/1275/1255 1299/1276/1254 1287/1263/1242
f 1289/1264/1244 1301/1277/1256 1300/1275/1255 1288/1262/1243
f 1290/1265/1245 1302/1278/1257 1301/1277/1256 1289/1264/1244
f 1291/1266/1246 1303/1279/1258 1302/1278/1257 1290/1265/1245
f 1292/1267/1247 1304/1280/1259 1303/1279/1258 1291/1266/1246
f 1293/1268/1248 1305/1281/1260 1304/1280/1259 1292/1267/1247
f 1294/1269/1249 1306/1282/1261 1305/1281/1260 1293/1268/1248
f 1295/1270/1250 1307/1283/1262 1306/1282/1261 1294/1269/1249
f 1296/1271/1251 1308/1284/1263 1307/1283/1262 1295/1270/1250
f 1297/1272/1252 1309/1285/1264 1308/1284/1263 1296/1271/1251
f 1298/1261/1253 1310/1274/1265 1309/1285/1264 1297/1272/1252
f 1299/1273/1254 1311/1286/1266 1322/1287/1277 1310/1274/1265
f 1300/1275/1255 1312/1288/1267 1311/1289/1266 1299/1276/1254
f 1301/1277/1256 1313/1290/1268 1312/1288/1267 1300/1275/1255
f 1302/1278/1257 1314/1291/1269 1313/1290/1268 1301/1277/1256
f 1303/1279/1258 1315/1292/1270 1314/1291/1269 1302/1278/1257
f 1304/1280/1259 1316/1293/1271 1315/1292/1270 1303/1279/1258
f 1305/1281/1260 1317/1294/1272 1316/1293/1271 1304/1280/1259
f 1306/1282/1261 1318/1295/1273 1317/1294/1272 1305/1281/1260
f 1307/1283/1262 1319/1296/1274 1318/1295/1273 1306/1282/1261
f 1308/1284/1263 1320/1297/1275 1319/1296/1274 1307/1283/1262
f 1309/1285/1264 1321/1298/1276 1320/1297/1275 1308/1284/1263
f 1310/1274/1265 1322/1287/1277 1321/1298/1276 1309/1285/1264
f 1311/1286/1266 1323/1299/1278 1334/1300/1289 1322/1287/1277
f 1312/1288/1267 1324/1301/1279 1323/1302/1278 1311/1289/1266
f 1313/1290/1268 1325/1303/1280 1324/1301/1279 1312/1288/1267
f 1314/1291/1269 1326/1304/1281 1325/1303/1280 1313/1290/1268
f 1315/1292/1270 1327/1305/1282 1326/1304/1281 1314/1291/1269
f 1316/1293/1271 1328/1306/1283 1327/1305/1282 1315/1292/1270
f 1317/1294/1272 1329/1307/1284 1328/1306/1283 1316/1293/1271
f 1318/1295/1273 1330/1308/1285 1329/1307/1284 1317/1294/1272
f 1319/1296/1274 1331/1309/1286 1330/1308/1285 1318/1295/1273
f 1320/1297/1275 1332/1310/1287 1331/1309/1286 1319/1296/1274
f 1321/1298/1276 1333/1311/1288 1332/1310/1287 1320/1297/1275
f 1322/1287/1277 1334/1300/1289 1333/1311/1288 1321/1298/1276
f 1323/1299/1278 1335/1312/1290 1346/1313/1301 1334/1300/1289
f 1324/1301/1279 1336/1314/1291 1335/1315/1290 1323/1302/1278
f 1325/1303/1280 1337/1316/1292 1336/1314/1291 1324/1301/1279
f 1326/1304/1281 1338/1317/1293 1337/1316/1292 1325/1303/1280
f 1327/1305/1282 1339/1318/1294 1338/1317/1293 1326/1304/1281
f 1328/1306/1283 1340/1319/1295 1339/1318/1294 1327/1305/1282
f 1329/1307/1284 1341/1320/1296 1340/1319/1295 1328/1306/1283
f 1330/1308/1285 1342/1321/1297 1341/1320/1296 1329/1307/1284
f 1331/1309/1286 1343/1322/1298 1342/1321/1297 1330/1308/1285
f 1332/1310/1287 1344/1323/1299 1343/1322/1298 1331/1309/1286
f 1333/1311/1288 1345/1324/1300 1344/1323/1299 1332/1310/1287
f 1334/1300/1289 1346/1313/1301 1345/1324/1300 1333/1311/1288
f 1335/1312/1290 843/1325/798 854/1326/809 1346/1313/1301
f 1336/1314/1291 844/1327/799 843/1328/798 1335/1315/1290
f 1337/1316/1292 845/1329/800 844/1327/799 1336/1314/1291
f 1338/1317/1293 846/1330/801 845/1329/800 1337/1316/1292
f 1339/1318/1294 847/1331/802 846/1330/801 1338/1317/1293
f 1340/1319/1295 848/1332/803 847/1331/802 1339/1318/1294
f 1341/1320/1296 849/1333/804 848/1332/803 1340/1319/1295
f 1342/1321/1297 850/1334/805 849/1333/804 1341/1320/1296
f 1343/1322/1298 851/1335/806 850/1334/805 1342/1321/1297
f 1344/1323/1299 852/1336/807 851/1335/806 1343/1322/1298
f 1345/1324/1300 853/1337/808 852/1336/807 1344/1323/1299
f 1346/1313/1301 854/1326/809 853/1337/808 1345/1324/1300
o NurbsPath.003
v -0.006844 0.320871 -0.166296
v -0.006581 0.321160 -0.167557
v -0.006488 0.320787 -0.168820
v -0.006590 0.319852 -0.169747
v -0.006859 0.318605 -0.170089
v -0.007224 0.317381 -0.169754
v -0.007586 0.316507 -0.168832
v -0.007848 0.316218 -0.167571
v -0.007941 0.316591 -0.166308
v -0.007839 0.317526 -0.165381
v -0.007570 0.318773 -0.165040
v -0.007206 0.319997 -0.165374
v -0.011745 0.324007 -0.168050
v -0.011053 0.324068 -0.169173
v -0.010792 0.323607 -0.170382
v -0.011034 0.322746 -0.171354
v -0.011713 0.321718 -0.171829
v -0.012647 0.320797 -0.171678
v -0.013586 0.320230 -0.170943
v -0.014278 0.320169 -0.169820
v -0.014538 0.320630 -0.168611
v -0.014296 0.321491 -0.167639
v -0.013618 0.322519 -0.167164
v -0.012684 0.323440 -0.167315
v -0.013933 0.327038 -0.170025
v -0.013052 0.326863 -0.170992
v -0.012695 0.326281 -0.172123
v -0.012958 0.325449 -0.173113
v -0.013771 0.324588 -0.173698
v -0.014916 0.323931 -0.173721
v -0.016086 0.323652 -0.173176
v -0.016968 0.323828 -0.172209
v -0.017324 0.324409 -0.171078
v -0.017061 0.325242 -0.170088
v -0.016248 0.326102 -0.169503
v -0.015103 0.326759 -0.169480
v -0.014896 0.329415 -0.171756
v -0.013940 0.329066 -0.172599
v -0.013543 0.328390 -0.173661
v -0.013810 0.327567 -0.174658
v -0.014670 0.326818 -0.175324
v -0.015892 0.326344 -0.175479
v -0.017150 0.326271 -0.175083
v -0.018105 0.326620 -0.174241
v -0.018502 0.327296 -0.173178
v -0.018235 0.328119 -0.172181
v -0.017376 0.328868 -0.171515
v -0.016153 0.329342 -0.171360
v -0.015259 0.331414 -0.173285
v -0.014287 0.330998 -0.174076
v -0.013882 0.330292 -0.175116
v -0.014153 0.329486 -0.176126
v -0.015027 0.328795 -0.176836
v -0.016269 0.328406 -0.177055
v -0.017547 0.328421 -0.176724
v -0.018519 0.328837 -0.175933
v -0.018924 0.329543 -0.174894
v -0.018653 0.330349 -0.173883
v -0.017780 0.331040 -0.173174
v -0.016538 0.331430 -0.172955
v -0.015643 0.333529 -0.174839
v -0.014695 0.333209 -0.175700
v -0.014304 0.332562 -0.176782
v -0.014575 0.331760 -0.177795
v -0.015436 0.331020 -0.178469
v -0.016656 0.330538 -0.178622
v -0.017908 0.330445 -0.178213
v -0.018856 0.330765 -0.177352
v -0.019248 0.331412 -0.176270
v -0.018976 0.332214 -0.175256
v -0.018115 0.332954 -0.174583
v -0.016895 0.333436 -0.174430
v -0.016730 0.336030 -0.176543
v -0.015844 0.335861 -0.177508
v -0.015487 0.335295 -0.178646
v -0.015754 0.334484 -0.179653
v -0.016573 0.333644 -0.180259
v -0.017725 0.333001 -0.180301
v -0.018902 0.332727 -0.179769
v -0.019788 0.332896 -0.178804
v -0.020145 0.333461 -0.177666
v -0.019879 0.334273 -0.176659
v -0.019060 0.335113 -0.176053
v -0.017907 0.335756 -0.176011
v -0.018516 0.338835 -0.178358
v -0.017655 0.338711 -0.179350
v -0.017312 0.338172 -0.180506
v -0.017580 0.337364 -0.181515
v -0.018387 0.336502 -0.182107
v -0.019516 0.335819 -0.182124
v -0.020666 0.335496 -0.181560
v -0.021528 0.335621 -0.180567
v -0.021870 0.336159 -0.179411
v -0.021602 0.336968 -0.178402
v -0.020795 0.337829 -0.177810
v -0.019666 0.338513 -0.177794
v -0.020071 0.341604 -0.180125
v -0.019146 0.341346 -0.181031
v -0.018778 0.340753 -0.182152
v -0.019065 0.339986 -0.183188
v -0.019929 0.339248 -0.183860
v -0.021140 0.338738 -0.183988
v -0.022374 0.338593 -0.183539
v -0.023298 0.338851 -0.182632
v -0.023667 0.339443 -0.181511
v -0.023380 0.340211 -0.180476
v -0.022515 0.340949 -0.179804
v -0.021304 0.341458 -0.179676
v -0.020495 0.344135 -0.181768
v -0.019531 0.343614 -0.182504
v -0.019146 0.342913 -0.183555
v -0.019443 0.342221 -0.184639
v -0.020344 0.341722 -0.185466
v -0.021606 0.341551 -0.185814
v -0.022891 0.341753 -0.185591
v -0.023856 0.342274 -0.184855
v -0.024241 0.342974 -0.183804
v -0.023943 0.343667 -0.182720
v -0.023043 0.344166 -0.181893
v -0.021781 0.344337 -0.181544
v -0.019765 0.346916 -0.183583
v -0.018828 0.346230 -0.184212
v -0.018453 0.345467 -0.185222
v -0.018740 0.344832 -0.186344
v -0.019612 0.344495 -0.187276
v -0.020836 0.344546 -0.187768
v -0.022084 0.344971 -0.187690
v -0.023021 0.345657 -0.187061
v -0.023396 0.346419 -0.186050
v -0.023109 0.347055 -0.184929
v -0.022236 0.347392 -0.183997
v -0.021012 0.347341 -0.183504
v -0.018462 0.350695 -0.185978
v -0.017521 0.350022 -0.186615
v -0.017141 0.349274 -0.187634
v -0.017424 0.348651 -0.188764
v -0.018294 0.348320 -0.189700
v -0.019518 0.348370 -0.190193
v -0.020768 0.348788 -0.190109
v -0.021709 0.349460 -0.189473
v -0.022089 0.350208 -0.188453
v -0.021806 0.350831 -0.187324
v -0.020936 0.351162 -0.186387
v -0.019712 0.351112 -0.185895
v -0.017180 0.356010 -0.189253
v -0.016222 0.355407 -0.189932
v -0.015833 0.354694 -0.190973
v -0.016118 0.354061 -0.192096
v -0.017001 0.353678 -0.193001
v -0.018244 0.353648 -0.193445
v -0.019515 0.353979 -0.193308
v -0.020473 0.354582 -0.192629
v -0.020862 0.355296 -0.191588
v -0.020577 0.355929 -0.190465
v -0.019694 0.356311 -0.189560
v -0.018451 0.356341 -0.189116
v -0.016108 0.363217 -0.193645
v -0.015143 0.362651 -0.194347
v -0.014751 0.361955 -0.195399
v -0.015037 0.361315 -0.196518
v -0.015924 0.360902 -0.197404
v -0.017175 0.360828 -0.197821
v -0.018454 0.361111 -0.197657
v -0.019418 0.361677 -0.196955
v -0.019810 0.362373 -0.195904
v -0.019524 0.363013 -0.194785
v -0.018637 0.363426 -0.193898
v -0.017387 0.363500 -0.193481
v -0.014914 0.371872 -0.198905
v -0.013955 0.371272 -0.199585
v -0.013565 0.370564 -0.200629
v -0.013848 0.369937 -0.201756
v -0.014729 0.369561 -0.202665
v -0.015971 0.369535 -0.203112
v -0.017242 0.369867 -0.202978
v -0.018201 0.370467 -0.202297
v -0.018591 0.371175 -0.201253
v -0.018308 0.371802 -0.200126
v -0.017427 0.372178 -0.199217
v -0.016185 0.372204 -0.198770
v -0.012778 0.380250 -0.203949
v -0.011864 0.379502 -0.204541
v -0.011490 0.378740 -0.205552
v -0.011756 0.378166 -0.206711
v -0.012591 0.377935 -0.207707
v -0.013771 0.378108 -0.208274
v -0.014980 0.378639 -0.208260
v -0.015893 0.379387 -0.207668
v -0.016267 0.380149 -0.206657
v -0.016001 0.380723 -0.205498
v -0.015166 0.380954 -0.204501
v -0.013986 0.380781 -0.203935
v -0.009013 0.386296 -0.207493
v -0.008281 0.385289 -0.207933
v -0.007975 0.384430 -0.208887
v -0.008177 0.383947 -0.210100
v -0.008833 0.383971 -0.211245
v -0.009767 0.384495 -0.212018
v -0.010729 0.385379 -0.212209
v -0.011461 0.386386 -0.211769
v -0.011767 0.387246 -0.210815
v -0.011565 0.387728 -0.209603
v -0.010910 0.387704 -0.208457
v -0.009975 0.387180 -0.207685
v -0.003906 0.389394 -0.209181
v -0.003536 0.388168 -0.209500
v -0.003367 0.387224 -0.210408
v -0.003445 0.386816 -0.211662
v -0.003749 0.387053 -0.212924
v -0.004198 0.387872 -0.213858
v -0.004670 0.389053 -0.214213
v -0.005041 0.390279 -0.213894
v -0.005210 0.391223 -0.212986
v -0.005132 0.391631 -0.211733
v -0.004828 0.391394 -0.210470
v -0.004379 0.390575 -0.209536
v 0.001537 0.390113 -0.209429
v 0.001487 0.388827 -0.209725
v 0.001487 0.387859 -0.210624
v 0.001539 0.387469 -0.211884
v 0.001628 0.387761 -0.213169
v 0.001731 0.388657 -0.214133
v 0.001819 0.389916 -0.214519
v 0.001869 0.391202 -0.214224
v 0.001869 0.392170 -0.213325
v 0.001817 0.392560 -0.212065
v 0.001728 0.392268 -0.210780
v 0.001625 0.391372 -0.209816
v 0.006358 0.388944 -0.208635
v 0.005896 0.387761 -0.208998
v 0.005720 0.386838 -0.209925
v 0.005876 0.386421 -0.211168
v 0.006323 0.386622 -0.212394
v 0.006941 0.387388 -0.213275
v 0.007565 0.388513 -0.213573
v 0.008027 0.389696 -0.213210
v 0.008203 0.390619 -0.212283
v 0.008046 0.391036 -0.211040
v 0.007599 0.390834 -0.209814
v 0.006981 0.390069 -0.208934
v 0.010142 0.385981 -0.206956
v 0.009366 0.385036 -0.207453
v 0.009049 0.384218 -0.208440
v 0.009275 0.383748 -0.209653
v 0.009985 0.383751 -0.210766
v 0.010987 0.384226 -0.211482
v 0.012014 0.385047 -0.211608
v 0.012790 0.385993 -0.211111
v 0.013107 0.386810 -0.210124
v 0.012880 0.387280 -0.208912
v 0.012171 0.387277 -0.207798
v 0.011168 0.386802 -0.207082
v 0.012853 0.381135 -0.204354
v 0.011933 0.380423 -0.204978
v 0.011554 0.379704 -0.206020
v 0.011818 0.379172 -0.207199
v 0.012655 0.378968 -0.208200
v 0.013840 0.379148 -0.208754
v 0.015055 0.379663 -0.208714
v 0.015975 0.380375 -0.208090
v 0.016354 0.381093 -0.207049
v 0.016089 0.381625 -0.205870
v 0.015253 0.381829 -0.204869
v 0.014068 0.381650 -0.204314
v 0.014580 0.374491 -0.200718
v 0.013621 0.373911 -0.201415
v 0.013229 0.373233 -0.202478
v 0.013511 0.372641 -0.203624
v 0.014391 0.372292 -0.204545
v 0.015632 0.372280 -0.204995
v 0.016903 0.372609 -0.204852
v 0.017863 0.373190 -0.204155
v 0.018254 0.373867 -0.203092
v 0.017972 0.374459 -0.201946
v 0.017093 0.374808 -0.201025
v 0.015851 0.374820 -0.200575
v 0.015613 0.366488 -0.196057
v 0.014647 0.365946 -0.196776
v 0.014256 0.365265 -0.197837
v 0.014544 0.364627 -0.198957
v 0.015435 0.364203 -0.199834
v 0.016689 0.364107 -0.200235
v 0.017971 0.364364 -0.200051
v 0.018937 0.364906 -0.199333
v 0.019329 0.365588 -0.198271
v 0.019040 0.366226 -0.197152
v 0.018149 0.366650 -0.196274
v 0.016895 0.366746 -0.195874
v 0.016449 0.358151 -0.190910
v 0.015486 0.357580 -0.191611
v 0.015098 0.356871 -0.192655
v 0.015389 0.356213 -0.193762
v 0.016280 0.355784 -0.194637
v 0.017533 0.355697 -0.195044
v 0.018812 0.355977 -0.194875
v 0.019775 0.356548 -0.194174
v 0.020163 0.357258 -0.193130
v 0.019872 0.357915 -0.192023
v 0.018981 0.358344 -0.191148
v 0.017728 0.358431 -0.190741
v 0.017681 0.350974 -0.186310
v 0.016735 0.350316 -0.186954
v 0.016355 0.349562 -0.187970
v 0.016643 0.348913 -0.189083
v 0.017522 0.348544 -0.189996
v 0.018757 0.348552 -0.190465
v 0.020016 0.348937 -0.190363
v 0.020962 0.349594 -0.189718
v 0.021342 0.350349 -0.188703
v 0.021054 0.350997 -0.187589
v 0.020174 0.351367 -0.186676
v 0.018940 0.351358 -0.186208
v 0.019392 0.345902 -0.182983
v 0.018475 0.345155 -0.183570
v 0.018107 0.344360 -0.184558
v 0.018389 0.343729 -0.185683
v 0.019245 0.343433 -0.186644
v 0.020444 0.343549 -0.187184
v 0.021667 0.344047 -0.187157
v 0.022585 0.344794 -0.186570
v 0.022952 0.345589 -0.185582
v 0.022670 0.346220 -0.184457
v 0.021814 0.346516 -0.183496
v 0.020615 0.346400 -0.182956
v 0.020802 0.342790 -0.180924
v 0.019863 0.342104 -0.181550
v 0.019486 0.341336 -0.182556
v 0.019772 0.340692 -0.183672
v 0.020645 0.340343 -0.184600
v 0.021870 0.340384 -0.185090
v 0.023120 0.340803 -0.185012
v 0.024059 0.341489 -0.184386
v 0.024436 0.342257 -0.183380
v 0.024149 0.342902 -0.182264
v 0.023277 0.343250 -0.181336
v 0.022051 0.343209 -0.180846
v 0.021116 0.340830 -0.179657
v 0.020154 0.340443 -0.180473
v 0.019766 0.339810 -0.181565
v 0.020057 0.339099 -0.182639
v 0.020949 0.338502 -0.183408
v 0.022203 0.338178 -0.183665
v 0.023483 0.338214 -0.183342
v 0.024445 0.338600 -0.182525
v 0.024833 0.339234 -0.181434
v 0.024542 0.339944 -0.180360
v 0.023650 0.340542 -0.179591
v 0.022396 0.340866 -0.179334
v 0.020379 0.339122 -0.178621
v 0.019513 0.339024 -0.179613
v 0.019170 0.338525 -0.180786
v 0.019442 0.337758 -0.181827
v 0.020256 0.336930 -0.182455
v 0.021394 0.336262 -0.182504
v 0.022551 0.335934 -0.181959
v 0.023417 0.336032 -0.180967
v 0.023760 0.336531 -0.179794
v 0.023488 0.337297 -0.178754
v 0.022674 0.338125 -0.178125
v 0.021536 0.338793 -0.178076
v 0.018985 0.337190 -0.177517
v 0.018170 0.337172 -0.178556
v 0.017850 0.336710 -0.179751
v 0.018112 0.335929 -0.180783
v 0.018886 0.335038 -0.181375
v 0.019963 0.334275 -0.181368
v 0.021056 0.333845 -0.180765
v 0.021872 0.333863 -0.179727
v 0.022191 0.334324 -0.178531
v 0.021929 0.335105 -0.177500
v 0.021156 0.335996 -0.176908
v 0.020078 0.336759 -0.176914
v 0.017438 0.334995 -0.176242
v 0.016585 0.334921 -0.177247
v 0.016239 0.334421 -0.178419
v 0.016492 0.333628 -0.179443
v 0.017277 0.332754 -0.180046
v 0.018384 0.332035 -0.180066
v 0.019516 0.331662 -0.179498
v 0.020369 0.331735 -0.178493
v 0.020716 0.332235 -0.177321
v 0.020462 0.333029 -0.176296
v 0.019677 0.333902 -0.175693
v 0.018570 0.334622 -0.175673
v 0.016030 0.332543 -0.174647
v 0.015116 0.332364 -0.175582
v 0.014725 0.331788 -0.176704
v 0.014962 0.330967 -0.177711
v 0.015763 0.330122 -0.178333
v 0.016915 0.329480 -0.178404
v 0.018108 0.329212 -0.177905
v 0.019022 0.329391 -0.176969
v 0.019413 0.329968 -0.175848
v 0.019176 0.330788 -0.174841
v 0.018374 0.331633 -0.174219
v 0.017223 0.332275 -0.174147
v 0.014816 0.329874 -0.172679
v 0.013863 0.329613 -0.173554
v 0.013441 0.328972 -0.174629
v 0.013665 0.328124 -0.175616
v 0.014473 0.327295 -0.176250
v 0.015650 0.326707 -0.176361
v 0.016881 0.326518 -0.175920
v 0.017834 0.326779 -0.175045
v 0.018256 0.327420 -0.173970
v 0.018032 0.328268 -0.172983
v 0.017223 0.329097 -0.172349
v 0.016046 0.329685 -0.172238
v 0.013736 0.327160 -0.170535
v 0.012780 0.326893 -0.171405
v 0.012352 0.326241 -0.172471
v 0.012569 0.325377 -0.173446
v 0.013372 0.324535 -0.174070
v 0.014545 0.323939 -0.174175
v 0.015775 0.323749 -0.173734
v 0.016732 0.324016 -0.172864
v 0.017159 0.324669 -0.171799
v 0.016942 0.325532 -0.170823
v 0.016140 0.326374 -0.170199
v 0.014966 0.326971 -0.170094
v 0.012578 0.324713 -0.168609
v 0.011696 0.324580 -0.169582
v 0.011308 0.323999 -0.170702
v 0.011519 0.323126 -0.171670
v 0.012272 0.322195 -0.172226
v 0.013365 0.321455 -0.172222
v 0.014507 0.321105 -0.171657
v 0.015389 0.321238 -0.170684
v 0.015777 0.321819 -0.169564
v 0.015567 0.322692 -0.168596
v 0.014813 0.323623 -0.168040
v 0.013720 0.324363 -0.168045
v 0.010917 0.322843 -0.167267
v 0.010334 0.322992 -0.168442
v 0.010099 0.322555 -0.169666
v 0.010273 0.321648 -0.170609
v 0.010810 0.320514 -0.171020
v 0.011566 0.319457 -0.170788
v 0.012340 0.318760 -0.169976
v 0.012922 0.318610 -0.168800
v 0.013158 0.319048 -0.167577
v 0.012984 0.319955 -0.166633
v 0.012447 0.321089 -0.166222
v 0.011690 0.322146 -0.166454
v 0.006827 0.321546 -0.166559
v 0.006651 0.321851 -0.167832
v 0.006596 0.321483 -0.169099
v 0.006677 0.320540 -0.170020
v 0.006873 0.319277 -0.170350
v 0.007131 0.318030 -0.169999
v 0.007381 0.317135 -0.169061
v 0.007558 0.316830 -0.167789
v 0.007613 0.317199 -0.166522
v 0.007532 0.318141 -0.165600
v 0.007336 0.319404 -0.165271
v 0.007078 0.320651 -0.165622
vn 0.1314 0.8262 0.5479
vn 0.2461 0.9684 0.0416
vn 0.2887 0.8201 -0.4940
vn 0.2412 0.4198 -0.8750
vn 0.1259 -0.0884 -0.9881
vn -0.0173 -0.5546 -0.8319
vn -0.1524 -0.8709 -0.4672
vn -0.2486 -0.9685 0.0132
vn -0.2830 -0.8238 0.4913
vn -0.2469 -0.4732 0.8457
vn -0.1496 -0.0061 0.9887
vn -0.0134 0.4650 0.8852
vn 0.3452 0.7323 0.5870
vn 0.6315 0.7615 0.1459
vn 0.7425 0.5781 -0.3384
vn 0.6413 0.2330 -0.7311
vn 0.3583 -0.1784 -0.9164
vn -0.0177 -0.5393 -0.8420
vn -0.3788 -0.7512 -0.5406
vn -0.6347 -0.7656 -0.1045
vn -0.7286 -0.5868 0.3534
vn -0.6401 -0.2606 0.7227
vn -0.3880 0.1349 0.9117
vn -0.0296 0.5000 0.8655
vn 0.4086 0.6622 0.6281
vn 0.7631 0.5960 0.2499
vn 0.9095 0.3653 -0.1983
vn 0.8043 0.0341 -0.5933
vn 0.4761 -0.3060 -0.8245
vn 0.0193 -0.5617 -0.8271
vn -0.4374 -0.6651 -0.6052
vn -0.7733 -0.5928 -0.2251
vn -0.9060 -0.3672 0.2106
vn -0.8053 -0.0471 0.5910
vn -0.4957 0.2866 0.8198
vn -0.0531 0.5473 0.8353
vn 0.4300 0.6173 0.6588
vn 0.8117 0.4820 0.3299
vn 0.9727 0.2136 -0.0907
vn 0.8659 -0.1135 -0.4872
vn 0.5216 -0.4082 -0.7492
vn 0.0375 -0.5909 -0.8059
vn -0.4531 -0.6150 -0.6453
vn -0.8208 -0.4771 -0.3142
vn -0.9717 -0.2148 0.0980
vn -0.8689 0.1035 0.4841
vn -0.5386 0.3955 0.7439
vn -0.0646 0.5843 0.8089
vn 0.4498 0.5866 0.6735
vn 0.8308 0.4226 0.3621
vn 0.9883 0.1459 -0.0454
vn 0.8818 -0.1693 -0.4402
vn 0.5400 -0.4395 -0.7178
vn 0.0530 -0.5926 -0.8037
vn -0.4487 -0.5867 -0.6742
vn -0.8296 -0.4231 -0.3643
vn -0.9883 -0.1466 0.0422
vn -0.8832 0.1687 0.4375
vn -0.5416 0.4394 0.7166
vn -0.0533 0.5928 0.8036
vn 0.4569 0.6033 0.6536
vn 0.8208 0.4760 0.3158
vn 0.9689 0.2246 -0.1036
vn 0.8644 -0.0852 -0.4955
vn 0.5342 -0.3733 -0.7585
vn 0.0623 -0.5642 -0.8233
vn -0.4293 -0.6058 -0.6698
vn -0.8092 -0.4833 -0.3342
vn -0.9692 -0.2266 0.0960
vn -0.8605 0.0935 0.5009
vn -0.5141 0.3863 0.7658
vn -0.0306 0.5718 0.8198
vn 0.4350 0.6476 0.6257
vn 0.7772 0.5783 0.2481
vn 0.9138 0.3572 -0.1932
vn 0.8109 0.0428 -0.5836
vn 0.4948 -0.2832 -0.8216
vn 0.0466 -0.5358 -0.8431
vn -0.4162 -0.6470 -0.6389
vn -0.7686 -0.5843 -0.2602
vn -0.9123 -0.3621 0.1911
vn -0.8062 -0.0401 0.5902
vn -0.4800 0.2925 0.8271
vn -0.0247 0.5440 0.8387
vn 0.4193 0.6550 0.6287
vn 0.7581 0.6074 0.2375
vn 0.8921 0.3965 -0.2166
vn 0.7870 0.0788 -0.6120
vn 0.4701 -0.2606 -0.8433
vn 0.0256 -0.5295 -0.8479
vn -0.4256 -0.6544 -0.6250
vn -0.7616 -0.6034 -0.2364
vn -0.8945 -0.3928 0.2135
vn -0.7908 -0.0787 0.6071
vn -0.4766 0.2573 0.8406
vn -0.0335 0.5263 0.8496
vn 0.4314 0.5921 0.6807
vn 0.8051 0.4971 0.3236
vn 0.9566 0.2623 -0.1273
vn 0.8391 -0.0480 -0.5419
vn 0.4884 -0.3429 -0.8024
vn 0.0081 -0.5393 -0.8421
vn -0.4695 -0.5880 -0.6586
vn -0.8209 -0.4823 -0.3057
vn -0.9594 -0.2529 0.1246
vn -0.8514 0.0410 0.5230
vn -0.5230 0.3253 0.7878
vn -0.0555 0.5272 0.8479
vn 0.4445 0.4743 0.7599
vn 0.8376 0.2695 0.4751
vn 0.9985 -0.0144 0.0521
vn 0.8742 -0.2936 -0.3868
vn 0.5057 -0.4869 -0.7122
vn 0.0054 -0.5458 -0.8379
vn -0.4898 -0.4612 -0.7399
vn -0.8546 -0.2584 -0.4505
vn -0.9989 0.0101 -0.0464
vn -0.8873 0.2762 0.3693
vn -0.5473 0.4721 0.6910
vn -0.0627 0.5461 0.8354
vn 0.4517 0.3814 0.8065
vn 0.8208 0.1092 0.5607
vn 0.9676 -0.1917 0.1643
vn 0.8545 -0.4397 -0.2766
vn 0.5110 -0.5696 -0.6438
vn 0.0289 -0.5471 -0.8365
vn -0.4602 -0.3795 -0.8026
vn -0.8246 -0.1127 -0.5543
vn -0.9699 0.1829 -0.1607
vn -0.8595 0.4309 0.2750
vn -0.5207 0.5658 0.6394
vn -0.0406 0.5488 0.8350
vn 0.4575 0.3711 0.8080
vn 0.8232 0.1077 0.5574
vn 0.9699 -0.1838 0.1595
vn 0.8599 -0.4265 -0.2804
vn 0.5219 -0.5565 -0.6465
vn 0.0442 -0.5387 -0.8414
vn -0.4466 -0.3766 -0.8116
vn -0.8186 -0.1126 -0.5631
vn -0.9698 0.1825 -0.1617
vn -0.8579 0.4282 0.2839
vn -0.5135 0.5577 0.6522
vn -0.0314 0.5362 0.8435
vn 0.4626 0.3960 0.7932
vn 0.8352 0.1598 0.5262
vn 0.9857 -0.1184 0.1201
vn 0.8750 -0.3652 -0.3177
vn 0.5321 -0.5153 -0.6717
vn 0.0468 -0.5286 -0.8476
vn -0.4526 -0.4003 -0.7969
vn -0.8313 -0.1637 -0.5311
vn -0.9857 0.1176 -0.1211
vn -0.8727 0.3671 0.3219
vn -0.5237 0.5169 0.6772
vn -0.0344 0.5271 0.8491
vn 0.4606 0.4123 0.7860
vn 0.8384 0.1906 0.5106
vn 0.9917 -0.0821 0.0988
vn 0.8798 -0.3327 -0.3394
vn 0.5325 -0.4945 -0.6869
vn 0.0423 -0.5239 -0.8507
vn -0.4594 -0.4128 -0.7865
vn -0.8379 -0.1910 -0.5114
vn -0.9917 0.0820 -0.0991
vn -0.8796 0.3330 0.3397
vn -0.5316 0.4947 0.6875
vn -0.0409 0.5238 0.8509
vn 0.4507 0.3957 0.8002
vn 0.8306 0.1602 0.5334
vn 0.9854 -0.1189 0.1218
vn 0.8729 -0.3660 -0.3227
vn 0.5238 -0.5138 -0.6794
vn 0.0340 -0.5221 -0.8522
vn -0.4629 -0.3900 -0.7960
vn -0.8346 -0.1545 -0.5288
vn -0.9850 0.1209 -0.1229
vn -0.8762 0.3643 0.3154
vn -0.5354 0.5122 0.6716
vn -0.0501 0.5242 0.8501
vn 0.4158 0.3258 0.8491
vn 0.7853 0.0312 0.6184
vn 0.9377 -0.2731 0.2148
vn 0.8283 -0.5024 -0.2480
vn 0.4898 -0.5916 -0.6404
vn 0.0207 -0.5173 -0.8556
vn -0.4482 -0.3042 -0.8406
vn -0.7949 -0.0133 -0.6065
vn -0.9352 0.2790 -0.2180
vn -0.8361 0.4997 0.2264
vn -0.5203 0.5925 0.6150
vn -0.0637 0.5305 0.8453
vn 0.3118 0.2071 0.9273
vn 0.6150 -0.1970 0.7635
vn 0.7451 -0.5500 0.3772
vn 0.6579 -0.7437 -0.1186
vn 0.3845 -0.7232 -0.5737
vn 0.0123 -0.5045 -0.8633
vn -0.3558 -0.1562 -0.9214
vn -0.6288 0.2284 -0.7432
vn -0.7419 0.5536 -0.3784
vn -0.6683 0.7394 0.0816
vn -0.4252 0.7388 0.5230
vn -0.0695 0.5474 0.8340
vn 0.1378 0.1001 0.9854
vn 0.2894 -0.3958 0.8715
vn 0.3599 -0.7837 0.5062
vn 0.3267 -0.9451 -0.0056
vn 0.2010 -0.8362 -0.5103
vn 0.0215 -0.4995 -0.8660
vn -0.1609 -0.0369 -0.9863
vn -0.2997 0.4291 -0.8521
vn -0.3620 0.7838 -0.5045
vn -0.3336 0.9422 -0.0308
vn -0.2208 0.8633 0.4538
vn -0.0494 0.5597 0.8272
vn -0.0538 0.0692 0.9962
vn -0.0753 -0.4491 0.8903
vn -0.0753 -0.8441 0.5310
vn -0.0536 -0.9984 0.0199
vn -0.0172 -0.8696 -0.4935
vn 0.0231 -0.5026 -0.8642
vn 0.0564 -0.0076 -0.9984
vn 0.0748 0.4821 -0.8729
vn 0.0743 0.8459 -0.5281
vn 0.0552 0.9972 -0.0512
vn 0.0218 0.8966 0.4422
vn -0.0179 0.5613 0.8274
vn -0.2218 0.1158 0.9682
vn -0.4124 -0.3596 0.8370
vn -0.4877 -0.7389 0.4650
vn -0.4218 -0.9057 -0.0423
vn -0.2365 -0.8128 -0.5324
vn 0.0102 -0.4973 -0.8675
vn 0.2496 -0.0552 -0.9668
vn 0.4216 0.3954 -0.8160
vn 0.4860 0.7431 -0.4600
vn 0.4282 0.9036 0.0115
vn 0.2615 0.8360 0.4825
vn 0.0253 0.5516 0.8337
vn -0.3467 0.2035 0.9156
vn -0.6644 -0.1727 0.7271
vn -0.7979 -0.5037 0.3312
vn -0.7034 -0.6927 -0.1595
vn -0.4109 -0.6852 -0.6014
vn -0.0104 -0.4884 -0.8726
vn 0.3858 -0.1632 -0.9080
vn 0.6770 0.2009 -0.7081
vn 0.7938 0.5115 -0.3290
vn 0.7094 0.6921 0.1332
vn 0.4435 0.6968 0.5637
vn 0.0595 0.5205 0.8518
vn -0.4178 0.2969 0.8586
vn -0.7883 0.0163 0.6151
vn -0.9419 -0.2696 0.2004
vn -0.8341 -0.4814 -0.2693
vn -0.4968 -0.5600 -0.6630
vn -0.0269 -0.4850 -0.8741
vn 0.4456 -0.2797 -0.8504
vn 0.7970 -0.0022 -0.6040
vn 0.9400 0.2745 -0.2025
vn 0.8405 0.4800 0.2512
vn 0.5222 0.5616 0.6418
vn 0.0632 0.4959 0.8661
vn -0.4491 0.3717 0.8125
vn -0.8301 0.1434 0.5388
vn -0.9852 -0.1242 0.1181
vn -0.8719 -0.3579 -0.3342
vn -0.5226 -0.4941 -0.6948
vn -0.0339 -0.4965 -0.8674
vn 0.4618 -0.3660 -0.8080
vn 0.8333 -0.1390 -0.5351
vn 0.9847 0.1242 -0.1221
vn 0.8773 0.3547 0.3234
vn 0.5375 0.4921 0.6848
vn 0.0525 0.4990 0.8650
vn -0.4617 0.4167 0.7831
vn -0.8415 0.2037 0.5005
vn -0.9945 -0.0641 0.0833
vn -0.8801 -0.3144 -0.3559
vn -0.5297 -0.4801 -0.6992
vn -0.0381 -0.5171 -0.8551
vn 0.4633 -0.4159 -0.7825
vn 0.8408 -0.2040 -0.5015
vn 0.9943 0.0623 -0.0869
vn 0.8827 0.3122 0.3513
vn 0.5347 0.4789 0.6962
vn 0.0425 0.5174 0.8547
vn -0.4676 0.4243 0.7754
vn -0.8426 0.2001 0.5000
vn -0.9928 -0.0769 0.0921
vn -0.8794 -0.3333 -0.3400
vn -0.5324 -0.5013 -0.6821
vn -0.0430 -0.5361 -0.8430
vn 0.4591 -0.4277 -0.7787
vn 0.8387 -0.2042 -0.5049
vn 0.9927 0.0747 -0.0944
vn 0.8785 0.3337 0.3418
vn 0.5269 0.5025 0.6855
vn 0.0336 0.5354 0.8439
vn -0.4660 0.3952 0.7916
vn -0.8317 0.1381 0.5377
vn -0.9776 -0.1548 0.1427
vn -0.8664 -0.4069 -0.2896
vn -0.5268 -0.5522 -0.6463
vn -0.0464 -0.5516 -0.8328
vn 0.4487 -0.4034 -0.7974
vn 0.8250 -0.1453 -0.5461
vn 0.9775 0.1534 -0.1448
vn 0.8624 0.4104 0.2965
vn 0.5122 0.5547 0.6557
vn 0.0253 0.5483 0.8359
vn -0.4516 0.3597 0.8165
vn -0.8077 0.0669 0.5858
vn -0.9490 -0.2427 0.2010
vn -0.8402 -0.4878 -0.2367
vn -0.5088 -0.6045 -0.6130
vn -0.0401 -0.5606 -0.8271
vn 0.4413 -0.3664 -0.8192
vn 0.8044 -0.0733 -0.5896
vn 0.9500 0.2397 -0.2004
vn 0.8384 0.4880 0.2429
vn 0.4999 0.6044 0.6203
vn 0.0270 0.5571 0.8300
vn -0.4403 0.3941 0.8067
vn -0.8160 0.1177 0.5659
vn -0.9666 -0.1919 0.1701
vn -0.8523 -0.4452 -0.2744
vn -0.5037 -0.5752 -0.6446
vn -0.0170 -0.5510 -0.8343
vn 0.4709 -0.3833 -0.7945
vn 0.8303 -0.1187 -0.5446
vn 0.9723 0.1747 -0.1555
vn 0.8639 0.4236 0.2726
vn 0.5309 0.5645 0.6320
vn 0.0548 0.5565 0.8290
vn -0.4269 0.5196 0.7402
vn -0.8237 0.3753 0.4251
vn -0.9927 0.1183 -0.0222
vn -0.8675 -0.1762 -0.4651
vn -0.4954 -0.4134 -0.7640
vn 0.0015 -0.5308 -0.8475
vn 0.4900 -0.5072 -0.7090
vn 0.8501 -0.3538 -0.3901
vn 0.9935 -0.1107 0.0275
vn 0.8845 0.1603 0.4380
vn 0.5507 0.3908 0.7376
vn 0.0746 0.5224 0.8494
vn -0.4131 0.6261 0.6613
vn -0.7565 0.5971 0.2666
vn -0.8916 0.4057 -0.2012
vn -0.7848 0.0994 -0.6117
vn -0.4628 -0.2363 -0.8544
vn -0.0118 -0.5020 -0.8648
vn 0.4412 -0.6242 -0.6447
vn 0.7743 -0.5777 -0.2583
vn 0.9041 -0.3817 0.1923
vn 0.8001 -0.0885 0.5933
vn 0.4877 0.2287 0.8425
vn 0.0442 0.4900 0.8706
vn -0.4069 0.6563 0.6354
vn -0.7257 0.6494 0.2272
vn -0.8497 0.4690 -0.2408
vn -0.7474 0.1634 -0.6439
vn -0.4456 -0.1863 -0.8756
vn -0.0235 -0.4864 -0.8734
vn 0.4059 -0.6553 -0.6371
vn 0.7264 -0.6477 -0.2300
vn 0.8518 -0.4666 0.2381
vn 0.7491 -0.1610 0.6426
vn 0.4456 0.1879 0.8753
vn 0.0222 0.4872 0.8730
vn -0.4140 0.6544 0.6327
vn -0.7452 0.6228 0.2382
vn -0.8779 0.4262 -0.2182
vn -0.7787 0.1173 -0.6163
vn -0.4741 -0.2224 -0.8519
vn -0.0434 -0.5039 -0.8627
vn 0.4002 -0.6524 -0.6437
vn 0.7381 -0.6264 -0.2507
vn 0.8772 -0.4309 0.2117
vn 0.7777 -0.1176 0.6175
vn 0.4663 0.2278 0.8548
vn 0.0293 0.5104 0.8594
vn -0.4149 0.6531 0.6335
vn -0.7697 0.5806 0.2653
vn -0.9192 0.3544 -0.1719
vn -0.8258 0.0351 -0.5629
vn -0.5147 -0.2935 -0.8055
vn -0.0672 -0.5451 -0.8357
vn 0.3997 -0.6525 -0.6438
vn 0.7615 -0.5852 -0.2787
vn 0.9188 -0.3594 0.1633
vn 0.8264 -0.0351 0.5620
vn 0.5084 0.2988 0.8076
vn 0.0530 0.5507 0.8330
vn -0.4087 0.6576 0.6329
vn -0.7809 0.5539 0.2888
vn -0.9439 0.3028 -0.1317
vn -0.8558 -0.0284 -0.5166
vn -0.5405 -0.3520 -0.7642
vn -0.0812 -0.5824 -0.8088
vn 0.4007 -0.6578 -0.6377
vn 0.7762 -0.5569 -0.2955
vn 0.9436 -0.3058 0.1268
vn 0.8566 0.0281 0.5153
vn 0.5380 0.3545 0.7648
vn 0.0742 0.5850 0.8077
vn -0.3968 0.6684 0.6291
vn -0.7746 0.5629 0.2882
vn -0.9433 0.3055 -0.1297
vn -0.8579 -0.0334 -0.5128
vn -0.5414 -0.3631 -0.7584
vn -0.0789 -0.5957 -0.7993
vn 0.4036 -0.6690 -0.6242
vn 0.7762 -0.5639 -0.2819
vn 0.9414 -0.3096 0.1342
vn 0.8573 0.0267 0.5141
vn 0.5458 0.3568 0.7582
vn 0.0872 0.5924 0.8009
vn -0.3645 0.7035 0.6102
vn -0.7244 0.6493 0.2316
vn -0.8858 0.4145 -0.2089
vn -0.8007 0.0697 -0.5951
vn -0.4919 -0.2940 -0.8195
vn -0.0504 -0.5803 -0.8128
vn 0.3955 -0.7115 -0.5808
vn 0.7286 -0.6560 -0.1969
vn 0.8709 -0.4324 0.2337
vn 0.7915 -0.0984 0.6032
vn 0.5089 0.2634 0.8196
vn 0.0884 0.5591 0.8243
vn -0.2518 0.7814 0.5709
vn -0.4972 0.8604 0.1115
vn -0.6060 0.6889 -0.3978
vn -0.5283 0.3059 -0.7920
vn -0.2965 -0.1569 -0.9421
vn 0.0056 -0.5615 -0.8274
vn 0.2975 -0.8131 -0.5004
vn 0.5118 -0.8577 -0.0493
vn 0.5975 -0.6866 0.4142
vn 0.5330 -0.3425 0.7737
vn 0.3346 0.0877 0.9383
vn 0.0506 0.4964 0.8666
vn -0.1056 0.8576 0.5033
vn -0.1749 0.9846 -0.0051
vn -0.1938 0.8402 -0.5065
vn -0.1613 0.4680 -0.8689
vn -0.0857 -0.0368 -0.9956
vn 0.0150 -0.5334 -0.8457
vn 0.1128 -0.8775 -0.4662
vn 0.1805 -0.9832 0.0271
vn 0.2019 -0.8392 0.5050
vn 0.1725 -0.4865 0.8565
vn 0.0982 -0.0040 0.9952
vn -0.0040 0.4909 0.8712
vt 0.000000 1.000000
vt 0.026316 1.000000
vt 0.026316 0.916667
vt 0.000000 0.916667
vt 0.000000 0.083333
vt 0.026316 0.083333
vt 0.026316 0.000000
vt 0.000000 0.000000
vt 0.000000 0.166667
vt 0.026316 0.166667
vt 0.000000 0.250000
vt 0.026316 0.250000
vt 0.000000 0.333333
vt 0.026316 0.333333
vt 0.000000 0.416667
vt 0.026316 0.416667
vt 0.000000 0.500000
vt 0.026316 0.500000
vt 0.000000 0.583333
vt 0.026316 0.583333
vt 0.000000 0.666667
vt 0.026316 0.666667
vt 0.000000 0.750000
vt 0.026316 0.750000
vt 0.000000 0.833333
vt 0.026316 0.833333
vt 0.052632 1.000000
vt 0.052632 0.916667
vt 0.052632 0.083333
vt 0.052632 0.000000
vt 0.052632 0.166667
vt 0.052632 0.250000
vt 0.052632 0.333333
vt 0.052632 0.416667
vt 0.052632 0.500000
vt 0.052632 0.583333
vt 0.052632 0.666667
vt 0.052632 0.750000
vt 0.052632 0.833333
vt 0.078947 1.000000
vt 0.078947 0.916667
vt 0.078947 0.083333
vt 0.078947 0.000000
vt 0.078947 0.166667
vt 0.078947 0.250000
vt 0.078947 0.333333
vt 0.078947 0.416667
vt 0.078947 0.500000
vt 0.078947 0.583333
vt 0.078947 0.666667
vt 0.078947 0.750000
vt 0.078947 0.833333
vt 0.105263 1.000000
vt 0.105263 0.916667
vt 0.105263 0.083333
vt 0.105263 0.000000
vt 0.105263 0.166667
vt 0.105263 0.250000
vt 0.105263 0.333333
vt 0.105263 0.416667
vt 0.105263 0.500000
vt 0.105263 0.583333
vt 0.105263 0.666667
vt 0.105263 0.750000
vt 0.105263 0.833333
vt 0.131579 1.000000
vt 0.131579 0.916667
vt 0.131579 0.083333
vt 0.131579 0.000000
vt 0.131579 0.166667
vt 0.131579 0.250000
vt 0.131579 0.333333
vt 0.131579 0.416667
vt 0.131579 0.500000
vt 0.131579 0.583333
vt 0.131579 0.666667
vt 0.131579 0.750000
vt 0.131579 0.833333
vt 0.157895 1.000000
vt 0.157895 0.916667
vt 0.157895 0.083333
vt 0.157895 0.000000
vt 0.157895 0.166667
vt 0.157895 0.250000
vt 0.157895 0.333333
vt 0.157895 0.416667
vt 0.157895 0.500000
vt 0.157895 0.583333
vt 0.157895 0.666667
vt 0.157895 0.750000
vt 0.157895 0.833333
vt 0.184211 1.000000
vt 0.184211 0.916667
vt 0.184211 0.083333
vt 0.184211 0.000000
vt 0.184211 0.166667
vt 0.184211 0.250000
vt 0.184211 0.333333
vt 0.184211 0.416667
vt 0.184211 0.500000
vt 0.184211 0.583333
vt 0.184211 0.666667
vt 0.184211 0.750000
vt 0.184211 0.833333
vt 0.210526 1.000000
vt 0.210526 0.916667
vt 0.210526 0.083333
vt 0.210526 0.000000
vt 0.210526 0.166667
vt 0.210526 0.250000
vt 0.210526 0.333333
vt 0.210526 0.416667
vt 0.210526 0.500000
vt 0.210526 0.583333
vt 0.210526 0.666667
vt 0.210526 0.750000
vt 0.210526 0.833333
vt 0.236842 1.000000
vt 0.236842 0.916667
vt 0.236842 0.083333
vt 0.236842 0.000000
vt 0.236842 0.166667
vt 0.236842 0.250000
vt 0.236842 0.333333
vt 0.236842 0.416667
vt 0.236842 0.500000
vt 0.236842 0.583333
vt 0.236842 0.666667
vt 0.236842 0.750000
vt 0.236842 0.833333
vt 0.263158 1.000000
vt 0.263158 0.916667
vt 0.263158 0.083333
vt 0.263158 0.000000
vt 0.263158 0.166667
vt 0.263158 0.250000
vt 0.263158 0.333333
vt 0.263158 0.416667
vt 0.263158 0.500000
vt 0.263158 0.583333
vt 0.263158 0.666667
vt 0.263158 0.750000
vt 0.263158 0.833333
vt 0.289474 1.000000
vt 0.289474 0.916667
vt 0.289474 0.083333
vt 0.289474 0.000000
vt 0.289474 0.166667
vt 0.289474 0.250000
vt 0.289474 0.333333
vt 0.289474 0.416667
vt 0.289474 0.500000
vt 0.289474 0.583333
vt 0.289474 0.666667
vt 0.289474 0.750000
vt 0.289474 0.833333
vt 0.315789 1.000000
vt 0.315789 0.916667
vt 0.315789 0.083333
vt 0.315789 0.000000
vt 0.315789 0.166667
vt 0.315789 0.250000
vt 0.315789 0.333333
vt 0.315789 0.416667
vt 0.315789 0.500000
vt 0.315789 0.583333
vt 0.315789 0.666667
vt 0.315789 0.750000
vt 0.315789 0.833333
vt 0.342105 1.000000
vt 0.342105 0.916667
vt 0.342105 0.083333
vt 0.342105 0.000000
vt 0.342105 0.166667
vt 0.342105 0.250000
vt 0.342105 0.333333
vt 0.342105 0.416667
vt 0.342105 0.500000
vt 0.342105 0.583333
vt 0.342105 0.666667
vt 0.342105 0.750000
vt 0.342105 0.833333
vt 0.368421 1.000000
vt 0.368421 0.916667
vt 0.368421 0.083333
vt 0.368421 0.000000
vt 0.368421 0.166667
vt 0.368421 0.250000
vt 0.368421 0.333333
vt 0.368421 0.416667
vt 0.368421 0.500000
vt 0.368421 0.583333
vt 0.368421 0.666667
vt 0.368421 0.750000
vt 0.368421 0.833333
vt 0.394737 1.000000
vt 0.394737 0.916667
vt 0.394737 0.083333
vt 0.394737 0.000000
vt 0.394737 0.166667
vt 0.394737 0.250000
vt 0.394737 0.333333
vt 0.394737 0.416667
vt 0.394737 0.500000
vt 0.394737 0.583333
vt 0.394737 0.666667
vt 0.394737 0.750000
vt 0.394737 0.833333
vt 0.421053 1.000000
vt 0.421053 0.916667
vt 0.421053 0.083333
vt 0.421053 0.000000
vt 0.421053 0.166667
vt 0.421053 0.250000
vt 0.421053 0.333333
vt 0.421053 0.416667
vt 0.421053 0.500000
vt 0.421053 0.583333
vt 0.421053 0.666667
vt 0.421053 0.750000
vt 0.421053 0.833333
vt 0.447368 1.000000
vt 0.447368 0.916667
vt 0.447368 0.083333
vt 0.447368 0.000000
vt 0.447368 0.166667
vt 0.447368 0.250000
vt 0.447368 0.333333
vt 0.447368 0.416667
vt 0.447368 0.500000
vt 0.447368 0.583333
vt 0.447368 0.666667
vt 0.447368 0.750000
vt 0.447368 0.833333
vt 0.473684 1.000000
vt 0.473684 0.916667
vt 0.473684 0.083333
vt 0.473684 0.000000
vt 0.473684 0.166667
vt 0.473684 0.250000
vt 0.473684 0.333333
vt 0.473684 0.416667
vt 0.473684 0.500000
vt 0.473684 0.583333
vt 0.473684 0.666667
vt 0.473684 0.750000
vt 0.473684 0.833333
vt 0.500000 1.000000
vt 0.500000 0.916667
vt 0.500000 0.083333
vt 0.500000 0.000000
vt 0.500000 0.166667
vt 0.500000 0.250000
vt 0.500000 0.333333
vt 0.500000 0.416667
vt 0.500000 0.500000
vt 0.500000 0.583333
vt 0.500000 0.666667
vt 0.500000 0.750000
vt 0.500000 0.833333
vt 0.526316 1.000000
vt 0.526316 0.916667
vt 0.526316 0.083333
vt 0.526316 0.000000
vt 0.526316 0.166667
vt 0.526316 0.250000
vt 0.526316 0.333333
vt 0.526316 0.416667
vt 0.526316 0.500000
vt 0.526316 0.583333
vt 0.526316 0.666667
vt 0.526316 0.750000
vt 0.526316 0.833333
vt 0.552632 1.000000
vt 0.552632 0.916667
vt 0.552632 0.083333
vt 0.552632 0.000000
vt 0.552632 0.166667
vt 0.552632 0.250000
vt 0.552632 0.333333
vt 0.552632 0.416667
vt 0.552632 0.500000
vt 0.552632 0.583333
vt 0.552632 0.666667
vt 0.552632 0.750000
vt 0.552632 0.833333
vt 0.578947 1.000000
vt 0.578947 0.916667
vt 0.578947 0.083333
vt 0.578947 0.000000
vt 0.578947 0.166667
vt 0.578947 0.250000
vt 0.578947 0.333333
vt 0.578947 0.416667
vt 0.578947 0.500000
vt 0.578947 0.583333
vt 0.578947 0.666667
vt 0.578947 0.750000
vt 0.578947 0.833333
vt 0.605263 1.000000
vt 0.605263 0.916667
vt 0.605263 0.083333
vt 0.605263 0.000000
vt 0.605263 0.166667
vt 0.605263 0.250000
vt 0.605263 0.333333
vt 0.605263 0.416667
vt 0.605263 0.500000
vt 0.605263 0.583333
vt 0.605263 0.666667
vt 0.605263 0.750000
vt 0.605263 0.833333
vt 0.631579 1.000000
vt 0.631579 0.916667
vt 0.631579 0.083333
vt 0.631579 0.000000
vt 0.631579 0.166667
vt 0.631579 0.250000
vt 0.631579 0.333333
vt 0.631579 0.416667
vt 0.631579 0.500000
vt 0.631579 0.583333
vt 0.631579 0.666667
vt 0.631579 0.750000
vt 0.631579 0.833333
vt 0.657895 1.000000
vt 0.657895 0.916667
vt 0.657895 0.083333
vt 0.657895 0.000000
vt 0.657895 0.166667
vt 0.657895 0.250000
vt 0.657895 0.333333
vt 0.657895 0.416667
vt 0.657895 0.500000
vt 0.657895 0.583333
vt 0.657895 0.666667
vt 0.657895 0.750000
vt 0.657895 0.833333
vt 0.684211 1.000000
vt 0.684211 0.916667
vt 0.684211 0.083333
vt 0.684211 0.000000
vt 0.684211 0.166667
vt 0.684211 0.250000
vt 0.684211 0.333333
vt 0.684211 0.416667
vt 0.684211 0.500000
vt 0.684211 0.583333
vt 0.684211 0.666667
vt 0.684211 0.750000
vt 0.684211 0.833333
vt 0.710526 1.000000
vt 0.710526 0.916667
vt 0.710526 0.083333
vt 0.710526 0.000000
vt 0.710526 0.166667
vt 0.710526 0.250000
vt 0.710526 0.333333
vt 0.710526 0.416667
vt 0.710526 0.500000
vt 0.710526 0.583333
vt 0.710526 0.666667
vt 0.710526 0.750000
vt 0.710526 0.833333
vt 0.736842 1.000000
vt 0.736842 0.916667
vt 0.736842 0.083333
vt 0.736842 0.000000
vt 0.736842 0.166667
vt 0.736842 0.250000
vt 0.736842 0.333333
vt 0.736842 0.416667
vt 0.736842 0.500000
vt 0.736842 0.583333
vt 0.736842 0.666667
vt 0.736842 0.750000
vt 0.736842 0.833333
vt 0.763158 1.000000
vt 0.763158 0.916667
vt 0.763158 0.083333
vt 0.763158 0.000000
vt 0.763158 0.166667
vt 0.763158 0.250000
vt 0.763158 0.333333
vt 0.763158 0.416667
vt 0.763158 0.500000
vt 0.763158 0.583333
vt 0.763158 0.666667
vt 0.763158 0.750000
vt 0.763158 0.833333
vt 0.789474 1.000000
vt 0.789474 0.916667
vt 0.789474 0.083333
vt 0.789474 0.000000
vt 0.789474 0.166667
vt 0.789474 0.250000
vt 0.789474 0.333333
vt 0.789474 0.416667
vt 0.789474 0.500000
vt 0.789474 0.583333
vt 0.789474 0.666667
vt 0.789474 0.750000
vt 0.789474 0.833333
vt 0.815789 1.000000
vt 0.815789 0.916667
vt 0.815789 0.083333
vt 0.815789 0.000000
vt 0.815789 0.166667
vt 0.815789 0.250000
vt 0.815789 0.333333
vt 0.815789 0.416667
vt 0.815789 0.500000
vt 0.815789 0.583333
vt 0.815789 0.666667
vt 0.815789 0.750000
vt 0.815789 0.833333
vt 0.842105 1.000000
vt 0.842105 0.916667
vt 0.842105 0.083333
vt 0.842105 0.000000
vt 0.842105 0.166667
vt 0.842105 0.250000
vt 0.842105 0.333333
vt 0.842105 0.416667
vt 0.842105 0.500000
vt 0.842105 0.583333
vt 0.842105 0.666667
vt 0.842105 0.750000
vt 0.842105 0.833333
vt 0.868421 1.000000
vt 0.868421 0.916667
vt 0.868421 0.083333
vt 0.868421 0.000000
vt 0.868421 0.166667
vt 0.868421 0.250000
vt 0.868421 0.333333
vt 0.868421 0.416667
vt 0.868421 0.500000
vt 0.868421 0.583333
vt 0.868421 0.666667
vt 0.868421 0.750000
vt 0.868421 0.833333
vt 0.894737 1.000000
vt 0.894737 0.916667
vt 0.894737 0.083333
vt 0.894737 0.000000
vt 0.894737 0.166667
vt 0.894737 0.250000
vt 0.894737 0.333333
vt 0.894737 0.416667
vt 0.894737 0.500000
vt 0.894737 0.583333
vt 0.894737 0.666667
vt 0.894737 0.750000
vt 0.894737 0.833333
vt 0.921053 1.000000
vt 0.921053 0.916667
vt 0.921053 0.083333
vt 0.921053 0.000000
vt 0.921053 0.166667
vt 0.921053 0.250000
vt 0.921053 0.333333
vt 0.921053 0.416667
vt 0.921053 0.500000
vt 0.921053 0.583333
vt 0.921053 0.666667
vt 0.921053 0.750000
vt 0.921053 0.833333
vt 0.947368 1.000000
vt 0.947368 0.916667
vt 0.947368 0.083333
vt 0.947368 0.000000
vt 0.947368 0.166667
vt 0.947368 0.250000
vt 0.947368 0.333333
vt 0.947368 0.416667
vt 0.947368 0.500000
vt 0.947368 0.583333
vt 0.947368 0.666667
vt 0.947368 0.750000
vt 0.947368 0.833333
vt 0.973684 1.000000
vt 0.973684 0.916667
vt 0.973684 0.083333
vt 0.973684 0.000000
vt 0.973684 0.166667
vt 0.973684 0.250000
vt 0.973684 0.333333
vt 0.973684 0.416667
vt 0.973684 0.500000
vt 0.973684 0.583333
vt 0.973684 0.666667
vt 0.973684 0.750000
vt 0.973684 0.833333
vt 1.000000 1.000000
vt 1.000000 0.916667
vt 1.000000 0.083333
vt 1.000000 0.000000
vt 1.000000 0.166667
vt 1.000000 0.250000
vt 1.000000 0.333333
vt 1.000000 0.416667
vt 1.000000 0.500000
vt 1.000000 0.583333
vt 1.000000 0.666667
vt 1.000000 0.750000
vt 1.000000 0.833333
s 1
f 1347/1338/1302 1359/1339/1314 1370/1340/1325 1358/1341/1313
f 1348/1342/1303 1360/1343/1315 1359/1344/1314 1347/1345/1302
f 1349/1346/1304 1361/1347/1316 1360/1343/1315 1348/1342/1303
f 1350/1348/1305 1362/1349/1317 1361/1347/1316 1349/1346/1304
f 1351/1350/1306 1363/1351/1318 1362/1349/1317 1350/1348/1305
f 1352/1352/1307 1364/1353/1319 1363/1351/1318 1351/1350/1306
f 1353/1354/1308 1365/1355/1320 1364/1353/1319 1352/1352/1307
f 1354/1356/1309 1366/1357/1321 1365/1355/1320 1353/1354/1308
f 1355/1358/1310 1367/1359/1322 1366/1357/1321 1354/1356/1309
f 1356/1360/1311 1368/1361/1323 1367/1359/1322 1355/1358/1310
f 1357/1362/1312 1369/1363/1324 1368/1361/1323 1356/1360/1311
f 1358/1341/1313 1370/1340/1325 1369/1363/1324 1357/1362/1312
f 1359/1339/1314 1371/1364/1326 1382/1365/1337 1370/1340/1325
f 1360/1343/1315 1372/1366/1327 1371/1367/1326 1359/1344/1314
f 1361/1347/1316 1373/1368/1328 1372/1366/1327 1360/1343/1315
f 1362/1349/1317 1374/1369/1329 1373/1368/1328 1361/1347/1316
f 1363/1351/1318 1375/1370/1330 1374/1369/1329 1362/1349/1317
f 1364/1353/1319 1376/1371/1331 1375/1370/1330 1363/1351/1318
f 1365/1355/1320 1377/1372/1332 1376/1371/1331 1364/1353/1319
f 1366/1357/1321 1378/1373/1333 1377/1372/1332 1365/1355/1320
f 1367/1359/1322 1379/1374/1334 1378/1373/1333 1366/1357/1321
f 1368/1361/1323 1380/1375/1335 1379/1374/1334 1367/1359/1322
f 1369/1363/1324 1381/1376/1336 1380/1375/1335 1368/1361/1323
f 1370/1340/1325 1382/1365/1337 1381/1376/1336 1369/1363/1324
f 1371/1364/1326 1383/1377/1338 1394/1378/1349 1382/1365/1337
f 1372/1366/1327 1384/1379/1339 1383/1380/1338 1371/1367/1326
f 1373/1368/1328 1385/1381/1340 1384/1379/1339 1372/1366/1327
f 1374/1369/1329 1386/1382/1341 1385/1381/1340 1373/1368/1328
f 1375/1370/1330 1387/1383/1342 1386/1382/1341 1374/1369/1329
f 1376/1371/1331 1388/1384/1343 1387/1383/1342 1375/1370/1330
f 1377/1372/1332 1389/1385/1344 1388/1384/1343 1376/1371/1331
f 1378/1373/1333 1390/1386/1345 1389/1385/1344 1377/1372/1332
f 1379/1374/1334 1391/1387/1346 1390/1386/1345 1378/1373/1333
f 1380/1375/1335 1392/1388/1347 1391/1387/1346 1379/1374/1334
f 1381/1376/1336 1393/1389/1348 1392/1388/1347 1380/1375/1335
f 1382/1365/1337 1394/1378/1349 1393/1389/1348 1381/1376/1336
f 1383/1377/1338 1395/1390/1350 1406/1391/1361 1394/1378/1349
f 1384/1379/1339 1396/1392/1351 1395/1393/1350 1383/1380/1338
f 1385/1381/1340 1397/1394/1352 1396/1392/1351 1384/1379/1339
f 1386/1382/1341 1398/1395/1353 1397/1394/1352 1385/1381/1340
f 1387/1383/1342 1399/1396/1354 1398/1395/1353 1386/1382/1341
f 1388/1384/1343 1400/1397/1355 1399/1396/1354 1387/1383/1342
f 1389/1385/1344 1401/1398/1356 1400/1397/1355 1388/1384/1343
f 1390/1386/1345 1402/1399/1357 1401/1398/1356 1389/1385/1344
f 1391/1387/1346 1403/1400/1358 1402/1399/1357 1390/1386/1345
f 1392/1388/1347 1404/1401/1359 1403/1400/1358 1391/1387/1346
f 1393/1389/1348 1405/1402/1360 1404/1401/1359 1392/1388/1347
f 1394/1378/1349 1406/1391/1361 1405/1402/1360 1393/1389/1348
f 1395/1390/1350 1407/1403/1362 1418/1404/1373 1406/1391/1361
f 1396/1392/1351 1408/1405/1363 1407/1406/1362 1395/1393/1350
f 1397/1394/1352 1409/1407/1364 1408/1405/1363 1396/1392/1351
f 1398/1395/1353 1410/1408/1365 1409/1407/1364 1397/1394/1352
f 1399/1396/1354 1411/1409/1366 1410/1408/1365 1398/1395/1353
f 1400/1397/1355 1412/1410/1367 1411/1409/1366 1399/1396/1354
f 1401/1398/1356 1413/1411/1368 1412/1410/1367 1400/1397/1355
f 1402/1399/1357 1414/1412/1369 1413/1411/1368 1401/1398/1356
f 1403/1400/1358 1415/1413/1370 1414/1412/1369 1402/1399/1357
f 1404/1401/1359 1416/1414/1371 1415/1413/1370 1403/1400/1358
f 1405/1402/1360 1417/1415/1372 1416/1414/1371 1404/1401/1359
f 1406/1391/1361 1418/1404/1373 1417/1415/1372 1405/1402/1360
f 1407/1403/1362 1419/1416/1374 1430/1417/1385 1418/1404/1373
f 1408/1405/1363 1420/1418/1375 1419/1419/1374 1407/1406/1362
f 1409/1407/1364 1421/1420/1376 1420/1418/1375 1408/1405/1363
f 1410/1408/1365 1422/1421/1377 1421/1420/1376 1409/1407/1364
f 1411/1409/1366 1423/1422/1378 1422/1421/1377 1410/1408/1365
f 1412/1410/1367 1424/1423/1379 1423/1422/1378 1411/1409/1366
f 1413/1411/1368 1425/1424/1380 1424/1423/1379 1412/1410/1367
f 1414/1412/1369 1426/1425/1381 1425/1424/1380 1413/1411/1368
f 1415/1413/1370 1427/1426/1382 1426/1425/1381 1414/1412/1369
f 1416/1414/1371 1428/1427/1383 1427/1426/1382 1415/1413/1370
f 1417/1415/1372 1429/1428/1384 1428/1427/1383 1416/1414/1371
f 1418/1404/1373 1430/1417/1385 1429/1428/1384 1417/1415/1372
f 1419/1416/1374 1431/1429/1386 1442/1430/1397 1430/1417/1385
f 1420/1418/1375 1432/1431/1387 1431/1432/1386 1419/1419/1374
f 1421/1420/1376 1433/1433/1388 1432/1431/1387 1420/1418/1375
f 1422/1421/1377 1434/1434/1389 1433/1433/1388 1421/1420/1376
f 1423/1422/1378 1435/1435/1390 1434/1434/1389 1422/1421/1377
f 1424/1423/1379 1436/1436/1391 1435/1435/1390 1423/1422/1378
f 1425/1424/1380 1437/1437/1392 1436/1436/1391 1424/1423/1379
f 1426/1425/1381 1438/1438/1393 1437/1437/1392 1425/1424/1380
f 1427/1426/1382 1439/1439/1394 1438/1438/1393 1426/1425/1381
f 1428/1427/1383 1440/1440/1395 1439/1439/1394 1427/1426/1382
f 1429/1428/1384 1441/1441/1396 1440/1440/1395 1428/1427/1383
f 1430/1417/1385 1442/1430/1397 1441/1441/1396 1429/1428/1384
f 1431/1429/1386 1443/1442/1398 1454/1443/1409 1442/1430/1397
f 1432/1431/1387 1444/1444/1399 1443/1445/1398 1431/1432/1386
f 1433/1433/1388 1445/1446/1400 1444/1444/1399 1432/1431/1387
f 1434/1434/1389 1446/1447/1401 1445/1446/1400 1433/1433/1388
f 1435/1435/1390 1447/1448/1402 1446/1447/1401 1434/1434/1389
f 1436/1436/1391 1448/1449/1403 1447/1448/1402 1435/1435/1390
f 1437/1437/1392 1449/1450/1404 1448/1449/1403 1436/1436/1391
f 1438/1438/1393 1450/1451/1405 1449/1450/1404 1437/1437/1392
f 1439/1439/1394 1451/1452/1406 1450/1451/1405 1438/1438/1393
f 1440/1440/1395 1452/1453/1407 1451/1452/1406 1439/1439/1394
f 1441/1441/1396 1453/1454/1408 1452/1453/1407 1440/1440/1395
f 1442/1430/1397 1454/1443/1409 1453/1454/1408 1441/1441/1396
f 1443/1442/1398 1455/1455/1410 1466/1456/1421 1454/1443/1409
f 1444/1444/1399 1456/1457/1411 1455/1458/1410 1443/1445/1398
f 1445/1446/1400 1457/1459/1412 1456/1457/1411 1444/1444/1399
f 1446/1447/1401 1458/1460/1413 1457/1459/1412 1445/1446/1400
f 1447/1448/1402 1459/1461/1414 1458/1460/1413 1446/1447/1401
f 1448/1449/1403 1460/1462/1415 1459/1461/1414 1447/1448/1402
f 1449/1450/1404 1461/1463/1416 1460/1462/1415 1448/1449/1403
f 1450/1451/1405 1462/1464/1417 1461/1463/1416 1449/1450/1404
f 1451/1452/1406 1463/1465/1418 1462/1464/1417 1450/1451/1405
f 1452/1453/1407 1464/1466/1419 1463/1465/1418 1451/1452/1406
f 1453/1454/1408 1465/1467/1420 1464/1466/1419 1452/1453/1407
f 1454/1443/1409 1466/1456/1421 1465/1467/1420 1453/1454/1408
f 1455/1455/1410 1467/1468/1422 1478/1469/1433 1466/1456/1421
f 1456/1457/1411 1468/1470/1423 1467/1471/1422 1455/1458/1410
f 1457/1459/1412 1469/1472/1424 1468/1470/1423 1456/1457/1411
f 1458/1460/1413 1470/1473/1425 1469/1472/1424 1457/1459/1412
f 1459/1461/1414 1471/1474/1426 1470/1473/1425 1458/1460/1413
f 1460/1462/1415 1472/1475/1427 1471/1474/1426 1459/1461/1414
f 1461/1463/1416 1473/1476/1428 1472/1475/1427 1460/1462/1415
f 1462/1464/1417 1474/1477/1429 1473/1476/1428 1461/1463/1416
f 1463/1465/1418 1475/1478/1430 1474/1477/1429 1462/1464/1417
f 1464/1466/1419 1476/1479/1431 1475/1478/1430 1463/1465/1418
f 1465/1467/1420 1477/1480/1432 1476/1479/1431 1464/1466/1419
f 1466/1456/1421 1478/1469/1433 1477/1480/1432 1465/1467/1420
f 1467/1468/1422 1479/1481/1434 1490/1482/1445 1478/1469/1433
f 1468/1470/1423 1480/1483/1435 1479/1484/1434 1467/1471/1422
f 1469/1472/1424 1481/1485/1436 1480/1483/1435 1468/1470/1423
f 1470/1473/1425 1482/1486/1437 1481/1485/1436 1469/1472/1424
f 1471/1474/1426 1483/1487/1438 1482/1486/1437 1470/1473/1425
f 1472/1475/1427 1484/1488/1439 1483/1487/1438 1471/1474/1426
f 1473/1476/1428 1485/1489/1440 1484/1488/1439 1472/1475/1427
f 1474/1477/1429 1486/1490/1441 1485/1489/1440 1473/1476/1428
f 1475/1478/1430 1487/1491/1442 1486/1490/1441 1474/1477/1429
f 1476/1479/1431 1488/1492/1443 1487/1491/1442 1475/1478/1430
f 1477/1480/1432 1489/1493/1444 1488/1492/1443 1476/1479/1431
f 1478/1469/1433 1490/1482/1445 1489/1493/1444 1477/1480/1432
f 1479/1481/1434 1491/1494/1446 1502/1495/1457 1490/1482/1445
f 1480/1483/1435 1492/1496/1447 1491/1497/1446 1479/1484/1434
f 1481/1485/1436 1493/1498/1448 1492/1496/1447 1480/1483/1435
f 1482/1486/1437 1494/1499/1449 1493/1498/1448 1481/1485/1436
f 1483/1487/1438 1495/1500/1450 1494/1499/1449 1482/1486/1437
f 1484/1488/1439 1496/1501/1451 1495/1500/1450 1483/1487/1438
f 1485/1489/1440 1497/1502/1452 1496/1501/1451 1484/1488/1439
f 1486/1490/1441 1498/1503/1453 1497/1502/1452 1485/1489/1440
f 1487/1491/1442 1499/1504/1454 1498/1503/1453 1486/1490/1441
f 1488/1492/1443 1500/1505/1455 1499/1504/1454 1487/1491/1442
f 1489/1493/1444 1501/1506/1456 1500/1505/1455 1488/1492/1443
f 1490/1482/1445 1502/1495/1457 1501/1506/1456 1489/1493/1444
f 1491/1494/1446 1503/1507/1458 1514/1508/1469 1502/1495/1457
f 1492/1496/1447 1504/1509/1459 1503/1510/1458 1491/1497/1446
f 1493/1498/1448 1505/1511/1460 1504/1509/1459 1492/1496/1447
f 1494/1499/1449 1506/1512/1461 1505/1511/1460 1493/1498/1448
f 1495/1500/1450 1507/1513/1462 1506/1512/1461 1494/1499/1449
f 1496/1501/1451 1508/1514/1463 1507/1513/1462 1495/1500/1450
f 1497/1502/1452 1509/1515/1464 1508/1514/1463 1496/1501/1451
f 1498/1503/1453 1510/1516/1465 1509/1515/1464 1497/1502/1452
f 1499/1504/1454 1511/1517/1466 1510/1516/1465 1498/1503/1453
f 1500/1505/1455 1512/1518/1467 1511/1517/1466 1499/1504/1454
f 1501/1506/1456 1513/1519/1468 1512/1518/1467 1500/1505/1455
f 1502/1495/1457 1514/1508/1469 1513/1519/1468 1501/1506/1456
f 1503/1507/1458 1515/1520/1470 1526/1521/1481 1514/1508/1469
f 1504/1509/1459 1516/1522/1471 1515/1523/1470 1503/1510/1458
f 1505/1511/1460 1517/1524/1472 1516/1522/1471 1504/1509/1459
f 1506/1512/1461 1518/1525/1473 1517/1524/1472 1505/1511/1460
f 1507/1513/1462 1519/1526/1474 1518/1525/1473 1506/1512/1461
f 1508/1514/1463 1520/1527/1475 1519/1526/1474 1507/1513/1462
f 1509/1515/1464 1521/1528/1476 1520/1527/1475 1508/1514/1463
f 1510/1516/1465 1522/1529/1477 1521/1528/1476 1509/1515/1464
f 1511/1517/1466 1523/1530/1478 1522/1529/1477 1510/1516/1465
f 1512/1518/1467 1524/1531/1479 1523/1530/1478 1511/1517/1466
f 1513/1519/1468 1525/1532/1480 1524/1531/1479 1512/1518/1467
f 1514/1508/1469 1526/1521/1481 1525/1532/1480 1513/1519/1468
f 1515/1520/1470 1527/1533/1482 1538/1534/1493 1526/1521/1481
f 1516/1522/1471 1528/1535/1483 1527/1536/1482 1515/1523/1470
f 1517/1524/1472 1529/1537/1484 1528/1535/1483 1516/1522/1471
f 1518/1525/1473 1530/1538/1485 1529/1537/1484 1517/1524/1472
f 1519/1526/1474 1531/1539/1486 1530/1538/1485 1518/1525/1473
f 1520/1527/1475 1532/1540/1487 1531/1539/1486 1519/1526/1474
f 1521/1528/1476 1533/1541/1488 1532/1540/1487 1520/1527/1475
f 1522/1529/1477 1534/1542/1489 1533/1541/1488 1521/1528/1476
f 1523/1530/1478 1535/1543/1490 1534/1542/1489 1522/1529/1477
f 1524/1531/1479 1536/1544/1491 1535/1543/1490 1523/1530/1478
f 1525/1532/1480 1537/1545/1492 1536/1544/1491 1524/1531/1479
f 1526/1521/1481 1538/1534/1493 1537/1545/1492 1525/1532/1480
f 1527/1533/1482 1539/1546/1494 1550/1547/1505 1538/1534/1493
f 1528/1535/1483 1540/1548/1495 1539/1549/1494 1527/1536/1482
f 1529/1537/1484 1541/1550/1496 1540/1548/1495 1528/1535/1483
f 1530/1538/1485 1542/1551/1497 1541/1550/1496 1529/1537/1484
f 1531/1539/1486 1543/1552/1498 1542/1551/1497 1530/1538/1485
f 1532/1540/1487 1544/1553/1499 1543/1552/1498 1531/1539/1486
f 1533/1541/1488 1545/1554/1500 1544/1553/1499 1532/1540/1487
f 1534/1542/1489 1546/1555/1501 1545/1554/1500 1533/1541/1488
f 1535/1543/1490 1547/1556/1502 1546/1555/1501 1534/1542/1489
f 1536/1544/1491 1548/1557/1503 1547/1556/1502 1535/1543/1490
f 1537/1545/1492 1549/1558/1504 1548/1557/1503 1536/1544/1491
f 1538/1534/1493 1550/1547/1505 1549/1558/1504 1537/1545/1492
f 1539/1546/1494 1551/1559/1506 1562/1560/1517 1550/1547/1505
f 1540/1548/1495 1552/1561/1507 1551/1562/1506 1539/1549/1494
f 1541/1550/1496 1553/1563/1508 1552/1561/1507 1540/1548/1495
f 1542/1551/1497 1554/1564/1509 1553/1563/1508 1541/1550/1496
f 1543/1552/1498 1555/1565/1510 1554/1564/1509 1542/1551/1497
f 1544/1553/1499 1556/1566/1511 1555/1565/1510 1543/1552/1498
f 1545/1554/1500 1557/1567/1512 1556/1566/1511 1544/1553/1499
f 1546/1555/1501 1558/1568/1513 1557/1567/1512 1545/1554/1500
f 1547/1556/1502 1559/1569/1514 1558/1568/1513 1546/1555/1501
f 1548/1557/1503 1560/1570/1515 1559/1569/1514 1547/1556/1502
f 1549/1558/1504 1561/1571/1516 1560/1570/1515 1548/1557/1503
f 1550/1547/1505 1562/1560/1517 1561/1571/1516 1549/1558/1504
f 1551/1559/1506 1563/1572/1518 1574/1573/1529 1562/1560/1517
f 1552/1561/1507 1564/1574/1519 1563/1575/1518 1551/1562/1506
f 1553/1563/1508 1565/1576/1520 1564/1574/1519 1552/1561/1507
f 1554/1564/1509 1566/1577/1521 1565/1576/1520 1553/1563/1508
f 1555/1565/1510 1567/1578/1522 1566/1577/1521 1554/1564/1509
f 1556/1566/1511 1568/1579/1523 1567/1578/1522 1555/1565/1510
f 1557/1567/1512 1569/1580/1524 1568/1579/1523 1556/1566/1511
f 1558/1568/1513 1570/1581/1525 1569/1580/1524 1557/1567/1512
f 1559/1569/1514 1571/1582/1526 1570/1581/1525 1558/1568/1513
f 1560/1570/1515 1572/1583/1527 1571/1582/1526 1559/1569/1514
f 1561/1571/1516 1573/1584/1528 1572/1583/1527 1560/1570/1515
f 1562/1560/1517 1574/1573/1529 1573/1584/1528 1561/1571/1516
f 1563/1572/1518 1575/1585/1530 1586/1586/1541 1574/1573/1529
f 1564/1574/1519 1576/1587/1531 1575/1588/1530 1563/1575/1518
f 1565/1576/1520 1577/1589/1532 1576/1587/1531 1564/1574/1519
f 1566/1577/1521 1578/1590/1533 1577/1589/1532 1565/1576/1520
f 1567/1578/1522 1579/1591/1534 1578/1590/1533 1566/1577/1521
f 1568/1579/1523 1580/1592/1535 1579/1591/1534 1567/1578/1522
f 1569/1580/1524 1581/1593/1536 1580/1592/1535 1568/1579/1523
f 1570/1581/1525 1582/1594/1537 1581/1593/1536 1569/1580/1524
f 1571/1582/1526 1583/1595/1538 1582/1594/1537 1570/1581/1525
f 1572/1583/1527 1584/1596/1539 1583/1595/1538 1571/1582/1526
f 1573/1584/1528 1585/1597/1540 1584/1596/1539 1572/1583/1527
f 1574/1573/1529 1586/1586/1541 1585/1597/1540 1573/1584/1528
f 1575/1585/1530 1587/1598/1542 1598/1599/1553 1586/1586/1541
f 1576/1587/1531 1588/1600/1543 1587/1601/1542 1575/1588/1530
f 1577/1589/1532 1589/1602/1544 1588/1600/1543 1576/1587/1531
f 1578/1590/1533 1590/1603/1545 1589/1602/1544 1577/1589/1532
f 1579/1591/1534 1591/1604/1546 1590/1603/1545 1578/1590/1533
f 1580/1592/1535 1592/1605/1547 1591/1604/1546 1579/1591/1534
f 1581/1593/1536 1593/1606/1548 1592/1605/1547 1580/1592/1535
f 1582/1594/1537 1594/1607/1549 1593/1606/1548 1581/1593/1536
f 1583/1595/1538 1595/1608/1550 1594/1607/1549 1582/1594/1537
f 1584/1596/1539 1596/1609/1551 1595/1608/1550 1583/1595/1538
f 1585/1597/1540 1597/1610/1552 1596/1609/1551 1584/1596/1539
f 1586/1586/1541 1598/1599/1553 1597/1610/1552 1585/1597/1540
f 1587/1598/1542 1599/1611/1554 1610/1612/1565 1598/1599/1553
f 1588/1600/1543 1600/1613/1555 1599/1614/1554 1587/1601/1542
f 1589/1602/1544 1601/1615/1556 1600/1613/1555 1588/1600/1543
f 1590/1603/1545 1602/1616/1557 1601/1615/1556 1589/1602/1544
f 1591/1604/1546 1603/1617/1558 1602/1616/1557 1590/1603/1545
f 1592/1605/1547 1604/1618/1559 1603/1617/1558 1591/1604/1546
f 1593/1606/1548 1605/1619/1560 1604/1618/1559 1592/1605/1547
f 1594/1607/1549 1606/1620/1561 1605/1619/1560 1593/1606/1548
f 1595/1608/1550 1607/1621/1562 1606/1620/1561 1594/1607/1549
f 1596/1609/1551 1608/1622/1563 1607/1621/1562 1595/1608/1550
f 1597/1610/1552 1609/1623/1564 1608/1622/1563 1596/1609/1551
f 1598/1599/1553 1610/1612/1565 1609/1623/1564 1597/1610/1552
f 1599/1611/1554 1611/1624/1566 1622/1625/1577 1610/1612/1565
f 1600/1613/1555 1612/1626/1567 1611/1627/1566 1599/1614/1554
f 1601/1615/1556 1613/1628/1568 1612/1626/1567 1600/1613/1555
f 1602/1616/1557 1614/1629/1569 1613/1628/1568 1601/1615/1556
f 1603/1617/1558 1615/1630/1570 1614/1629/1569 1602/1616/1557
f 1604/1618/1559 1616/1631/1571 1615/1630/1570 1603/1617/1558
f 1605/1619/1560 1617/1632/1572 1616/1631/1571 1604/1618/1559
f 1606/1620/1561 1618/1633/1573 1617/1632/1572 1605/1619/1560
f 1607/1621/1562 1619/1634/1574 1618/1633/1573 1606/1620/1561
f 1608/1622/1563 1620/1635/1575 1619/1634/1574 1607/1621/1562
f 1609/1623/1564 1621/1636/1576 1620/1635/1575 1608/1622/1563
f 1610/1612/1565 1622/1625/1577 1621/1636/1576 1609/1623/1564
f 1611/1624/1566 1623/1637/1578 1634/1638/1589 1622/1625/1577
f 1612/1626/1567 1624/1639/1579 1623/1640/1578 1611/1627/1566
f 1613/1628/1568 1625/1641/1580 1624/1639/1579 1612/1626/1567
f 1614/1629/1569 1626/1642/1581 1625/1641/1580 1613/1628/1568
f 1615/1630/1570 1627/1643/1582 1626/1642/1581 1614/1629/1569
f 1616/1631/1571 1628/1644/1583 1627/1643/1582 1615/1630/1570
f 1617/1632/1572 1629/1645/1584 1628/1644/1583 1616/1631/1571
f 1618/1633/1573 1630/1646/1585 1629/1645/1584 1617/1632/1572
f 1619/1634/1574 1631/1647/1586 1630/1646/1585 1618/1633/1573
f 1620/1635/1575 1632/1648/1587 1631/1647/1586 1619/1634/1574
f 1621/1636/1576 1633/1649/1588 1632/1648/1587 1620/1635/1575
f 1622/1625/1577 1634/1638/1589 1633/1649/1588 1621/1636/1576
f 1623/1637/1578 1635/1650/1590 1646/1651/1601 1634/1638/1589
f 1624/1639/1579 1636/1652/1591 1635/1653/1590 1623/1640/1578
f 1625/1641/1580 1637/1654/1592 1636/1652/1591 1624/1639/1579
f 1626/1642/1581 1638/1655/1593 1637/1654/1592 1625/1641/1580
f 1627/1643/1582 1639/1656/1594 1638/1655/1593 1626/1642/1581
f 1628/1644/1583 1640/1657/1595 1639/1656/1594 1627/1643/1582
f 1629/1645/1584 1641/1658/1596 1640/1657/1595 1628/1644/1583
f 1630/1646/1585 1642/1659/1597 1641/1658/1596 1629/1645/1584
f 1631/1647/1586 1643/1660/1598 1642/1659/1597 1630/1646/1585
f 1632/1648/1587 1644/1661/1599 1643/1660/1598 1631/1647/1586
f 1633/1649/1588 1645/1662/1600 1644/1661/1599 1632/1648/1587
f 1634/1638/1589 1646/1651/1601 1645/1662/1600 1633/1649/1588
f 1635/1650/1590 1647/1663/1602 1658/1664/1613 1646/1651/1601
f 1636/1652/1591 1648/1665/1603 1647/1666/1602 1635/1653/1590
f 1637/1654/1592 1649/1667/1604 1648/1665/1603 1636/1652/1591
f 1638/1655/1593 1650/1668/1605 1649/1667/1604 1637/1654/1592
f 1639/1656/1594 1651/1669/1606 1650/1668/1605 1638/1655/1593
f 1640/1657/1595 1652/1670/1607 1651/1669/1606 1639/1656/1594
f 1641/1658/1596 1653/1671/1608 1652/1670/1607 1640/1657/1595
f 1642/1659/1597 1654/1672/1609 1653/1671/1608 1641/1658/1596
f 1643/1660/1598 1655/1673/1610 1654/1672/1609 1642/1659/1597
f 1644/1661/1599 1656/1674/1611 1655/1673/1610 1643/1660/1598
f 1645/1662/1600 1657/1675/1612 1656/1674/1611 1644/1661/1599
f 1646/1651/1601 1658/1664/1613 1657/1675/1612 1645/1662/1600
f 1647/1663/1602 1659/1676/1614 1670/1677/1625 1658/1664/1613
f 1648/1665/1603 1660/1678/1615 1659/1679/1614 1647/1666/1602
f 1649/1667/1604 1661/1680/1616 1660/1678/1615 1648/1665/1603
f 1650/1668/1605 1662/1681/1617 1661/1680/1616 1649/1667/1604
f 1651/1669/1606 1663/1682/1618 1662/1681/1617 1650/1668/1605
f 1652/1670/1607 1664/1683/1619 1663/1682/1618 1651/1669/1606
f 1653/1671/1608 1665/1684/1620 1664/1683/1619 1652/1670/1607
f 1654/1672/1609 1666/1685/1621 1665/1684/1620 1653/1671/1608
f 1655/1673/1610 1667/1686/1622 1666/1685/1621 1654/1672/1609
f 1656/1674/1611 1668/1687/1623 1667/1686/1622 1655/1673/1610
f 1657/1675/1612 1669/1688/1624 1668/1687/1623 1656/1674/1611
f 1658/1664/1613 1670/1677/1625 1669/1688/1624 1657/1675/1612
f 1659/1676/1614 1671/1689/1626 1682/1690/1637 1670/1677/1625
f 1660/1678/1615 1672/1691/1627 1671/1692/1626 1659/1679/1614
f 1661/1680/1616 1673/1693/1628 1672/1691/1627 1660/1678/1615
f 1662/1681/1617 1674/1694/1629 1673/1693/1628 1661/1680/1616
f 1663/1682/1618 1675/1695/1630 1674/1694/1629 1662/1681/1617
f 1664/1683/1619 1676/1696/1631 1675/1695/1630 1663/1682/1618
f 1665/1684/1620 1677/1697/1632 1676/1696/1631 1664/1683/1619
f 1666/1685/1621 1678/1698/1633 1677/1697/1632 1665/1684/1620
f 1667/1686/1622 1679/1699/1634 1678/1698/1633 1666/1685/1621
f 1668/1687/1623 1680/1700/1635 1679/1699/1634 1667/1686/1622
f 1669/1688/1624 1681/1701/1636 1680/1700/1635 1668/1687/1623
f 1670/1677/1625 1682/1690/1637 1681/1701/1636 1669/1688/1624
f 1671/1689/1626 1683/1702/1638 1694/1703/1649 1682/1690/1637
f 1672/1691/1627 1684/1704/1639 1683/1705/1638 1671/1692/1626
f 1673/1693/1628 1685/1706/1640 1684/1704/1639 1672/1691/1627
f 1674/1694/1629 1686/1707/1641 1685/1706/1640 1673/1693/1628
f 1675/1695/1630 1687/1708/1642 1686/1707/1641 1674/1694/1629
f 1676/1696/1631 1688/1709/1643 1687/1708/1642 1675/1695/1630
f 1677/1697/1632 1689/1710/1644 1688/1709/1643 1676/1696/1631
f 1678/1698/1633 1690/1711/1645 1689/1710/1644 1677/1697/1632
f 1679/1699/1634 1691/1712/1646 1690/1711/1645 1678/1698/1633
f 1680/1700/1635 1692/1713/1647 1691/1712/1646 1679/1699/1634
f 1681/1701/1636 1693/1714/1648 1692/1713/1647 1680/1700/1635
f 1682/1690/1637 1694/1703/1649 1693/1714/1648 1681/1701/1636
f 1683/1702/1638 1695/1715/1650 1706/1716/1661 1694/1703/1649
f 1684/1704/1639 1696/1717/1651 1695/1718/1650 1683/1705/1638
f 1685/1706/1640 1697/1719/1652 1696/1717/1651 1684/1704/1639
f 1686/1707/1641 1698/1720/1653 1697/1719/1652 1685/1706/1640
f 1687/1708/1642 1699/1721/1654 1698/1720/1653 1686/1707/1641
f 1688/1709/1643 1700/1722/1655 1699/1721/1654 1687/1708/1642
f 1689/1710/1644 1701/1723/1656 1700/1722/1655 1688/1709/1643
f 1690/1711/1645 1702/1724/1657 1701/1723/1656 1689/1710/1644
f 1691/1712/1646 1703/1725/1658 1702/1724/1657 1690/1711/1645
f 1692/1713/1647 1704/1726/1659 1703/1725/1658 1691/1712/1646
f 1693/1714/1648 1705/1727/1660 1704/1726/1659 1692/1713/1647
f 1694/1703/1649 1706/1716/1661 1705/1727/1660 1693/1714/1648
f 1695/1715/1650 1707/1728/1662 1718/1729/1673 1706/1716/1661
f 1696/1717/1651 1708/1730/1663 1707/1731/1662 1695/1718/1650
f 1697/1719/1652 1709/1732/1664 1708/1730/1663 1696/1717/1651
f 1698/1720/1653 1710/1733/1665 1709/1732/1664 1697/1719/1652
f 1699/1721/1654 1711/1734/1666 1710/1733/1665 1698/1720/1653
f 1700/1722/1655 1712/1735/1667 1711/1734/1666 1699/1721/1654
f 1701/1723/1656 1713/1736/1668 1712/1735/1667 1700/1722/1655
f 1702/1724/1657 1714/1737/1669 1713/1736/1668 1701/1723/1656
f 1703/1725/1658 1715/1738/1670 1714/1737/1669 1702/1724/1657
f 1704/1726/1659 1716/1739/1671 1715/1738/1670 1703/1725/1658
f 1705/1727/1660 1717/1740/1672 1716/1739/1671 1704/1726/1659
f 1706/1716/1661 1718/1729/1673 1717/1740/1672 1705/1727/1660
f 1707/1728/1662 1719/1741/1674 1730/1742/1685 1718/1729/1673
f 1708/1730/1663 1720/1743/1675 1719/1744/1674 1707/1731/1662
f 1709/1732/1664 1721/1745/1676 1720/1743/1675 1708/1730/1663
f 1710/1733/1665 1722/1746/1677 1721/1745/1676 1709/1732/1664
f 1711/1734/1666 1723/1747/1678 1722/1746/1677 1710/1733/1665
f 1712/1735/1667 1724/1748/1679 1723/1747/1678 1711/1734/1666
f 1713/1736/1668 1725/1749/1680 1724/1748/1679 1712/1735/1667
f 1714/1737/1669 1726/1750/1681 1725/1749/1680 1713/1736/1668
f 1715/1738/1670 1727/1751/1682 1726/1750/1681 1714/1737/1669
f 1716/1739/1671 1728/1752/1683 1727/1751/1682 1715/1738/1670
f 1717/1740/1672 1729/1753/1684 1728/1752/1683 1716/1739/1671
f 1718/1729/1673 1730/1742/1685 1729/1753/1684 1717/1740/1672
f 1719/1741/1674 1731/1754/1686 1742/1755/1697 1730/1742/1685
f 1720/1743/1675 1732/1756/1687 1731/1757/1686 1719/1744/1674
f 1721/1745/1676 1733/1758/1688 1732/1756/1687 1720/1743/1675
f 1722/1746/1677 1734/1759/1689 1733/1758/1688 1721/1745/1676
f 1723/1747/1678 1735/1760/1690 1734/1759/1689 1722/1746/1677
f 1724/1748/1679 1736/1761/1691 1735/1760/1690 1723/1747/1678
f 1725/1749/1680 1737/1762/1692 1736/1761/1691 1724/1748/1679
f 1726/1750/1681 1738/1763/1693 1737/1762/1692 1725/1749/1680
f 1727/1751/1682 1739/1764/1694 1738/1763/1693 1726/1750/1681
f 1728/1752/1683 1740/1765/1695 1739/1764/1694 1727/1751/1682
f 1729/1753/1684 1741/1766/1696 1740/1765/1695 1728/1752/1683
f 1730/1742/1685 1742/1755/1697 1741/1766/1696 1729/1753/1684
f 1731/1754/1686 1743/1767/1698 1754/1768/1709 1742/1755/1697
f 1732/1756/1687 1744/1769/1699 1743/1770/1698 1731/1757/1686
f 1733/1758/1688 1745/1771/1700 1744/1769/1699 1732/1756/1687
f 1734/1759/1689 1746/1772/1701 1745/1771/1700 1733/1758/1688
f 1735/1760/1690 1747/1773/1702 1746/1772/1701 1734/1759/1689
f 1736/1761/1691 1748/1774/1703 1747/1773/1702 1735/1760/1690
f 1737/1762/1692 1749/1775/1704 1748/1774/1703 1736/1761/1691
f 1738/1763/1693 1750/1776/1705 1749/1775/1704 1737/1762/1692
f 1739/1764/1694 1751/1777/1706 1750/1776/1705 1738/1763/1693
f 1740/1765/1695 1752/1778/1707 1751/1777/1706 1739/1764/1694
f 1741/1766/1696 1753/1779/1708 1752/1778/1707 1740/1765/1695
f 1742/1755/1697 1754/1768/1709 1753/1779/1708 1741/1766/1696
f 1743/1767/1698 1755/1780/1710 1766/1781/1721 1754/1768/1709
f 1744/1769/1699 1756/1782/1711 1755/1783/1710 1743/1770/1698
f 1745/1771/1700 1757/1784/1712 1756/1782/1711 1744/1769/1699
f 1746/1772/1701 1758/1785/1713 1757/1784/1712 1745/1771/1700
f 1747/1773/1702 1759/1786/1714 1758/1785/1713 1746/1772/1701
f 1748/1774/1703 1760/1787/1715 1759/1786/1714 1747/1773/1702
f 1749/1775/1704 1761/1788/1716 1760/1787/1715 1748/1774/1703
f 1750/1776/1705 1762/1789/1717 1761/1788/1716 1749/1775/1704
f 1751/1777/1706 1763/1790/1718 1762/1789/1717 1750/1776/1705
f 1752/1778/1707 1764/1791/1719 1763/1790/1718 1751/1777/1706
f 1753/1779/1708 1765/1792/1720 1764/1791/1719 1752/1778/1707
f 1754/1768/1709 1766/1781/1721 1765/1792/1720 1753/1779/1708
f 1755/1780/1710 1767/1793/1722 1778/1794/1733 1766/1781/1721
f 1756/1782/1711 1768/1795/1723 1767/1796/1722 1755/1783/1710
f 1757/1784/1712 1769/1797/1724 1768/1795/1723 1756/1782/1711
f 1758/1785/1713 1770/1798/1725 1769/1797/1724 1757/1784/1712
f 1759/1786/1714 1771/1799/1726 1770/1798/1725 1758/1785/1713
f 1760/1787/1715 1772/1800/1727 1771/1799/1726 1759/1786/1714
f 1761/1788/1716 1773/1801/1728 1772/1800/1727 1760/1787/1715
f 1762/1789/1717 1774/1802/1729 1773/1801/1728 1761/1788/1716
f 1763/1790/1718 1775/1803/1730 1774/1802/1729 1762/1789/1717
f 1764/1791/1719 1776/1804/1731 1775/1803/1730 1763/1790/1718
f 1765/1792/1720 1777/1805/1732 1776/1804/1731 1764/1791/1719
f 1766/1781/1721 1778/1794/1733 1777/1805/1732 1765/1792/1720
f 1767/1793/1722 1779/1806/1734 1790/1807/1745 1778/1794/1733
f 1768/1795/1723 1780/1808/1735 1779/1809/1734 1767/1796/1722
f 1769/1797/1724 1781/1810/1736 1780/1808/1735 1768/1795/1723
f 1770/1798/1725 1782/1811/1737 1781/1810/1736 1769/1797/1724
f 1771/1799/1726 1783/1812/1738 1782/1811/1737 1770/1798/1725
f 1772/1800/1727 1784/1813/1739 1783/1812/1738 1771/1799/1726
f 1773/1801/1728 1785/1814/1740 1784/1813/1739 1772/1800/1727
f 1774/1802/1729 1786/1815/1741 1785/1814/1740 1773/1801/1728
f 1775/1803/1730 1787/1816/1742 1786/1815/1741 1774/1802/1729
f 1776/1804/1731 1788/1817/1743 1787/1816/1742 1775/1803/1730
f 1777/1805/1732 1789/1818/1744 1788/1817/1743 1776/1804/1731
f 1778/1794/1733 1790/1807/1745 1789/1818/1744 1777/1805/1732
f 1779/1806/1734 1791/1819/1746 1802/1820/1757 1790/1807/1745
f 1780/1808/1735 1792/1821/1747 1791/1822/1746 1779/1809/1734
f 1781/1810/1736 1793/1823/1748 1792/1821/1747 1780/1808/1735
f 1782/1811/1737 1794/1824/1749 1793/1823/1748 1781/1810/1736
f 1783/1812/1738 1795/1825/1750 1794/1824/1749 1782/1811/1737
f 1784/1813/1739 1796/1826/1751 1795/1825/1750 1783/1812/1738
f 1785/1814/1740 1797/1827/1752 1796/1826/1751 1784/1813/1739
f 1786/1815/1741 1798/1828/1753 1797/1827/1752 1785/1814/1740
f 1787/1816/1742 1799/1829/1754 1798/1828/1753 1786/1815/1741
f 1788/1817/1743 1800/1830/1755 1799/1829/1754 1787/1816/1742
f 1789/1818/1744 1801/1831/1756 1800/1830/1755 1788/1817/1743
f 1790/1807/1745 1802/1820/1757 1801/1831/1756 1789/1818/1744
f 1791/1819/1746 1347/1832/1302 1358/1833/1313 1802/1820/1757
f 1792/1821/1747 1348/1834/1303 1347/1835/1302 1791/1822/1746
f 1793/1823/1748 1349/1836/1304 1348/1834/1303 1792/1821/1747
f 1794/1824/1749 1350/1837/1305 1349/1836/1304 1793/1823/1748
f 1795/1825/1750 1351/1838/1306 1350/1837/1305 1794/1824/1749
f 1796/1826/1751 1352/1839/1307 1351/1838/1306 1795/1825/1750
f 1797/1827/1752 1353/1840/1308 1352/1839/1307 1796/1826/1751
f 1798/1828/1753 1354/1841/1309 1353/1840/1308 1797/1827/1752
f 1799/1829/1754 1355/1842/1310 1354/1841/1309 1798/1828/1753
f 1800/1830/1755 1356/1843/1311 1355/1842/1310 1799/1829/1754
f 1801/1831/1756 1357/1844/1312 1356/1843/1311 1800/1830/1755
f 1802/1820/1757 1358/1833/1313 1357/1844/1312 1801/1831/1756
o NurbsPath.002
v -0.007887 0.301841 -0.191718
v -0.007791 0.301941 -0.193031
v -0.007736 0.301370 -0.194220
v -0.007735 0.300280 -0.194966
v -0.007789 0.298965 -0.195070
v -0.007884 0.297776 -0.194504
v -0.007994 0.297032 -0.193418
v -0.008089 0.296933 -0.192105
v -0.008145 0.297504 -0.190916
v -0.008146 0.298593 -0.190169
v -0.008091 0.299908 -0.190066
v -0.007996 0.301097 -0.190632
v -0.013409 0.302401 -0.192507
v -0.012924 0.302447 -0.193735
v -0.012634 0.301843 -0.194873
v -0.012615 0.300752 -0.195616
v -0.012873 0.299465 -0.195765
v -0.013339 0.298329 -0.195281
v -0.013888 0.297646 -0.194293
v -0.014372 0.297601 -0.193065
v -0.014663 0.298205 -0.191928
v -0.014682 0.299296 -0.191184
v -0.014424 0.300582 -0.191035
v -0.013958 0.301719 -0.191519
v -0.015639 0.303349 -0.194040
v -0.014674 0.303183 -0.194926
v -0.014086 0.302449 -0.195853
v -0.014033 0.301343 -0.196572
v -0.014529 0.300162 -0.196892
v -0.015442 0.299222 -0.196726
v -0.016525 0.298775 -0.196119
v -0.017491 0.298941 -0.195233
v -0.018078 0.299675 -0.194306
v -0.018131 0.300780 -0.193586
v -0.017635 0.301962 -0.193267
v -0.016723 0.302902 -0.193433
v -0.017177 0.305763 -0.198011
v -0.016031 0.305386 -0.198548
v -0.015332 0.304522 -0.199261
v -0.015266 0.303403 -0.199958
v -0.015852 0.302328 -0.200453
v -0.016933 0.301585 -0.200613
v -0.018218 0.301375 -0.200395
v -0.019363 0.301752 -0.199858
v -0.020063 0.302616 -0.199145
v -0.020128 0.303735 -0.198448
v -0.019542 0.304810 -0.197953
v -0.018462 0.305553 -0.197793
v -0.018366 0.310507 -0.205839
v -0.017196 0.310053 -0.206249
v -0.016481 0.309142 -0.206884
v -0.016413 0.308018 -0.207572
v -0.017011 0.306981 -0.208131
v -0.018113 0.306310 -0.208409
v -0.019425 0.306184 -0.208333
v -0.020596 0.306638 -0.207923
v -0.021311 0.307549 -0.207288
v -0.021378 0.308673 -0.206600
v -0.020781 0.309710 -0.206041
v -0.019678 0.310381 -0.205763
v -0.019219 0.316937 -0.216469
v -0.018045 0.316461 -0.216840
v -0.017327 0.315535 -0.217450
v -0.017258 0.314409 -0.218136
v -0.017857 0.313384 -0.218714
v -0.018963 0.312734 -0.219030
v -0.020279 0.312635 -0.218998
v -0.021453 0.313111 -0.218627
v -0.022171 0.314037 -0.218017
v -0.022240 0.315163 -0.217331
v -0.021641 0.316188 -0.216753
v -0.020536 0.316837 -0.216438
v -0.019839 0.323185 -0.226799
v -0.018664 0.322705 -0.227163
v -0.017945 0.321779 -0.227770
v -0.017876 0.320654 -0.228459
v -0.018474 0.319633 -0.229044
v -0.019580 0.318989 -0.229369
v -0.020897 0.318894 -0.229347
v -0.022072 0.319374 -0.228983
v -0.022790 0.320300 -0.228376
v -0.022860 0.321425 -0.227687
v -0.022261 0.322446 -0.227102
v -0.021156 0.323090 -0.226777
v -0.020330 0.328041 -0.234730
v -0.019155 0.327570 -0.235107
v -0.018437 0.326655 -0.235732
v -0.018368 0.325541 -0.236437
v -0.018967 0.324526 -0.237034
v -0.020072 0.323883 -0.237362
v -0.021388 0.323784 -0.237334
v -0.022563 0.324255 -0.236958
v -0.023281 0.325170 -0.236333
v -0.023350 0.326284 -0.235627
v -0.022752 0.327298 -0.235031
v -0.021646 0.327941 -0.234702
v -0.020770 0.331778 -0.240518
v -0.019597 0.331324 -0.240920
v -0.018881 0.330433 -0.241581
v -0.018814 0.329343 -0.242323
v -0.019414 0.328346 -0.242947
v -0.020519 0.327710 -0.243287
v -0.021835 0.327604 -0.243251
v -0.023008 0.328057 -0.242848
v -0.023724 0.328949 -0.242188
v -0.023791 0.330039 -0.241446
v -0.023191 0.331036 -0.240821
v -0.022086 0.331672 -0.240481
v -0.021195 0.335178 -0.245329
v -0.020024 0.334740 -0.245753
v -0.019310 0.333875 -0.246450
v -0.019246 0.332814 -0.247233
v -0.019848 0.331841 -0.247892
v -0.020955 0.331218 -0.248251
v -0.022270 0.331110 -0.248214
v -0.023442 0.331548 -0.247790
v -0.024155 0.332413 -0.247093
v -0.024220 0.333474 -0.246310
v -0.023618 0.334447 -0.245650
v -0.022511 0.335070 -0.245291
v -0.021584 0.338494 -0.249694
v -0.020413 0.338063 -0.250124
v -0.019700 0.337212 -0.250841
v -0.019637 0.336172 -0.251651
v -0.020241 0.335220 -0.252339
v -0.021349 0.334612 -0.252719
v -0.022665 0.334510 -0.252690
v -0.023837 0.334941 -0.252260
v -0.024549 0.335791 -0.251544
v -0.024612 0.336832 -0.250733
v -0.024008 0.337784 -0.250046
v -0.022900 0.338392 -0.249665
v -0.021878 0.341570 -0.253593
v -0.020706 0.341133 -0.254015
v -0.019993 0.340287 -0.254735
v -0.019930 0.339259 -0.255562
v -0.020535 0.338325 -0.256273
v -0.021645 0.337735 -0.256677
v -0.022962 0.337646 -0.256667
v -0.024134 0.338084 -0.256245
v -0.024847 0.338930 -0.255524
v -0.024910 0.339958 -0.254698
v -0.024305 0.340892 -0.253987
v -0.023195 0.341482 -0.253583
v -0.022042 0.344353 -0.257019
v -0.020868 0.343905 -0.257427
v -0.020155 0.343061 -0.258150
v -0.020093 0.342049 -0.258995
v -0.020698 0.341138 -0.259735
v -0.021809 0.340574 -0.260173
v -0.023127 0.340507 -0.260190
v -0.024300 0.340956 -0.259782
v -0.025014 0.341799 -0.259059
v -0.025076 0.342812 -0.258214
v -0.024471 0.343722 -0.257474
v -0.023360 0.344287 -0.257036
v -0.022075 0.346985 -0.260102
v -0.020902 0.346528 -0.260498
v -0.020188 0.345693 -0.261231
v -0.020125 0.344704 -0.262104
v -0.020730 0.343828 -0.262884
v -0.021841 0.343297 -0.263362
v -0.023159 0.343255 -0.263410
v -0.024333 0.343713 -0.263014
v -0.025047 0.344548 -0.262282
v -0.025110 0.345536 -0.261408
v -0.024505 0.346413 -0.260628
v -0.023394 0.346943 -0.260150
v -0.022000 0.349580 -0.262934
v -0.020826 0.349118 -0.263324
v -0.020111 0.348300 -0.264074
v -0.020047 0.347345 -0.264983
v -0.020650 0.346508 -0.265808
v -0.021759 0.346015 -0.266328
v -0.023077 0.345997 -0.266402
v -0.024251 0.346459 -0.266012
v -0.024966 0.347277 -0.265262
v -0.025031 0.348232 -0.264353
v -0.024428 0.349069 -0.263528
v -0.023318 0.349562 -0.263009
v -0.021847 0.352113 -0.265478
v -0.020673 0.351647 -0.265864
v -0.019956 0.350849 -0.266633
v -0.019888 0.349930 -0.267579
v -0.020488 0.349138 -0.268449
v -0.021594 0.348685 -0.269009
v -0.022911 0.348692 -0.269110
v -0.024085 0.349157 -0.268724
v -0.024801 0.349956 -0.267955
v -0.024869 0.350874 -0.267009
v -0.024269 0.351666 -0.266139
v -0.023163 0.352119 -0.265579
v -0.021616 0.354530 -0.267716
v -0.020444 0.354045 -0.268083
v -0.019726 0.353250 -0.268855
v -0.019654 0.352358 -0.269825
v -0.020249 0.351608 -0.270735
v -0.021350 0.351201 -0.271340
v -0.022662 0.351246 -0.271477
v -0.023835 0.351731 -0.271111
v -0.024553 0.352526 -0.270339
v -0.024624 0.353418 -0.269368
v -0.024029 0.354168 -0.268459
v -0.022928 0.354575 -0.267854
v -0.021240 0.356852 -0.269787
v -0.020077 0.356311 -0.270102
v -0.019365 0.355481 -0.270842
v -0.019293 0.354586 -0.271810
v -0.019882 0.353864 -0.272746
v -0.020974 0.353510 -0.273399
v -0.022275 0.353618 -0.273595
v -0.023438 0.354159 -0.273281
v -0.024150 0.354989 -0.272540
v -0.024221 0.355884 -0.271573
v -0.023633 0.356605 -0.270637
v -0.022541 0.356960 -0.269983
v -0.020598 0.359163 -0.271928
v -0.019458 0.358541 -0.272166
v -0.018762 0.357649 -0.272847
v -0.018698 0.356726 -0.273788
v -0.019282 0.356018 -0.274738
v -0.020358 0.355717 -0.275442
v -0.021637 0.355902 -0.275711
v -0.022777 0.356524 -0.275473
v -0.023473 0.357416 -0.274792
v -0.023537 0.358339 -0.273850
v -0.022953 0.359047 -0.272900
v -0.021877 0.359348 -0.272197
v -0.019559 0.361661 -0.274400
v -0.018448 0.360966 -0.274565
v -0.017776 0.360017 -0.275189
v -0.017721 0.359068 -0.276106
v -0.018299 0.358374 -0.277069
v -0.019355 0.358120 -0.277820
v -0.020605 0.358375 -0.278158
v -0.021716 0.359070 -0.277993
v -0.022388 0.360019 -0.277369
v -0.022443 0.360968 -0.276452
v -0.021865 0.361662 -0.275489
v -0.020809 0.361916 -0.274738
v -0.017972 0.364612 -0.277425
v -0.016901 0.363844 -0.277515
v -0.016255 0.362846 -0.278089
v -0.016207 0.361885 -0.278993
v -0.016768 0.361218 -0.279985
v -0.017790 0.361025 -0.280799
v -0.018998 0.361357 -0.281217
v -0.020068 0.362125 -0.281127
v -0.020714 0.363124 -0.280553
v -0.020763 0.364085 -0.279649
v -0.020201 0.364751 -0.278657
v -0.019179 0.364944 -0.277843
v -0.015595 0.367881 -0.280803
v -0.014621 0.366990 -0.280765
v -0.014033 0.365917 -0.281261
v -0.013989 0.364948 -0.282158
v -0.014501 0.364344 -0.283215
v -0.015431 0.364266 -0.284148
v -0.016531 0.364735 -0.284709
v -0.017505 0.365626 -0.284746
v -0.018093 0.366699 -0.284250
v -0.018137 0.367668 -0.283354
v -0.017625 0.368272 -0.282297
v -0.016694 0.368350 -0.281363
v -0.012102 0.370759 -0.283778
v -0.011359 0.369690 -0.283556
v -0.010911 0.368509 -0.283940
v -0.010875 0.367533 -0.284829
v -0.011263 0.367024 -0.285983
v -0.011970 0.367117 -0.287095
v -0.012807 0.367788 -0.287865
v -0.013549 0.368857 -0.288087
v -0.013998 0.370038 -0.287703
v -0.014033 0.371014 -0.286814
v -0.013645 0.371523 -0.285660
v -0.012938 0.371430 -0.284548
v -0.007325 0.372607 -0.285667
v -0.006927 0.371401 -0.285305
v -0.006681 0.370140 -0.285606
v -0.006655 0.369160 -0.286491
v -0.006854 0.368724 -0.287721
v -0.007226 0.368950 -0.288968
v -0.007670 0.369776 -0.289897
v -0.008069 0.370982 -0.290259
v -0.008314 0.372244 -0.289957
v -0.008341 0.373224 -0.289073
v -0.008141 0.373659 -0.287842
v -0.007770 0.373433 -0.286596
v -0.001530 0.373398 -0.286385
v -0.001426 0.372146 -0.285979
v -0.001349 0.370857 -0.286256
v -0.001322 0.369877 -0.287140
v -0.001350 0.369468 -0.288395
v -0.001426 0.369740 -0.289685
v -0.001531 0.370620 -0.290664
v -0.001635 0.371872 -0.291069
v -0.001711 0.373161 -0.290793
v -0.001738 0.374141 -0.289909
v -0.001710 0.374550 -0.288654
v -0.001634 0.374278 -0.287364
v 0.004612 0.373409 -0.286180
v 0.004475 0.372157 -0.285782
v 0.004412 0.370868 -0.286062
v 0.004440 0.369887 -0.286945
v 0.004551 0.369477 -0.288196
v 0.004716 0.369748 -0.289477
v 0.004890 0.370627 -0.290447
v 0.005027 0.371878 -0.290846
v 0.005089 0.373167 -0.290566
v 0.005061 0.374148 -0.289682
v 0.004950 0.374558 -0.288432
v 0.004786 0.374287 -0.287150
v 0.010362 0.372551 -0.285065
v 0.009905 0.371356 -0.284734
v 0.009644 0.370103 -0.285057
v 0.009647 0.369126 -0.285945
v 0.009915 0.368687 -0.287161
v 0.010375 0.368904 -0.288380
v 0.010904 0.369719 -0.289274
v 0.011360 0.370913 -0.289604
v 0.011622 0.372167 -0.289282
v 0.011618 0.373144 -0.288394
v 0.011351 0.373583 -0.287178
v 0.010891 0.373365 -0.285959
v 0.015131 0.370370 -0.282788
v 0.014315 0.369344 -0.282631
v 0.013820 0.368199 -0.283064
v 0.013779 0.367242 -0.283973
v 0.014203 0.366729 -0.285114
v 0.014978 0.366798 -0.286180
v 0.015897 0.367431 -0.286887
v 0.016713 0.368457 -0.287045
v 0.017208 0.369601 -0.286611
v 0.017249 0.370558 -0.285702
v 0.016825 0.371071 -0.284562
v 0.016050 0.371002 -0.283495
v 0.018689 0.366710 -0.279305
v 0.017649 0.365899 -0.279352
v 0.017006 0.364895 -0.279920
v 0.016935 0.363966 -0.280856
v 0.017452 0.363363 -0.281910
v 0.018421 0.363246 -0.282800
v 0.019581 0.363647 -0.283286
v 0.020622 0.364458 -0.283239
v 0.021264 0.365463 -0.282672
v 0.021336 0.366391 -0.281736
v 0.020818 0.366994 -0.280682
v 0.019849 0.367111 -0.279792
v 0.021184 0.362039 -0.275007
v 0.020056 0.361378 -0.275192
v 0.019359 0.360468 -0.275848
v 0.019278 0.359553 -0.276796
v 0.019837 0.358878 -0.277784
v 0.020884 0.358624 -0.278547
v 0.022140 0.358859 -0.278880
v 0.023268 0.359520 -0.278694
v 0.023965 0.360430 -0.278039
v 0.024046 0.361345 -0.277090
v 0.023487 0.362020 -0.276102
v 0.022440 0.362274 -0.275340
v 0.022902 0.356916 -0.270219
v 0.021744 0.356343 -0.270487
v 0.021031 0.355476 -0.271182
v 0.020954 0.354547 -0.272117
v 0.021535 0.353805 -0.273042
v 0.022618 0.353449 -0.273709
v 0.023912 0.353574 -0.273939
v 0.025071 0.354148 -0.273670
v 0.025784 0.355015 -0.272976
v 0.025860 0.355944 -0.272040
v 0.025279 0.356686 -0.271116
v 0.024197 0.357042 -0.270449
v 0.024025 0.351380 -0.264634
v 0.022854 0.350860 -0.264956
v 0.022139 0.350003 -0.265660
v 0.022069 0.349037 -0.266558
v 0.022665 0.348222 -0.267408
v 0.023766 0.347775 -0.267984
v 0.025078 0.347817 -0.268130
v 0.026248 0.348337 -0.267808
v 0.026964 0.349194 -0.267104
v 0.027034 0.350160 -0.266206
v 0.026438 0.350975 -0.265356
v 0.025336 0.351422 -0.264780
v 0.024620 0.345211 -0.257711
v 0.023446 0.344725 -0.258069
v 0.022730 0.343864 -0.258769
v 0.022664 0.342858 -0.259622
v 0.023266 0.341978 -0.260401
v 0.024374 0.341459 -0.260897
v 0.025692 0.341440 -0.260976
v 0.026866 0.341927 -0.260618
v 0.027582 0.342788 -0.259919
v 0.027648 0.343793 -0.259065
v 0.027046 0.344673 -0.258286
v 0.025938 0.345192 -0.257791
v 0.024713 0.338704 -0.249722
v 0.023538 0.338242 -0.250108
v 0.022821 0.337376 -0.250802
v 0.022755 0.336339 -0.251617
v 0.023357 0.335409 -0.252335
v 0.024466 0.334835 -0.252764
v 0.025785 0.334771 -0.252789
v 0.026960 0.335233 -0.252403
v 0.027676 0.336099 -0.251710
v 0.027742 0.337136 -0.250895
v 0.027140 0.338066 -0.250177
v 0.026031 0.338640 -0.249748
v 0.024317 0.332618 -0.241673
v 0.023143 0.332177 -0.242086
v 0.022426 0.331307 -0.242773
v 0.022357 0.330242 -0.243550
v 0.022956 0.329267 -0.244209
v 0.024061 0.328643 -0.244574
v 0.025377 0.328537 -0.244546
v 0.026551 0.328979 -0.244133
v 0.027268 0.329848 -0.243446
v 0.027337 0.330914 -0.242668
v 0.026739 0.331889 -0.242009
v 0.025633 0.332513 -0.241645
v 0.023464 0.327161 -0.233807
v 0.022292 0.326734 -0.234239
v 0.021572 0.325856 -0.234913
v 0.021498 0.324761 -0.235648
v 0.022090 0.323744 -0.236248
v 0.023188 0.323077 -0.236551
v 0.024499 0.322939 -0.236476
v 0.025672 0.323366 -0.236044
v 0.026391 0.324244 -0.235370
v 0.026465 0.325338 -0.234635
v 0.025873 0.326355 -0.234036
v 0.024775 0.327023 -0.233733
v 0.022197 0.321612 -0.225043
v 0.021025 0.321191 -0.225484
v 0.020303 0.320304 -0.226143
v 0.020224 0.319187 -0.226844
v 0.020808 0.318141 -0.227398
v 0.021900 0.317445 -0.227657
v 0.023206 0.317286 -0.227552
v 0.024378 0.317707 -0.227111
v 0.025100 0.318594 -0.226452
v 0.025179 0.319710 -0.225752
v 0.024595 0.320757 -0.225198
v 0.023503 0.321453 -0.224939
v 0.020502 0.315466 -0.214789
v 0.019335 0.315062 -0.215256
v 0.018613 0.314178 -0.215920
v 0.018530 0.313052 -0.216604
v 0.019107 0.311985 -0.217124
v 0.020191 0.311263 -0.217342
v 0.021491 0.311079 -0.217198
v 0.022658 0.311483 -0.216731
v 0.023380 0.312367 -0.216066
v 0.023463 0.313493 -0.215382
v 0.022885 0.314560 -0.214862
v 0.021801 0.315283 -0.214645
v 0.018245 0.309548 -0.204698
v 0.017101 0.309198 -0.205256
v 0.016391 0.308346 -0.205973
v 0.016308 0.307221 -0.206658
v 0.016872 0.306123 -0.207127
v 0.017933 0.305347 -0.207254
v 0.019206 0.305101 -0.207006
v 0.020350 0.305451 -0.206449
v 0.021060 0.306303 -0.205731
v 0.021144 0.307429 -0.205046
v 0.020579 0.308527 -0.204577
v 0.019519 0.309302 -0.204450
v 0.015364 0.305283 -0.197397
v 0.014307 0.305050 -0.198153
v 0.013651 0.304271 -0.198994
v 0.013574 0.303154 -0.199694
v 0.014094 0.301999 -0.200067
v 0.015074 0.301116 -0.200012
v 0.016250 0.300740 -0.199543
v 0.017308 0.300973 -0.198788
v 0.017963 0.301752 -0.197947
v 0.018041 0.302869 -0.197246
v 0.017520 0.304024 -0.196874
v 0.016540 0.304907 -0.196929
v 0.012290 0.303021 -0.193559
v 0.011519 0.302975 -0.194630
v 0.011043 0.302313 -0.195668
v 0.010988 0.301212 -0.196395
v 0.011370 0.299967 -0.196616
v 0.012086 0.298913 -0.196272
v 0.012944 0.298330 -0.195455
v 0.013715 0.298377 -0.194384
v 0.014191 0.299039 -0.193345
v 0.014245 0.300140 -0.192618
v 0.013864 0.301384 -0.192397
v 0.013148 0.302439 -0.192741
v 0.008104 0.301971 -0.191811
v 0.007834 0.302056 -0.193100
v 0.007669 0.301476 -0.194275
v 0.007653 0.300386 -0.195020
v 0.007791 0.299078 -0.195135
v 0.008046 0.297902 -0.194590
v 0.008349 0.297174 -0.193531
v 0.008619 0.297089 -0.192242
v 0.008784 0.297669 -0.191067
v 0.008800 0.298759 -0.190322
v 0.008661 0.300067 -0.190207
v 0.008407 0.301243 -0.190752
vn 0.0196 0.9381 0.3458
vn 0.0560 0.9827 -0.1767
vn 0.0757 0.7579 -0.6480
vn 0.0756 0.3294 -0.9412
vn 0.0561 -0.1892 -0.9803
vn 0.0205 -0.6590 -0.7519
vn -0.0228 -0.9478 -0.3181
vn -0.0611 -0.9786 0.1963
vn -0.0835 -0.7534 0.6522
vn -0.0840 -0.3367 0.9378
vn -0.0624 0.1685 0.9837
vn -0.0243 0.6364 0.7710
vn 0.0764 0.9196 0.3854
vn 0.2695 0.9577 -0.1008
vn 0.3863 0.7256 -0.5695
vn 0.3939 0.2790 -0.8758
vn 0.2900 -0.2472 -0.9245
vn 0.1039 -0.6937 -0.7128
vn -0.1111 -0.9424 -0.3156
vn -0.2963 -0.9423 0.1556
vn -0.4051 -0.7040 0.5833
vn -0.4120 -0.2899 0.8639
vn -0.3153 0.1977 0.9282
vn -0.1378 0.6385 0.7572
vn 0.1347 0.8901 0.4354
vn 0.5260 0.8455 0.0920
vn 0.7797 0.5566 -0.2870
vn 0.8036 0.0964 -0.5873
vn 0.5878 -0.3864 -0.7108
vn 0.2131 -0.7469 -0.6298
vn -0.2071 -0.9009 -0.3815
vn -0.5673 -0.8226 -0.0380
vn -0.7827 -0.5378 0.3133
vn -0.8018 -0.1185 0.5857
vn -0.6201 0.3307 0.7114
vn -0.2813 0.6983 0.6582
vn 0.1909 0.8607 0.4720
vn 0.6488 0.7137 0.2639
vn 0.9287 0.3705 -0.0137
vn 0.9549 -0.0715 -0.2882
vn 0.7206 -0.4938 -0.4868
vn 0.2883 -0.7829 -0.5512
vn -0.2201 -0.8596 -0.4611
vn -0.6632 -0.7070 -0.2456
vn -0.9278 -0.3717 0.0324
vn -0.9522 0.0578 0.3000
vn -0.7311 0.4742 0.4905
vn -0.3154 0.7702 0.5543
vn 0.2030 0.8479 0.4898
vn 0.6640 0.6712 0.3296
vn 0.9463 0.3132 0.0805
vn 0.9731 -0.1295 -0.1906
vn 0.7371 -0.5370 -0.4102
vn 0.3026 -0.7995 -0.5190
vn -0.2126 -0.8467 -0.4878
vn -0.6695 -0.6674 -0.3261
vn -0.9472 -0.3112 -0.0779
vn -0.9734 0.1272 0.1906
vn -0.7415 0.5322 0.4086
vn -0.3115 0.7964 0.5184
vn 0.2063 0.8436 0.4958
vn 0.6673 0.6571 0.3507
vn 0.9493 0.2940 0.1115
vn 0.9763 -0.1480 -0.1578
vn 0.7411 -0.5502 -0.3847
vn 0.3071 -0.8046 -0.5082
vn -0.2090 -0.8432 -0.4954
vn -0.6688 -0.6559 -0.3499
vn -0.9495 -0.2934 -0.1109
vn -0.9764 0.1475 0.1576
vn -0.7424 0.5490 0.3840
vn -0.3097 0.8038 0.5079
vn 0.2075 0.8412 0.4993
vn 0.6683 0.6528 0.3566
vn 0.9498 0.2895 0.1184
vn 0.9768 -0.1513 -0.1515
vn 0.7422 -0.5515 -0.3807
vn 0.3089 -0.8040 -0.5081
vn -0.2071 -0.8413 -0.4993
vn -0.6677 -0.6533 -0.3569
vn -0.9495 -0.2902 -0.1189
vn -0.9770 0.1506 0.1511
vn -0.7425 0.5512 0.3806
vn -0.3089 0.8040 0.5080
vn 0.2087 0.8343 0.5103
vn 0.6694 0.6488 0.3620
vn 0.9501 0.2894 0.1167
vn 0.9762 -0.1471 -0.1596
vn 0.7414 -0.5440 -0.3930
vn 0.3088 -0.7954 -0.5215
vn -0.2062 -0.8346 -0.5107
vn -0.6664 -0.6509 -0.3636
vn -0.9488 -0.2928 -0.1189
vn -0.9769 0.1442 0.1578
vn -0.7425 0.5429 0.3924
vn -0.3083 0.7956 0.5215
vn 0.2102 0.8180 0.5355
vn 0.6707 0.6389 0.3768
vn 0.9504 0.2883 0.1171
vn 0.9750 -0.1390 -0.1736
vn 0.7391 -0.5285 -0.4176
vn 0.3066 -0.7768 -0.5500
vn -0.2075 -0.8183 -0.5360
vn -0.6666 -0.6418 -0.3792
vn -0.9482 -0.2937 -0.1209
vn -0.9763 0.1337 0.1702
vn -0.7419 0.5258 0.4160
vn -0.3074 0.7766 0.5499
vn 0.2112 0.7972 0.5655
vn 0.6713 0.6249 0.3986
vn 0.9505 0.2846 0.1246
vn 0.9744 -0.1316 -0.1825
vn 0.7375 -0.5120 -0.4403
vn 0.3041 -0.7555 -0.5804
vn -0.2103 -0.7974 -0.5657
vn -0.6686 -0.6267 -0.4002
vn -0.9489 -0.2886 -0.1277
vn -0.9755 0.1271 0.1793
vn -0.7404 0.5093 0.4386
vn -0.3059 0.7549 0.5802
vn 0.2114 0.7812 0.5874
vn 0.6714 0.6116 0.4185
vn 0.9508 0.2777 0.1371
vn 0.9748 -0.1307 -0.1810
vn 0.7373 -0.5037 -0.4502
vn 0.3027 -0.7415 -0.5988
vn -0.2126 -0.7810 -0.5872
vn -0.6709 -0.6119 -0.4188
vn -0.9501 -0.2794 -0.1385
vn -0.9755 0.1281 0.1790
vn -0.7397 0.5015 0.4488
vn -0.3053 0.7407 0.5984
vn 0.2110 0.7694 0.6029
vn 0.6716 0.5979 0.4375
vn 0.9517 0.2656 0.1543
vn 0.9757 -0.1381 -0.1703
vn 0.7375 -0.5044 -0.4490
vn 0.3019 -0.7351 -0.6070
vn -0.2140 -0.7689 -0.6024
vn -0.6725 -0.5973 -0.4370
vn -0.9513 -0.2664 -0.1550
vn -0.9763 0.1358 0.1685
vn -0.7404 0.5020 0.4471
vn -0.3059 0.7340 0.6063
vn 0.2110 0.7542 0.6218
vn 0.6724 0.5783 0.4619
vn 0.9527 0.2465 0.1775
vn 0.9763 -0.1515 -0.1545
vn 0.7375 -0.5083 -0.4447
vn 0.3014 -0.7284 -0.6153
vn -0.2146 -0.7536 -0.6213
vn -0.6730 -0.5779 -0.4617
vn -0.9520 -0.2482 -0.1791
vn -0.9774 0.1478 0.1514
vn -0.7416 0.5048 0.4418
vn -0.3069 0.7270 0.6142
vn 0.2109 0.7314 0.6485
vn 0.6728 0.5515 0.4931
vn 0.9531 0.2229 0.2047
vn 0.9764 -0.1655 -0.1386
vn 0.7375 -0.5088 -0.4441
vn 0.3016 -0.7154 -0.6303
vn -0.2141 -0.7308 -0.6481
vn -0.6724 -0.5518 -0.4934
vn -0.9519 -0.2258 -0.2073
vn -0.9778 0.1606 0.1343
vn -0.7424 0.5047 0.4405
vn -0.3075 0.7140 0.6290
vn 0.2100 0.7025 0.6800
vn 0.6720 0.5207 0.5266
vn 0.9524 0.1985 0.2312
vn 0.9762 -0.1767 -0.1261
vn 0.7380 -0.5038 -0.4490
vn 0.3029 -0.6958 -0.6513
vn -0.2123 -0.7020 -0.6798
vn -0.6707 -0.5216 -0.5274
vn -0.9508 -0.2022 -0.2346
vn -0.9777 0.1714 0.1210
vn -0.7431 0.4999 0.4449
vn -0.3084 0.6946 0.6499
vn 0.2071 0.6707 0.7122
vn 0.6692 0.4878 0.5605
vn 0.9506 0.1734 0.2575
vn 0.9756 -0.1875 -0.1144
vn 0.7387 -0.4974 -0.4549
vn 0.3046 -0.6738 -0.6732
vn -0.2100 -0.6702 -0.7118
vn -0.6684 -0.4884 -0.5610
vn -0.9491 -0.1766 -0.2609
vn -0.9771 0.1826 0.1090
vn -0.7440 0.4936 0.4505
vn -0.3106 0.6726 0.6717
vn 0.2014 0.6445 0.7376
vn 0.6632 0.4546 0.5946
vn 0.9462 0.1419 0.2907
vn 0.9736 -0.2091 -0.0916
vn 0.7384 -0.5034 -0.4487
vn 0.3053 -0.6620 -0.6845
vn -0.2087 -0.6430 -0.7368
vn -0.6662 -0.4526 -0.5927
vn -0.9461 -0.1419 -0.2912
vn -0.9745 0.2065 0.0877
vn -0.7435 0.5002 0.4437
vn -0.3136 0.6608 0.6819
vn 0.1963 0.6356 0.7467
vn 0.6542 0.4249 0.6256
vn 0.9369 0.0991 0.3353
vn 0.9660 -0.2542 -0.0466
vn 0.7329 -0.5385 -0.4158
vn 0.3017 -0.6766 -0.6717
vn -0.2095 -0.6321 -0.7460
vn -0.6630 -0.4186 -0.6207
vn -0.9390 -0.0942 -0.3307
vn -0.9659 0.2547 0.0464
vn -0.7372 0.5361 0.4112
vn -0.3126 0.6757 0.6676
vn 0.1968 0.6416 0.7414
vn 0.6456 0.3996 0.6507
vn 0.9219 0.0490 0.3843
vn 0.9488 -0.3157 0.0130
vn 0.7177 -0.5948 -0.3621
vn 0.2921 -0.7121 -0.6384
vn -0.2110 -0.6368 -0.7416
vn -0.6558 -0.3913 -0.6456
vn -0.9247 -0.0424 -0.3783
vn -0.9484 0.3170 -0.0113
vn -0.7214 0.5925 0.3585
vn -0.3032 0.7115 0.6339
vn 0.1996 0.6465 0.7363
vn 0.6369 0.3752 0.6735
vn 0.9034 0.0020 0.4289
vn 0.9256 -0.3723 0.0679
vn 0.6971 -0.6458 -0.3115
vn 0.2804 -0.7442 -0.6062
vn -0.2108 -0.6420 -0.7372
vn -0.6442 -0.3682 -0.6704
vn -0.9050 0.0028 -0.4254
vn -0.9255 0.3725 -0.0679
vn -0.7009 0.6435 0.3075
vn -0.2899 0.7441 0.6019
vn 0.1934 0.6419 0.7420
vn 0.6167 0.3418 0.7091
vn 0.8738 -0.0515 0.4836
vn 0.8933 -0.4312 0.1266
vn 0.6698 -0.6938 -0.2645
vn 0.2653 -0.7677 -0.5834
vn -0.2091 -0.6341 -0.7445
vn -0.6253 -0.3315 -0.7065
vn -0.8743 0.0576 -0.4819
vn -0.8929 0.4308 -0.1308
vn -0.6765 0.6908 0.2552
vn -0.2800 0.7688 0.5749
vn 0.1685 0.6265 0.7610
vn 0.5578 0.2789 0.7818
vn 0.7962 -0.1471 0.5869
vn 0.8141 -0.5335 0.2293
vn 0.6061 -0.7722 -0.1907
vn 0.2333 -0.7973 -0.5566
vn -0.1985 -0.6061 -0.7703
vn -0.5731 -0.2554 -0.7787
vn -0.7957 0.1596 -0.5843
vn -0.8122 0.5320 -0.2394
vn -0.6187 0.7674 0.1684
vn -0.2619 0.8035 0.5346
vn 0.1198 0.6027 0.7889
vn 0.4184 0.1849 0.8892
vn 0.6043 -0.2904 0.7419
vn 0.6189 -0.6862 0.3822
vn 0.4574 -0.8853 -0.0842
vn 0.1715 -0.8361 -0.5210
vn -0.1555 -0.5629 -0.8118
vn -0.4378 -0.1456 -0.8872
vn -0.6057 0.3064 -0.7343
vn -0.6189 0.6793 -0.3944
vn -0.4740 0.8793 0.0469
vn -0.2059 0.8535 0.4787
vn 0.0588 0.5756 0.8156
vn 0.2178 0.1014 0.9707
vn 0.3171 -0.4062 0.8570
vn 0.3277 -0.8011 0.5008
vn 0.2467 -0.9691 0.0050
vn 0.0980 -0.8679 -0.4870
vn -0.0763 -0.5347 -0.8416
vn -0.2294 -0.0651 -0.9711
vn -0.3225 0.4178 -0.8494
vn -0.3327 0.7928 -0.5107
vn -0.2575 0.9654 -0.0405
vn -0.1151 0.8888 0.4436
vn -0.0012 0.5581 0.8298
vn 0.0395 0.0646 0.9971
vn 0.0692 -0.4485 0.8911
vn 0.0802 -0.8383 0.5393
vn 0.0694 -0.9968 0.0396
vn 0.0394 -0.8824 -0.4689
vn -0.0018 -0.5309 -0.8475
vn -0.0427 -0.0415 -0.9982
vn -0.0722 0.4553 -0.8874
vn -0.0829 0.8330 -0.5471
vn -0.0719 0.9954 -0.0639
vn -0.0421 0.8972 0.4396
vn -0.0522 0.5596 0.8271
vn -0.1064 0.0666 0.9921
vn -0.1308 -0.4468 0.8850
vn -0.1194 -0.8374 0.5334
vn -0.0757 -0.9965 0.0353
vn -0.0112 -0.8823 -0.4705
vn 0.0567 -0.5307 -0.8457
vn 0.1098 -0.0413 -0.9931
vn 0.1342 0.4553 -0.8802
vn 0.1237 0.8325 -0.5400
vn 0.0809 0.9950 -0.0592
vn 0.0166 0.8976 0.4405
vn -0.0950 0.5771 0.8111
vn -0.2778 0.1091 0.9544
vn -0.3846 -0.3955 0.8340
vn -0.3834 -0.7912 0.4765
vn -0.2744 -0.9615 -0.0150
vn -0.0902 -0.8630 -0.4971
vn 0.1170 -0.5331 -0.8379
vn 0.2918 -0.0673 -0.9541
vn 0.3902 0.4121 -0.8234
vn 0.3887 0.7847 -0.4829
vn 0.2877 0.9575 -0.0186
vn 0.1118 0.8843 0.4533
vn -0.1291 0.5959 0.7926
vn -0.4567 0.1967 0.8676
vn -0.6622 -0.2631 0.7016
vn -0.6805 -0.6520 0.3343
vn -0.5044 -0.8541 -0.1270
vn -0.1900 -0.8151 -0.5472
vn 0.1703 -0.5562 -0.8134
vn 0.4808 -0.1545 -0.8631
vn 0.6653 0.2838 -0.6905
vn 0.6798 0.6485 -0.3425
vn 0.5211 0.8484 0.0933
vn 0.2275 0.8311 0.5074
vn -0.1582 0.6097 0.7767
vn -0.5733 0.2937 0.7649
vn -0.8339 -0.1044 0.5420
vn -0.8638 -0.4749 0.1685
vn -0.6538 -0.7139 -0.2509
vn -0.2650 -0.7552 -0.5995
vn 0.1918 -0.5907 -0.7837
vn 0.5927 -0.2702 -0.7588
vn 0.8357 0.1186 -0.5363
vn 0.8621 0.4752 -0.1761
vn 0.6660 0.7095 0.2303
vn 0.2949 0.7601 0.5791
vn -0.1774 0.6269 0.7586
vn -0.6242 0.3689 0.6886
vn -0.9025 0.0100 0.4307
vn -0.9343 -0.3521 0.0549
vn -0.7112 -0.6179 -0.3352
vn -0.2956 -0.7152 -0.6333
vn 0.1975 -0.6194 -0.7599
vn 0.6353 -0.3588 -0.6839
vn 0.9037 -0.0046 -0.4281
vn 0.9348 0.3501 -0.0604
vn 0.7205 0.6133 0.3237
vn 0.3148 0.7154 0.6238
vn -0.1907 0.6570 0.7293
vn -0.6492 0.4327 0.6255
vn -0.9319 0.0902 0.3512
vn -0.9608 -0.2767 -0.0186
vn -0.7289 -0.5678 -0.3825
vn -0.3015 -0.7049 -0.6420
vn 0.2048 -0.6531 -0.7290
vn 0.6551 -0.4281 -0.6225
vn 0.9316 -0.0905 -0.3519
vn 0.9625 0.2710 0.0115
vn 0.7389 0.5615 0.3726
vn 0.3176 0.7034 0.6359
vn -0.2011 0.6994 0.6858
vn -0.6639 0.4957 0.5599
vn -0.9466 0.1571 0.2816
vn -0.9719 -0.2239 -0.0728
vn -0.7345 -0.5433 -0.4066
vn -0.3009 -0.7158 -0.6301
vn 0.2115 -0.6971 -0.6851
vn 0.6666 -0.4936 -0.5585
vn 0.9452 -0.1600 -0.2844
vn 0.9742 0.2162 0.0650
vn 0.7445 0.5359 0.3981
vn 0.3149 0.7135 0.6259
vn -0.2065 0.7398 0.6403
vn -0.6698 0.5491 0.4999
vn -0.9518 0.2095 0.2240
vn -0.9760 -0.1864 -0.1122
vn -0.7372 -0.5313 -0.4174
vn -0.3014 -0.7328 -0.6100
vn 0.2137 -0.7384 -0.6396
vn 0.6712 -0.5480 -0.4993
vn 0.9505 -0.2124 -0.2267
vn 0.9779 0.1798 0.1063
vn 0.7449 0.5250 0.4117
vn 0.3117 0.7305 0.6076
vn -0.2069 0.7715 0.6016
vn -0.6700 0.5902 0.4503
vn -0.9521 0.2491 0.1771
vn -0.9768 -0.1590 -0.1437
vn -0.7383 -0.5236 -0.4253
vn -0.3024 -0.7469 -0.5922
vn 0.2133 -0.7705 -0.6007
vn 0.6714 -0.5892 -0.4495
vn 0.9511 -0.2515 -0.1791
vn 0.9783 0.1532 0.1392
vn 0.7448 0.5178 0.4209
vn 0.3113 0.7446 0.5905
vn -0.2044 0.8003 0.5637
vn -0.6673 0.6273 0.4015
vn -0.9497 0.2844 0.1307
vn -0.9752 -0.1350 -0.1752
vn -0.7380 -0.5173 -0.4334
vn -0.3036 -0.7600 -0.5747
vn 0.2108 -0.7995 -0.5625
vn 0.6684 -0.6265 -0.4009
vn 0.9486 -0.2873 -0.1329
vn 0.9769 0.1284 0.1706
vn 0.7450 0.5107 0.4292
vn 0.3129 0.7571 0.5734
vn -0.2010 0.8279 0.5235
vn -0.6627 0.6601 0.3536
vn -0.9453 0.3140 0.0882
vn -0.9727 -0.1163 -0.2006
vn -0.7388 -0.5147 -0.4351
vn -0.3077 -0.7745 -0.5527
vn 0.2048 -0.8275 -0.5228
vn 0.6623 -0.6604 -0.3540
vn 0.9438 -0.3177 -0.0910
vn 0.9743 0.1099 0.1965
vn 0.7446 0.5089 0.4320
vn 0.3145 0.7722 0.5520
vn -0.1968 0.8480 0.4920
vn -0.6572 0.6830 0.3189
vn -0.9407 0.3340 0.0599
vn -0.9710 -0.1045 -0.2151
vn -0.7407 -0.5145 -0.4320
vn -0.3124 -0.7863 -0.5330
vn 0.1990 -0.8478 -0.4916
vn 0.6570 -0.6831 -0.3190
vn 0.9398 -0.3362 -0.0614
vn 0.9719 0.1006 0.2128
vn 0.7441 0.5110 0.4304
vn 0.3164 0.7849 0.5328
vn -0.1902 0.8602 0.4731
vn -0.6497 0.7026 0.2903
vn -0.9343 0.3553 0.0291
vn -0.9668 -0.0879 -0.2400
vn -0.7386 -0.5071 -0.4443
vn -0.3119 -0.7894 -0.5288
vn 0.1976 -0.8596 -0.4712
vn 0.6534 -0.7001 -0.2878
vn 0.9346 -0.3546 -0.0281
vn 0.9673 0.0850 0.2389
vn 0.7428 0.5023 0.4426
vn 0.3196 0.7864 0.5286
vn -0.1779 0.8721 0.4559
vn -0.6314 0.7380 0.2381
vn -0.9143 0.4025 -0.0448
vn -0.9478 -0.0432 -0.3159
vn -0.7224 -0.4767 -0.5008
vn -0.3013 -0.7796 -0.5491
vn 0.1990 -0.8713 -0.4486
vn 0.6434 -0.7306 -0.2288
vn 0.9160 -0.3980 0.0504
vn 0.9481 0.0381 0.3157
vn 0.7317 0.4649 0.4985
vn 0.3210 0.7707 0.5504
vn -0.1548 0.8888 0.4314
vn -0.5791 0.8039 0.1360
vn -0.8460 0.4955 -0.1968
vn -0.8780 0.0499 -0.4761
vn -0.6655 -0.4086 -0.6246
vn -0.2703 -0.7535 -0.5994
vn 0.1935 -0.8918 -0.4089
vn 0.5994 -0.7928 -0.1104
vn 0.8454 -0.4895 0.2138
vn 0.8742 -0.0622 0.4816
vn 0.6793 0.3823 0.6265
vn 0.3057 0.7313 0.6097
vn -0.1009 0.9095 0.4033
vn -0.4126 0.9108 -0.0166
vn -0.6155 0.6529 -0.4414
vn -0.6395 0.1997 -0.7424
vn -0.4752 -0.3082 -0.8241
vn -0.1815 -0.7182 -0.6718
vn 0.1529 -0.9272 -0.3421
vn 0.4421 -0.8941 0.0715
vn 0.6175 -0.6350 0.4643
vn 0.6373 -0.2167 0.7395
vn 0.4969 0.2565 0.8290
vn 0.2298 0.6671 0.7086
vn -0.0398 0.9280 0.3705
vn -0.1478 0.9791 -0.1400
vn -0.2143 0.7550 -0.6197
vn -0.2205 0.3118 -0.9242
vn -0.1646 -0.2193 -0.9617
vn -0.0626 -0.6813 -0.7293
vn 0.0566 -0.9507 -0.3048
vn 0.1602 -0.9682 0.1924
vn 0.2221 -0.7389 0.6361
vn 0.2278 -0.3241 0.9182
vn 0.1761 0.1734 0.9690
vn 0.0789 0.6301 0.7725
vt 0.000000 1.000000
vt 0.023810 1.000000
vt 0.023810 0.916667
vt 0.000000 0.916667
vt 0.000000 0.083333
vt 0.023810 0.083333
vt 0.023810 0.000000
vt 0.000000 0.000000
vt 0.000000 0.166667
vt 0.023810 0.166667
vt 0.000000 0.250000
vt 0.023810 0.250000
vt 0.000000 0.333333
vt 0.023810 0.333333
vt 0.000000 0.416667
vt 0.023810 0.416667
vt 0.000000 0.500000
vt 0.023810 0.500000
vt 0.000000 0.583333
vt 0.023810 0.583333
vt 0.000000 0.666667
vt 0.023810 0.666667
vt 0.000000 0.750000
vt 0.023810 0.750000
vt 0.000000 0.833333
vt 0.023810 0.833333
vt 0.047619 1.000000
vt 0.047619 0.916667
vt 0.047619 0.083333
vt 0.047619 0.000000
vt 0.047619 0.166667
vt 0.047619 0.250000
vt 0.047619 0.333333
vt 0.047619 0.416667
vt 0.047619 0.500000
vt 0.047619 0.583333
vt 0.047619 0.666667
vt 0.047619 0.750000
vt 0.047619 0.833333
vt 0.071429 1.000000
vt 0.071429 0.916667
vt 0.071429 0.083333
vt 0.071429 0.000000
vt 0.071429 0.166667
vt 0.071429 0.250000
vt 0.071429 0.333333
vt 0.071429 0.416667
vt 0.071429 0.500000
vt 0.071429 0.583333
vt 0.071429 0.666667
vt 0.071429 0.750000
vt 0.071429 0.833333
vt 0.095238 1.000000
vt 0.095238 0.916667
vt 0.095238 0.083333
vt 0.095238 0.000000
vt 0.095238 0.166667
vt 0.095238 0.250000
vt 0.095238 0.333333
vt 0.095238 0.416667
vt 0.095238 0.500000
vt 0.095238 0.583333
vt 0.095238 0.666667
vt 0.095238 0.750000
vt 0.095238 0.833333
vt 0.119048 1.000000
vt 0.119048 0.916667
vt 0.119048 0.083333
vt 0.119048 0.000000
vt 0.119048 0.166667
vt 0.119048 0.250000
vt 0.119048 0.333333
vt 0.119048 0.416667
vt 0.119048 0.500000
vt 0.119048 0.583333
vt 0.119048 0.666667
vt 0.119048 0.750000
vt 0.119048 0.833333
vt 0.142857 1.000000
vt 0.142857 0.916667
vt 0.142857 0.083333
vt 0.142857 0.000000
vt 0.142857 0.166667
vt 0.142857 0.250000
vt 0.142857 0.333333
vt 0.142857 0.416667
vt 0.142857 0.500000
vt 0.142857 0.583333
vt 0.142857 0.666667
vt 0.142857 0.750000
vt 0.142857 0.833333
vt 0.166667 1.000000
vt 0.166667 0.916667
vt 0.166667 0.083333
vt 0.166667 0.000000
vt 0.166667 0.166667
vt 0.166667 0.250000
vt 0.166667 0.333333
vt 0.166667 0.416667
vt 0.166667 0.500000
vt 0.166667 0.583333
vt 0.166667 0.666667
vt 0.166667 0.750000
vt 0.166667 0.833333
vt 0.190476 1.000000
vt 0.190476 0.916667
vt 0.190476 0.083333
vt 0.190476 0.000000
vt 0.190476 0.166667
vt 0.190476 0.250000
vt 0.190476 0.333333
vt 0.190476 0.416667
vt 0.190476 0.500000
vt 0.190476 0.583333
vt 0.190476 0.666667
vt 0.190476 0.750000
vt 0.190476 0.833333
vt 0.214286 1.000000
vt 0.214286 0.916667
vt 0.214286 0.083333
vt 0.214286 0.000000
vt 0.214286 0.166667
vt 0.214286 0.250000
vt 0.214286 0.333333
vt 0.214286 0.416667
vt 0.214286 0.500000
vt 0.214286 0.583333
vt 0.214286 0.666667
vt 0.214286 0.750000
vt 0.214286 0.833333
vt 0.238095 1.000000
vt 0.238095 0.916667
vt 0.238095 0.083333
vt 0.238095 0.000000
vt 0.238095 0.166667
vt 0.238095 0.250000
vt 0.238095 0.333333
vt 0.238095 0.416667
vt 0.238095 0.500000
vt 0.238095 0.583333
vt 0.238095 0.666667
vt 0.238095 0.750000
vt 0.238095 0.833333
vt 0.261905 1.000000
vt 0.261905 0.916667
vt 0.261905 0.083333
vt 0.261905 0.000000
vt 0.261905 0.166667
vt 0.261905 0.250000
vt 0.261905 0.333333
vt 0.261905 0.416667
vt 0.261905 0.500000
vt 0.261905 0.583333
vt 0.261905 0.666667
vt 0.261905 0.750000
vt 0.261905 0.833333
vt 0.285714 1.000000
vt 0.285714 0.916667
vt 0.285714 0.083333
vt 0.285714 0.000000
vt 0.285714 0.166667
vt 0.285714 0.250000
vt 0.285714 0.333333
vt 0.285714 0.416667
vt 0.285714 0.500000
vt 0.285714 0.583333
vt 0.285714 0.666667
vt 0.285714 0.750000
vt 0.285714 0.833333
vt 0.309524 1.000000
vt 0.309524 0.916667
vt 0.309524 0.083333
vt 0.309524 0.000000
vt 0.309524 0.166667
vt 0.309524 0.250000
vt 0.309524 0.333333
vt 0.309524 0.416667
vt 0.309524 0.500000
vt 0.309524 0.583333
vt 0.309524 0.666667
vt 0.309524 0.750000
vt 0.309524 0.833333
vt 0.333333 1.000000
vt 0.333333 0.916667
vt 0.333333 0.083333
vt 0.333333 0.000000
vt 0.333333 0.166667
vt 0.333333 0.250000
vt 0.333333 0.333333
vt 0.333333 0.416667
vt 0.333333 0.500000
vt 0.333333 0.583333
vt 0.333333 0.666667
vt 0.333333 0.750000
vt 0.333333 0.833333
vt 0.357143 1.000000
vt 0.357143 0.916667
vt 0.357143 0.083333
vt 0.357143 0.000000
vt 0.357143 0.166667
vt 0.357143 0.250000
vt 0.357143 0.333333
vt 0.357143 0.416667
vt 0.357143 0.500000
vt 0.357143 0.583333
vt 0.357143 0.666667
vt 0.357143 0.750000
vt 0.357143 0.833333
vt 0.380952 1.000000
vt 0.380952 0.916667
vt 0.380952 0.083333
vt 0.380952 0.000000
vt 0.380952 0.166667
vt 0.380952 0.250000
vt 0.380952 0.333333
vt 0.380952 0.416667
vt 0.380952 0.500000
vt 0.380952 0.583333
vt 0.380952 0.666667
vt 0.380952 0.750000
vt 0.380952 0.833333
vt 0.404762 1.000000
vt 0.404762 0.916667
vt 0.404762 0.083333
vt 0.404762 0.000000
vt 0.404762 0.166667
vt 0.404762 0.250000
vt 0.404762 0.333333
vt 0.404762 0.416667
vt 0.404762 0.500000
vt 0.404762 0.583333
vt 0.404762 0.666667
vt 0.404762 0.750000
vt 0.404762 0.833333
vt 0.428571 1.000000
vt 0.428571 0.916667
vt 0.428571 0.083333
vt 0.428571 0.000000
vt 0.428571 0.166667
vt 0.428571 0.250000
vt 0.428571 0.333333
vt 0.428571 0.416667
vt 0.428571 0.500000
vt 0.428571 0.583333
vt 0.428571 0.666667
vt 0.428571 0.750000
vt 0.428571 0.833333
vt 0.452381 1.000000
vt 0.452381 0.916667
vt 0.452381 0.083333
vt 0.452381 0.000000
vt 0.452381 0.166667
vt 0.452381 0.250000
vt 0.452381 0.333333
vt 0.452381 0.416667
vt 0.452381 0.500000
vt 0.452381 0.583333
vt 0.452381 0.666667
vt 0.452381 0.750000
vt 0.452381 0.833333
vt 0.476190 1.000000
vt 0.476190 0.916667
vt 0.476190 0.083333
vt 0.476190 0.000000
vt 0.476190 0.166667
vt 0.476190 0.250000
vt 0.476190 0.333333
vt 0.476190 0.416667
vt 0.476190 0.500000
vt 0.476190 0.583333
vt 0.476190 0.666667
vt 0.476190 0.750000
vt 0.476190 0.833333
vt 0.500000 1.000000
vt 0.500000 0.916667
vt 0.500000 0.083333
vt 0.500000 0.000000
vt 0.500000 0.166667
vt 0.500000 0.250000
vt 0.500000 0.333333
vt 0.500000 0.416667
vt 0.500000 0.500000
vt 0.500000 0.583333
vt 0.500000 0.666667
vt 0.500000 0.750000
vt 0.500000 0.833333
vt 0.523810 1.000000
vt 0.523810 0.916667
vt 0.523810 0.083333
vt 0.523810 0.000000
vt 0.523810 0.166667
vt 0.523810 0.250000
vt 0.523810 0.333333
vt 0.523810 0.416667
vt 0.523810 0.500000
vt 0.523810 0.583333
vt 0.523810 0.666667
vt 0.523810 0.750000
vt 0.523810 0.833333
vt 0.547619 1.000000
vt 0.547619 0.916667
vt 0.547619 0.083333
vt 0.547619 0.000000
vt 0.547619 0.166667
vt 0.547619 0.250000
vt 0.547619 0.333333
vt 0.547619 0.416667
vt 0.547619 0.500000
vt 0.547619 0.583333
vt 0.547619 0.666667
vt 0.547619 0.750000
vt 0.547619 0.833333
vt 0.571429 1.000000
vt 0.571429 0.916667
vt 0.571429 0.083333
vt 0.571429 0.000000
vt 0.571429 0.166667
vt 0.571429 0.250000
vt 0.571429 0.333333
vt 0.571429 0.416667
vt 0.571429 0.500000
vt 0.571429 0.583333
vt 0.571429 0.666667
vt 0.571429 0.750000
vt 0.571429 0.833333
vt 0.595238 1.000000
vt 0.595238 0.916667
vt 0.595238 0.083333
vt 0.595238 0.000000
vt 0.595238 0.166667
vt 0.595238 0.250000
vt 0.595238 0.333333
vt 0.595238 0.416667
vt 0.595238 0.500000
vt 0.595238 0.583333
vt 0.595238 0.666667
vt 0.595238 0.750000
vt 0.595238 0.833333
vt 0.619048 1.000000
vt 0.619048 0.916667
vt 0.619048 0.083333
vt 0.619048 0.000000
vt 0.619048 0.166667
vt 0.619048 0.250000
vt 0.619048 0.333333
vt 0.619048 0.416667
vt 0.619048 0.500000
vt 0.619048 0.583333
vt 0.619048 0.666667
vt 0.619048 0.750000
vt 0.619048 0.833333
vt 0.642857 1.000000
vt 0.642857 0.916667
vt 0.642857 0.083333
vt 0.642857 0.000000
vt 0.642857 0.166667
vt 0.642857 0.250000
vt 0.642857 0.333333
vt 0.642857 0.416667
vt 0.642857 0.500000
vt 0.642857 0.583333
vt 0.642857 0.666667
vt 0.642857 0.750000
vt 0.642857 0.833333
vt 0.666667 1.000000
vt 0.666667 0.916667
vt 0.666667 0.083333
vt 0.666667 0.000000
vt 0.666667 0.166667
vt 0.666667 0.250000
vt 0.666667 0.333333
vt 0.666667 0.416667
vt 0.666667 0.500000
vt 0.666667 0.583333
vt 0.666667 0.666667
vt 0.666667 0.750000
vt 0.666667 0.833333
vt 0.690476 1.000000
vt 0.690476 0.916667
vt 0.690476 0.083333
vt 0.690476 0.000000
vt 0.690476 0.166667
vt 0.690476 0.250000
vt 0.690476 0.333333
vt 0.690476 0.416667
vt 0.690476 0.500000
vt 0.690476 0.583333
vt 0.690476 0.666667
vt 0.690476 0.750000
vt 0.690476 0.833333
vt 0.714286 1.000000
vt 0.714286 0.916667
vt 0.714286 0.083333
vt 0.714286 0.000000
vt 0.714286 0.166667
vt 0.714286 0.250000
vt 0.714286 0.333333
vt 0.714286 0.416667
vt 0.714286 0.500000
vt 0.714286 0.583333
vt 0.714286 0.666667
vt 0.714286 0.750000
vt 0.714286 0.833333
vt 0.738095 1.000000
vt 0.738095 0.916667
vt 0.738095 0.083333
vt 0.738095 0.000000
vt 0.738095 0.166667
vt 0.738095 0.250000
vt 0.738095 0.333333
vt 0.738095 0.416667
vt 0.738095 0.500000
vt 0.738095 0.583333
vt 0.738095 0.666667
vt 0.738095 0.750000
vt 0.738095 0.833333
vt 0.761905 1.000000
vt 0.761905 0.916667
vt 0.761905 0.083333
vt 0.761905 0.000000
vt 0.761905 0.166667
vt 0.761905 0.250000
vt 0.761905 0.333333
vt 0.761905 0.416667
vt 0.761905 0.500000
vt 0.761905 0.583333
vt 0.761905 0.666667
vt 0.761905 0.750000
vt 0.761905 0.833333
vt 0.785714 1.000000
vt 0.785714 0.916667
vt 0.785714 0.083333
vt 0.785714 0.000000
vt 0.785714 0.166667
vt 0.785714 0.250000
vt 0.785714 0.333333
vt 0.785714 0.416667
vt 0.785714 0.500000
vt 0.785714 0.583333
vt 0.785714 0.666667
vt 0.785714 0.750000
vt 0.785714 0.833333
vt 0.809524 1.000000
vt 0.809524 0.916667
vt 0.809524 0.083333
vt 0.809524 0.000000
vt 0.809524 0.166667
vt 0.809524 0.250000
vt 0.809524 0.333333
vt 0.809524 0.416667
vt 0.809524 0.500000
vt 0.809524 0.583333
vt 0.809524 0.666667
vt 0.809524 0.750000
vt 0.809524 0.833333
vt 0.833333 1.000000
vt 0.833333 0.916667
vt 0.833333 0.083333
vt 0.833333 0.000000
vt 0.833333 0.166667
vt 0.833333 0.250000
vt 0.833333 0.333333
vt 0.833333 0.416667
vt 0.833333 0.500000
vt 0.833333 0.583333
vt 0.833333 0.666667
vt 0.833333 0.750000
vt 0.833333 0.833333
vt 0.857143 1.000000
vt 0.857143 0.916667
vt 0.857143 0.083333
vt 0.857143 0.000000
vt 0.857143 0.166667
vt 0.857143 0.250000
vt 0.857143 0.333333
vt 0.857143 0.416667
vt 0.857143 0.500000
vt 0.857143 0.583333
vt 0.857143 0.666667
vt 0.857143 0.750000
vt 0.857143 0.833333
vt 0.880952 1.000000
vt 0.880952 0.916667
vt 0.880952 0.083333
vt 0.880952 0.000000
vt 0.880952 0.166667
vt 0.880952 0.250000
vt 0.880952 0.333333
vt 0.880952 0.416667
vt 0.880952 0.500000
vt 0.880952 0.583333
vt 0.880952 0.666667
vt 0.880952 0.750000
vt 0.880952 0.833333
vt 0.904762 1.000000
vt 0.904762 0.916667
vt 0.904762 0.083333
vt 0.904762 0.000000
vt 0.904762 0.166667
vt 0.904762 0.250000
vt 0.904762 0.333333
vt 0.904762 0.416667
vt 0.904762 0.500000
vt 0.904762 0.583333
vt 0.904762 0.666667
vt 0.904762 0.750000
vt 0.904762 0.833333
vt 0.928571 1.000000
vt 0.928571 0.916667
vt 0.928571 0.083333
vt 0.928571 0.000000
vt 0.928571 0.166667
vt 0.928571 0.250000
vt 0.928571 0.333333
vt 0.928571 0.416667
vt 0.928571 0.500000
vt 0.928571 0.583333
vt 0.928571 0.666667
vt 0.928571 0.750000
vt 0.928571 0.833333
vt 0.952381 1.000000
vt 0.952381 0.916667
vt 0.952381 0.083333
vt 0.952381 0.000000
vt 0.952381 0.166667
vt 0.952381 0.250000
vt 0.952381 0.333333
vt 0.952381 0.416667
vt 0.952381 0.500000
vt 0.952381 0.583333
vt 0.952381 0.666667
vt 0.952381 0.750000
vt 0.952381 0.833333
vt 0.976190 1.000000
vt 0.976190 0.916667
vt 0.976190 0.083333
vt 0.976190 0.000000
vt 0.976190 0.166667
vt 0.976190 0.250000
vt 0.976190 0.333333
vt 0.976190 0.416667
vt 0.976190 0.500000
vt 0.976190 0.583333
vt 0.976190 0.666667
vt 0.976190 0.750000
vt 0.976190 0.833333
vt 1.000000 1.000000
vt 1.000000 0.916667
vt 1.000000 0.083333
vt 1.000000 0.000000
vt 1.000000 0.166667
vt 1.000000 0.250000
vt 1.000000 0.333333
vt 1.000000 0.416667
vt 1.000000 0.500000
vt 1.000000 0.583333
vt 1.000000 0.666667
vt 1.000000 0.750000
vt 1.000000 0.833333
s 1
f 1803/1845/1758 1815/1846/1770 1826/1847/1781 1814/1848/1769
f 1804/1849/1759 1816/1850/1771 1815/1851/1770 1803/1852/1758
f 1805/1853/1760 1817/1854/1772 1816/1850/1771 1804/1849/1759
f 1806/1855/1761 1818/1856/1773 1817/1854/1772 1805/1853/1760
f 1807/1857/1762 1819/1858/1774 1818/1856/1773 1806/1855/1761
f 1808/1859/1763 1820/1860/1775 1819/1858/1774 1807/1857/1762
f 1809/1861/1764 1821/1862/1776 1820/1860/1775 1808/1859/1763
f 1810/1863/1765 1822/1864/1777 1821/1862/1776 1809/1861/1764
f 1811/1865/1766 1823/1866/1778 1822/1864/1777 1810/1863/1765
f 1812/1867/1767 1824/1868/1779 1823/1866/1778 1811/1865/1766
f 1813/1869/1768 1825/1870/1780 1824/1868/1779 1812/1867/1767
f 1814/1848/1769 1826/1847/1781 1825/1870/1780 1813/1869/1768
f 1815/1846/1770 1827/1871/1782 1838/1872/1793 1826/1847/1781
f 1816/1850/1771 1828/1873/1783 1827/1874/1782 1815/1851/1770
f 1817/1854/1772 1829/1875/1784 1828/1873/1783 1816/1850/1771
f 1818/1856/1773 1830/1876/1785 1829/1875/1784 1817/1854/1772
f 1819/1858/1774 1831/1877/1786 1830/1876/1785 1818/1856/1773
f 1820/1860/1775 1832/1878/1787 1831/1877/1786 1819/1858/1774
f 1821/1862/1776 1833/1879/1788 1832/1878/1787 1820/1860/1775
f 1822/1864/1777 1834/1880/1789 1833/1879/1788 1821/1862/1776
f 1823/1866/1778 1835/1881/1790 1834/1880/1789 1822/1864/1777
f 1824/1868/1779 1836/1882/1791 1835/1881/1790 1823/1866/1778
f 1825/1870/1780 1837/1883/1792 1836/1882/1791 1824/1868/1779
f 1826/1847/1781 1838/1872/1793 1837/1883/1792 1825/1870/1780
f 1827/1871/1782 1839/1884/1794 1850/1885/1805 1838/1872/1793
f 1828/1873/1783 1840/1886/1795 1839/1887/1794 1827/1874/1782
f 1829/1875/1784 1841/1888/1796 1840/1886/1795 1828/1873/1783
f 1830/1876/1785 1842/1889/1797 1841/1888/1796 1829/1875/1784
f 1831/1877/1786 1843/1890/1798 1842/1889/1797 1830/1876/1785
f 1832/1878/1787 1844/1891/1799 1843/1890/1798 1831/1877/1786
f 1833/1879/1788 1845/1892/1800 1844/1891/1799 1832/1878/1787
f 1834/1880/1789 1846/1893/1801 1845/1892/1800 1833/1879/1788
f 1835/1881/1790 1847/1894/1802 1846/1893/1801 1834/1880/1789
f 1836/1882/1791 1848/1895/1803 1847/1894/1802 1835/1881/1790
f 1837/1883/1792 1849/1896/1804 1848/1895/1803 1836/1882/1791
f 1838/1872/1793 1850/1885/1805 1849/1896/1804 1837/1883/1792
f 1839/1884/1794 1851/1897/1806 1862/1898/1817 1850/1885/1805
f 1840/1886/1795 1852/1899/1807 1851/1900/1806 1839/1887/1794
f 1841/1888/1796 1853/1901/1808 1852/1899/1807 1840/1886/1795
f 1842/1889/1797 1854/1902/1809 1853/1901/1808 1841/1888/1796
f 1843/1890/1798 1855/1903/1810 1854/1902/1809 1842/1889/1797
f 1844/1891/1799 1856/1904/1811 1855/1903/1810 1843/1890/1798
f 1845/1892/1800 1857/1905/1812 1856/1904/1811 1844/1891/1799
f 1846/1893/1801 1858/1906/1813 1857/1905/1812 1845/1892/1800
f 1847/1894/1802 1859/1907/1814 1858/1906/1813 1846/1893/1801
f 1848/1895/1803 1860/1908/1815 1859/1907/1814 1847/1894/1802
f 1849/1896/1804 1861/1909/1816 1860/1908/1815 1848/1895/1803
f 1850/1885/1805 1862/1898/1817 1861/1909/1816 1849/1896/1804
f 1851/1897/1806 1863/1910/1818 1874/1911/1829 1862/1898/1817
f 1852/1899/1807 1864/1912/1819 1863/1913/1818 1851/1900/1806
f 1853/1901/1808 1865/1914/1820 1864/1912/1819 1852/1899/1807
f 1854/1902/1809 1866/1915/1821 1865/1914/1820 1853/1901/1808
f 1855/1903/1810 1867/1916/1822 1866/1915/1821 1854/1902/1809
f 1856/1904/1811 1868/1917/1823 1867/1916/1822 1855/1903/1810
f 1857/1905/1812 1869/1918/1824 1868/1917/1823 1856/1904/1811
f 1858/1906/1813 1870/1919/1825 1869/1918/1824 1857/1905/1812
f 1859/1907/1814 1871/1920/1826 1870/1919/1825 1858/1906/1813
f 1860/1908/1815 1872/1921/1827 1871/1920/1826 1859/1907/1814
f 1861/1909/1816 1873/1922/1828 1872/1921/1827 1860/1908/1815
f 1862/1898/1817 1874/1911/1829 1873/1922/1828 1861/1909/1816
f 1863/1910/1818 1875/1923/1830 1886/1924/1841 1874/1911/1829
f 1864/1912/1819 1876/1925/1831 1875/1926/1830 1863/1913/1818
f 1865/1914/1820 1877/1927/1832 1876/1925/1831 1864/1912/1819
f 1866/1915/1821 1878/1928/1833 1877/1927/1832 1865/1914/1820
f 1867/1916/1822 1879/1929/1834 1878/1928/1833 1866/1915/1821
f 1868/1917/1823 1880/1930/1835 1879/1929/1834 1867/1916/1822
f 1869/1918/1824 1881/1931/1836 1880/1930/1835 1868/1917/1823
f 1870/1919/1825 1882/1932/1837 1881/1931/1836 1869/1918/1824
f 1871/1920/1826 1883/1933/1838 1882/1932/1837 1870/1919/1825
f 1872/1921/1827 1884/1934/1839 1883/1933/1838 1871/1920/1826
f 1873/1922/1828 1885/1935/1840 1884/1934/1839 1872/1921/1827
f 1874/1911/1829 1886/1924/1841 1885/1935/1840 1873/1922/1828
f 1875/1923/1830 1887/1936/1842 1898/1937/1853 1886/1924/1841
f 1876/1925/1831 1888/1938/1843 1887/1939/1842 1875/1926/1830
f 1877/1927/1832 1889/1940/1844 1888/1938/1843 1876/1925/1831
f 1878/1928/1833 1890/1941/1845 1889/1940/1844 1877/1927/1832
f 1879/1929/1834 1891/1942/1846 1890/1941/1845 1878/1928/1833
f 1880/1930/1835 1892/1943/1847 1891/1942/1846 1879/1929/1834
f 1881/1931/1836 1893/1944/1848 1892/1943/1847 1880/1930/1835
f 1882/1932/1837 1894/1945/1849 1893/1944/1848 1881/1931/1836
f 1883/1933/1838 1895/1946/1850 1894/1945/1849 1882/1932/1837
f 1884/1934/1839 1896/1947/1851 1895/1946/1850 1883/1933/1838
f 1885/1935/1840 1897/1948/1852 1896/1947/1851 1884/1934/1839
f 1886/1924/1841 1898/1937/1853 1897/1948/1852 1885/1935/1840
f 1887/1936/1842 1899/1949/1854 1910/1950/1865 1898/1937/1853
f 1888/1938/1843 1900/1951/1855 1899/1952/1854 1887/1939/1842
f 1889/1940/1844 1901/1953/1856 1900/1951/1855 1888/1938/1843
f 1890/1941/1845 1902/1954/1857 1901/1953/1856 1889/1940/1844
f 1891/1942/1846 1903/1955/1858 1902/1954/1857 1890/1941/1845
f 1892/1943/1847 1904/1956/1859 1903/1955/1858 1891/1942/1846
f 1893/1944/1848 1905/1957/1860 1904/1956/1859 1892/1943/1847
f 1894/1945/1849 1906/1958/1861 1905/1957/1860 1893/1944/1848
f 1895/1946/1850 1907/1959/1862 1906/1958/1861 1894/1945/1849
f 1896/1947/1851 1908/1960/1863 1907/1959/1862 1895/1946/1850
f 1897/1948/1852 1909/1961/1864 1908/1960/1863 1896/1947/1851
f 1898/1937/1853 1910/1950/1865 1909/1961/1864 1897/1948/1852
f 1899/1949/1854 1911/1962/1866 1922/1963/1877 1910/1950/1865
f 1900/1951/1855 1912/1964/1867 1911/1965/1866 1899/1952/1854
f 1901/1953/1856 1913/1966/1868 1912/1964/1867 1900/1951/1855
f 1902/1954/1857 1914/1967/1869 1913/1966/1868 1901/1953/1856
f 1903/1955/1858 1915/1968/1870 1914/1967/1869 1902/1954/1857
f 1904/1956/1859 1916/1969/1871 1915/1968/1870 1903/1955/1858
f 1905/1957/1860 1917/1970/1872 1916/1969/1871 1904/1956/1859
f 1906/1958/1861 1918/1971/1873 1917/1970/1872 1905/1957/1860
f 1907/1959/1862 1919/1972/1874 1918/1971/1873 1906/1958/1861
f 1908/1960/1863 1920/1973/1875 1919/1972/1874 1907/1959/1862
f 1909/1961/1864 1921/1974/1876 1920/1973/1875 1908/1960/1863
f 1910/1950/1865 1922/1963/1877 1921/1974/1876 1909/1961/1864
f 1911/1962/1866 1923/1975/1878 1934/1976/1889 1922/1963/1877
f 1912/1964/1867 1924/1977/1879 1923/1978/1878 1911/1965/1866
f 1913/1966/1868 1925/1979/1880 1924/1977/1879 1912/1964/1867
f 1914/1967/1869 1926/1980/1881 1925/1979/1880 1913/1966/1868
f 1915/1968/1870 1927/1981/1882 1926/1980/1881 1914/1967/1869
f 1916/1969/1871 1928/1982/1883 1927/1981/1882 1915/1968/1870
f 1917/1970/1872 1929/1983/1884 1928/1982/1883 1916/1969/1871
f 1918/1971/1873 1930/1984/1885 1929/1983/1884 1917/1970/1872
f 1919/1972/1874 1931/1985/1886 1930/1984/1885 1918/1971/1873
f 1920/1973/1875 1932/1986/1887 1931/1985/1886 1919/1972/1874
f 1921/1974/1876 1933/1987/1888 1932/1986/1887 1920/1973/1875
f 1922/1963/1877 1934/1976/1889 1933/1987/1888 1921/1974/1876
f 1923/1975/1878 1935/1988/1890 1946/1989/1901 1934/1976/1889
f 1924/1977/1879 1936/1990/1891 1935/1991/1890 1923/1978/1878
f 1925/1979/1880 1937/1992/1892 1936/1990/1891 1924/1977/1879
f 1926/1980/1881 1938/1993/1893 1937/1992/1892 1925/1979/1880
f 1927/1981/1882 1939/1994/1894 1938/1993/1893 1926/1980/1881
f 1928/1982/1883 1940/1995/1895 1939/1994/1894 1927/1981/1882
f 1929/1983/1884 1941/1996/1896 1940/1995/1895 1928/1982/1883
f 1930/1984/1885 1942/1997/1897 1941/1996/1896 1929/1983/1884
f 1931/1985/1886 1943/1998/1898 1942/1997/1897 1930/1984/1885
f 1932/1986/1887 1944/1999/1899 1943/1998/1898 1931/1985/1886
f 1933/1987/1888 1945/2000/1900 1944/1999/1899 1932/1986/1887
f 1934/1976/1889 1946/1989/1901 1945/2000/1900 1933/1987/1888
f 1935/1988/1890 1947/2001/1902 1958/2002/1913 1946/1989/1901
f 1936/1990/1891 1948/2003/1903 1947/2004/1902 1935/1991/1890
f 1937/1992/1892 1949/2005/1904 1948/2003/1903 1936/1990/1891
f 1938/1993/1893 1950/2006/1905 1949/2005/1904 1937/1992/1892
f 1939/1994/1894 1951/2007/1906 1950/2006/1905 1938/1993/1893
f 1940/1995/1895 1952/2008/1907 1951/2007/1906 1939/1994/1894
f 1941/1996/1896 1953/2009/1908 1952/2008/1907 1940/1995/1895
f 1942/1997/1897 1954/2010/1909 1953/2009/1908 1941/1996/1896
f 1943/1998/1898 1955/2011/1910 1954/2010/1909 1942/1997/1897
f 1944/1999/1899 1956/2012/1911 1955/2011/1910 1943/1998/1898
f 1945/2000/1900 1957/2013/1912 1956/2012/1911 1944/1999/1899
f 1946/1989/1901 1958/2002/1913 1957/2013/1912 1945/2000/1900
f 1947/2001/1902 1959/2014/1914 1970/2015/1925 1958/2002/1913
f 1948/2003/1903 1960/2016/1915 1959/2017/1914 1947/2004/1902
f 1949/2005/1904 1961/2018/1916 1960/2016/1915 1948/2003/1903
f 1950/2006/1905 1962/2019/1917 1961/2018/1916 1949/2005/1904
f 1951/2007/1906 1963/2020/1918 1962/2019/1917 1950/2006/1905
f 1952/2008/1907 1964/2021/1919 1963/2020/1918 1951/2007/1906
f 1953/2009/1908 1965/2022/1920 1964/2021/1919 1952/2008/1907
f 1954/2010/1909 1966/2023/1921 1965/2022/1920 1953/2009/1908
f 1955/2011/1910 1967/2024/1922 1966/2023/1921 1954/2010/1909
f 1956/2012/1911 1968/2025/1923 1967/2024/1922 1955/2011/1910
f 1957/2013/1912 1969/2026/1924 1968/2025/1923 1956/2012/1911
f 1958/2002/1913 1970/2015/1925 1969/2026/1924 1957/2013/1912
f 1959/2014/1914 1971/2027/1926 1982/2028/1937 1970/2015/1925
f 1960/2016/1915 1972/2029/1927 1971/2030/1926 1959/2017/1914
f 1961/2018/1916 1973/2031/1928 1972/2029/1927 1960/2016/1915
f 1962/2019/1917 1974/2032/1929 1973/2031/1928 1961/2018/1916
f 1963/2020/1918 1975/2033/1930 1974/2032/1929 1962/2019/1917
f 1964/2021/1919 1976/2034/1931 1975/2033/1930 1963/2020/1918
f 1965/2022/1920 1977/2035/1932 1976/2034/1931 1964/2021/1919
f 1966/2023/1921 1978/2036/1933 1977/2035/1932 1965/2022/1920
f 1967/2024/1922 1979/2037/1934 1978/2036/1933 1966/2023/1921
f 1968/2025/1923 1980/2038/1935 1979/2037/1934 1967/2024/1922
f 1969/2026/1924 1981/2039/1936 1980/2038/1935 1968/2025/1923
f 1970/2015/1925 1982/2028/1937 1981/2039/1936 1969/2026/1924
f 1971/2027/1926 1983/2040/1938 1994/2041/1949 1982/2028/1937
f 1972/2029/1927 1984/2042/1939 1983/2043/1938 1971/2030/1926
f 1973/2031/1928 1985/2044/1940 1984/2042/1939 1972/2029/1927
f 1974/2032/1929 1986/2045/1941 1985/2044/1940 1973/2031/1928
f 1975/2033/1930 1987/2046/1942 1986/2045/1941 1974/2032/1929
f 1976/2034/1931 1988/2047/1943 1987/2046/1942 1975/2033/1930
f 1977/2035/1932 1989/2048/1944 1988/2047/1943 1976/2034/1931
f 1978/2036/1933 1990/2049/1945 1989/2048/1944 1977/2035/1932
f 1979/2037/1934 1991/2050/1946 1990/2049/1945 1978/2036/1933
f 1980/2038/1935 1992/2051/1947 1991/2050/1946 1979/2037/1934
f 1981/2039/1936 1993/2052/1948 1992/2051/1947 1980/2038/1935
f 1982/2028/1937 1994/2041/1949 1993/2052/1948 1981/2039/1936
f 1983/2040/1938 1995/2053/1950 2006/2054/1961 1994/2041/1949
f 1984/2042/1939 1996/2055/1951 1995/2056/1950 1983/2043/1938
f 1985/2044/1940 1997/2057/1952 1996/2055/1951 1984/2042/1939
f 1986/2045/1941 1998/2058/1953 1997/2057/1952 1985/2044/1940
f 1987/2046/1942 1999/2059/1954 1998/2058/1953 1986/2045/1941
f 1988/2047/1943 2000/2060/1955 1999/2059/1954 1987/2046/1942
f 1989/2048/1944 2001/2061/1956 2000/2060/1955 1988/2047/1943
f 1990/2049/1945 2002/2062/1957 2001/2061/1956 1989/2048/1944
f 1991/2050/1946 2003/2063/1958 2002/2062/1957 1990/2049/1945
f 1992/2051/1947 2004/2064/1959 2003/2063/1958 1991/2050/1946
f 1993/2052/1948 2005/2065/1960 2004/2064/1959 1992/2051/1947
f 1994/2041/1949 2006/2054/1961 2005/2065/1960 1993/2052/1948
f 1995/2053/1950 2007/2066/1962 2018/2067/1973 2006/2054/1961
f 1996/2055/1951 2008/2068/1963 2007/2069/1962 1995/2056/1950
f 1997/2057/1952 2009/2070/1964 2008/2068/1963 1996/2055/1951
f 1998/2058/1953 2010/2071/1965 2009/2070/1964 1997/2057/1952
f 1999/2059/1954 2011/2072/1966 2010/2071/1965 1998/2058/1953
f 2000/2060/1955 2012/2073/1967 2011/2072/1966 1999/2059/1954
f 2001/2061/1956 2013/2074/1968 2012/2073/1967 2000/2060/1955
f 2002/2062/1957 2014/2075/1969 2013/2074/1968 2001/2061/1956
f 2003/2063/1958 2015/2076/1970 2014/2075/1969 2002/2062/1957
f 2004/2064/1959 2016/2077/1971 2015/2076/1970 2003/2063/1958
f 2005/2065/1960 2017/2078/1972 2016/2077/1971 2004/2064/1959
f 2006/2054/1961 2018/2067/1973 2017/2078/1972 2005/2065/1960
f 2007/2066/1962 2019/2079/1974 2030/2080/1985 2018/2067/1973
f 2008/2068/1963 2020/2081/1975 2019/2082/1974 2007/2069/1962
f 2009/2070/1964 2021/2083/1976 2020/2081/1975 2008/2068/1963
f 2010/2071/1965 2022/2084/1977 2021/2083/1976 2009/2070/1964
f 2011/2072/1966 2023/2085/1978 2022/2084/1977 2010/2071/1965
f 2012/2073/1967 2024/2086/1979 2023/2085/1978 2011/2072/1966
f 2013/2074/1968 2025/2087/1980 2024/2086/1979 2012/2073/1967
f 2014/2075/1969 2026/2088/1981 2025/2087/1980 2013/2074/1968
f 2015/2076/1970 2027/2089/1982 2026/2088/1981 2014/2075/1969
f 2016/2077/1971 2028/2090/1983 2027/2089/1982 2015/2076/1970
f 2017/2078/1972 2029/2091/1984 2028/2090/1983 2016/2077/1971
f 2018/2067/1973 2030/2080/1985 2029/2091/1984 2017/2078/1972
f 2019/2079/1974 2031/2092/1986 2042/2093/1997 2030/2080/1985
f 2020/2081/1975 2032/2094/1987 2031/2095/1986 2019/2082/1974
f 2021/2083/1976 2033/2096/1988 2032/2094/1987 2020/2081/1975
f 2022/2084/1977 2034/2097/1989 2033/2096/1988 2021/2083/1976
f 2023/2085/1978 2035/2098/1990 2034/2097/1989 2022/2084/1977
f 2024/2086/1979 2036/2099/1991 2035/2098/1990 2023/2085/1978
f 2025/2087/1980 2037/2100/1992 2036/2099/1991 2024/2086/1979
f 2026/2088/1981 2038/2101/1993 2037/2100/1992 2025/2087/1980
f 2027/2089/1982 2039/2102/1994 2038/2101/1993 2026/2088/1981
f 2028/2090/1983 2040/2103/1995 2039/2102/1994 2027/2089/1982
f 2029/2091/1984 2041/2104/1996 2040/2103/1995 2028/2090/1983
f 2030/2080/1985 2042/2093/1997 2041/2104/1996 2029/2091/1984
f 2031/2092/1986 2043/2105/1998 2054/2106/2009 2042/2093/1997
f 2032/2094/1987 2044/2107/1999 2043/2108/1998 2031/2095/1986
f 2033/2096/1988 2045/2109/2000 2044/2107/1999 2032/2094/1987
f 2034/2097/1989 2046/2110/2001 2045/2109/2000 2033/2096/1988
f 2035/2098/1990 2047/2111/2002 2046/2110/2001 2034/2097/1989
f 2036/2099/1991 2048/2112/2003 2047/2111/2002 2035/2098/1990
f 2037/2100/1992 2049/2113/2004 2048/2112/2003 2036/2099/1991
f 2038/2101/1993 2050/2114/2005 2049/2113/2004 2037/2100/1992
f 2039/2102/1994 2051/2115/2006 2050/2114/2005 2038/2101/1993
f 2040/2103/1995 2052/2116/2007 2051/2115/2006 2039/2102/1994
f 2041/2104/1996 2053/2117/2008 2052/2116/2007 2040/2103/1995
f 2042/2093/1997 2054/2106/2009 2053/2117/2008 2041/2104/1996
f 2043/2105/1998 2055/2118/2010 2066/2119/2021 2054/2106/2009
f 2044/2107/1999 2056/2120/2011 2055/2121/2010 2043/2108/1998
f 2045/2109/2000 2057/2122/2012 2056/2120/2011 2044/2107/1999
f 2046/2110/2001 2058/2123/2013 2057/2122/2012 2045/2109/2000
f 2047/2111/2002 2059/2124/2014 2058/2123/2013 2046/2110/2001
f 2048/2112/2003 2060/2125/2015 2059/2124/2014 2047/2111/2002
f 2049/2113/2004 2061/2126/2016 2060/2125/2015 2048/2112/2003
f 2050/2114/2005 2062/2127/2017 2061/2126/2016 2049/2113/2004
f 2051/2115/2006 2063/2128/2018 2062/2127/2017 2050/2114/2005
f 2052/2116/2007 2064/2129/2019 2063/2128/2018 2051/2115/2006
f 2053/2117/2008 2065/2130/2020 2064/2129/2019 2052/2116/2007
f 2054/2106/2009 2066/2119/2021 2065/2130/2020 2053/2117/2008
f 2055/2118/2010 2067/2131/2022 2078/2132/2033 2066/2119/2021
f 2056/2120/2011 2068/2133/2023 2067/2134/2022 2055/2121/2010
f 2057/2122/2012 2069/2135/2024 2068/2133/2023 2056/2120/2011
f 2058/2123/2013 2070/2136/2025 2069/2135/2024 2057/2122/2012
f 2059/2124/2014 2071/2137/2026 2070/2136/2025 2058/2123/2013
f 2060/2125/2015 2072/2138/2027 2071/2137/2026 2059/2124/2014
f 2061/2126/2016 2073/2139/2028 2072/2138/2027 2060/2125/2015
f 2062/2127/2017 2074/2140/2029 2073/2139/2028 2061/2126/2016
f 2063/2128/2018 2075/2141/2030 2074/2140/2029 2062/2127/2017
f 2064/2129/2019 2076/2142/2031 2075/2141/2030 2063/2128/2018
f 2065/2130/2020 2077/2143/2032 2076/2142/2031 2064/2129/2019
f 2066/2119/2021 2078/2132/2033 2077/2143/2032 2065/2130/2020
f 2067/2131/2022 2079/2144/2034 2090/2145/2045 2078/2132/2033
f 2068/2133/2023 2080/2146/2035 2079/2147/2034 2067/2134/2022
f 2069/2135/2024 2081/2148/2036 2080/2146/2035 2068/2133/2023
f 2070/2136/2025 2082/2149/2037 2081/2148/2036 2069/2135/2024
f 2071/2137/2026 2083/2150/2038 2082/2149/2037 2070/2136/2025
f 2072/2138/2027 2084/2151/2039 2083/2150/2038 2071/2137/2026
f 2073/2139/2028 2085/2152/2040 2084/2151/2039 2072/2138/2027
f 2074/2140/2029 2086/2153/2041 2085/2152/2040 2073/2139/2028
f 2075/2141/2030 2087/2154/2042 2086/2153/2041 2074/2140/2029
f 2076/2142/2031 2088/2155/2043 2087/2154/2042 2075/2141/2030
f 2077/2143/2032 2089/2156/2044 2088/2155/2043 2076/2142/2031
f 2078/2132/2033 2090/2145/2045 2089/2156/2044 2077/2143/2032
f 2079/2144/2034 2091/2157/2046 2102/2158/2057 2090/2145/2045
f 2080/2146/2035 2092/2159/2047 2091/2160/2046 2079/2147/2034
f 2081/2148/2036 2093/2161/2048 2092/2159/2047 2080/2146/2035
f 2082/2149/2037 2094/2162/2049 2093/2161/2048 2081/2148/2036
f 2083/2150/2038 2095/2163/2050 2094/2162/2049 2082/2149/2037
f 2084/2151/2039 2096/2164/2051 2095/2163/2050 2083/2150/2038
f 2085/2152/2040 2097/2165/2052 2096/2164/2051 2084/2151/2039
f 2086/2153/2041 2098/2166/2053 2097/2165/2052 2085/2152/2040
f 2087/2154/2042 2099/2167/2054 2098/2166/2053 2086/2153/2041
f 2088/2155/2043 2100/2168/2055 2099/2167/2054 2087/2154/2042
f 2089/2156/2044 2101/2169/2056 2100/2168/2055 2088/2155/2043
f 2090/2145/2045 2102/2158/2057 2101/2169/2056 2089/2156/2044
f 2091/2157/2046 2103/2170/2058 2114/2171/2069 2102/2158/2057
f 2092/2159/2047 2104/2172/2059 2103/2173/2058 2091/2160/2046
f 2093/2161/2048 2105/2174/2060 2104/2172/2059 2092/2159/2047
f 2094/2162/2049 2106/2175/2061 2105/2174/2060 2093/2161/2048
f 2095/2163/2050 2107/2176/2062 2106/2175/2061 2094/2162/2049
f 2096/2164/2051 2108/2177/2063 2107/2176/2062 2095/2163/2050
f 2097/2165/2052 2109/2178/2064 2108/2177/2063 2096/2164/2051
f 2098/2166/2053 2110/2179/2065 2109/2178/2064 2097/2165/2052
f 2099/2167/2054 2111/2180/2066 2110/2179/2065 2098/2166/2053
f 2100/2168/2055 2112/2181/2067 2111/2180/2066 2099/2167/2054
f 2101/2169/2056 2113/2182/2068 2112/2181/2067 2100/2168/2055
f 2102/2158/2057 2114/2171/2069 2113/2182/2068 2101/2169/2056
f 2103/2170/2058 2115/2183/2070 2126/2184/2081 2114/2171/2069
f 2104/2172/2059 2116/2185/2071 2115/2186/2070 2103/2173/2058
f 2105/2174/2060 2117/2187/2072 2116/2185/2071 2104/2172/2059
f 2106/2175/2061 2118/2188/2073 2117/2187/2072 2105/2174/2060
f 2107/2176/2062 2119/2189/2074 2118/2188/2073 2106/2175/2061
f 2108/2177/2063 2120/2190/2075 2119/2189/2074 2107/2176/2062
f 2109/2178/2064 2121/2191/2076 2120/2190/2075 2108/2177/2063
f 2110/2179/2065 2122/2192/2077 2121/2191/2076 2109/2178/2064
f 2111/2180/2066 2123/2193/2078 2122/2192/2077 2110/2179/2065
f 2112/2181/2067 2124/2194/2079 2123/2193/2078 2111/2180/2066
f 2113/2182/2068 2125/2195/2080 2124/2194/2079 2112/2181/2067
f 2114/2171/2069 2126/2184/2081 2125/2195/2080 2113/2182/2068
f 2115/2183/2070 2127/2196/2082 2138/2197/2093 2126/2184/2081
f 2116/2185/2071 2128/2198/2083 2127/2199/2082 2115/2186/2070
f 2117/2187/2072 2129/2200/2084 2128/2198/2083 2116/2185/2071
f 2118/2188/2073 2130/2201/2085 2129/2200/2084 2117/2187/2072
f 2119/2189/2074 2131/2202/2086 2130/2201/2085 2118/2188/2073
f 2120/2190/2075 2132/2203/2087 2131/2202/2086 2119/2189/2074
f 2121/2191/2076 2133/2204/2088 2132/2203/2087 2120/2190/2075
f 2122/2192/2077 2134/2205/2089 2133/2204/2088 2121/2191/2076
f 2123/2193/2078 2135/2206/2090 2134/2205/2089 2122/2192/2077
f 2124/2194/2079 2136/2207/2091 2135/2206/2090 2123/2193/2078
f 2125/2195/2080 2137/2208/2092 2136/2207/2091 2124/2194/2079
f 2126/2184/2081 2138/2197/2093 2137/2208/2092 2125/2195/2080
f 2127/2196/2082 2139/2209/2094 2150/2210/2105 2138/2197/2093
f 2128/2198/2083 2140/2211/2095 2139/2212/2094 2127/2199/2082
f 2129/2200/2084 2141/2213/2096 2140/2211/2095 2128/2198/2083
f 2130/2201/2085 2142/2214/2097 2141/2213/2096 2129/2200/2084
f 2131/2202/2086 2143/2215/2098 2142/2214/2097 2130/2201/2085
f 2132/2203/2087 2144/2216/2099 2143/2215/2098 2131/2202/2086
f 2133/2204/2088 2145/2217/2100 2144/2216/2099 2132/2203/2087
f 2134/2205/2089 2146/2218/2101 2145/2217/2100 2133/2204/2088
f 2135/2206/2090 2147/2219/2102 2146/2218/2101 2134/2205/2089
f 2136/2207/2091 2148/2220/2103 2147/2219/2102 2135/2206/2090
f 2137/2208/2092 2149/2221/2104 2148/2220/2103 2136/2207/2091
f 2138/2197/2093 2150/2210/2105 2149/2221/2104 2137/2208/2092
f 2139/2209/2094 2151/2222/2106 2162/2223/2117 2150/2210/2105
f 2140/2211/2095 2152/2224/2107 2151/2225/2106 2139/2212/2094
f 2141/2213/2096 2153/2226/2108 2152/2224/2107 2140/2211/2095
f 2142/2214/2097 2154/2227/2109 2153/2226/2108 2141/2213/2096
f 2143/2215/2098 2155/2228/2110 2154/2227/2109 2142/2214/2097
f 2144/2216/2099 2156/2229/2111 2155/2228/2110 2143/2215/2098
f 2145/2217/2100 2157/2230/2112 2156/2229/2111 2144/2216/2099
f 2146/2218/2101 2158/2231/2113 2157/2230/2112 2145/2217/2100
f 2147/2219/2102 2159/2232/2114 2158/2231/2113 2146/2218/2101
f 2148/2220/2103 2160/2233/2115 2159/2232/2114 2147/2219/2102
f 2149/2221/2104 2161/2234/2116 2160/2233/2115 2148/2220/2103
f 2150/2210/2105 2162/2223/2117 2161/2234/2116 2149/2221/2104
f 2151/2222/2106 2163/2235/2118 2174/2236/2129 2162/2223/2117
f 2152/2224/2107 2164/2237/2119 2163/2238/2118 2151/2225/2106
f 2153/2226/2108 2165/2239/2120 2164/2237/2119 2152/2224/2107
f 2154/2227/2109 2166/2240/2121 2165/2239/2120 2153/2226/2108
f 2155/2228/2110 2167/2241/2122 2166/2240/2121 2154/2227/2109
f 2156/2229/2111 2168/2242/2123 2167/2241/2122 2155/2228/2110
f 2157/2230/2112 2169/2243/2124 2168/2242/2123 2156/2229/2111
f 2158/2231/2113 2170/2244/2125 2169/2243/2124 2157/2230/2112
f 2159/2232/2114 2171/2245/2126 2170/2244/2125 2158/2231/2113
f 2160/2233/2115 2172/2246/2127 2171/2245/2126 2159/2232/2114
f 2161/2234/2116 2173/2247/2128 2172/2246/2127 2160/2233/2115
f 2162/2223/2117 2174/2236/2129 2173/2247/2128 2161/2234/2116
f 2163/2235/2118 2175/2248/2130 2186/2249/2141 2174/2236/2129
f 2164/2237/2119 2176/2250/2131 2175/2251/2130 2163/2238/2118
f 2165/2239/2120 2177/2252/2132 2176/2250/2131 2164/2237/2119
f 2166/2240/2121 2178/2253/2133 2177/2252/2132 2165/2239/2120
f 2167/2241/2122 2179/2254/2134 2178/2253/2133 2166/2240/2121
f 2168/2242/2123 2180/2255/2135 2179/2254/2134 2167/2241/2122
f 2169/2243/2124 2181/2256/2136 2180/2255/2135 2168/2242/2123
f 2170/2244/2125 2182/2257/2137 2181/2256/2136 2169/2243/2124
f 2171/2245/2126 2183/2258/2138 2182/2257/2137 2170/2244/2125
f 2172/2246/2127 2184/2259/2139 2183/2258/2138 2171/2245/2126
f 2173/2247/2128 2185/2260/2140 2184/2259/2139 2172/2246/2127
f 2174/2236/2129 2186/2249/2141 2185/2260/2140 2173/2247/2128
f 2175/2248/2130 2187/2261/2142 2198/2262/2153 2186/2249/2141
f 2176/2250/2131 2188/2263/2143 2187/2264/2142 2175/2251/2130
f 2177/2252/2132 2189/2265/2144 2188/2263/2143 2176/2250/2131
f 2178/2253/2133 2190/2266/2145 2189/2265/2144 2177/2252/2132
f 2179/2254/2134 2191/2267/2146 2190/2266/2145 2178/2253/2133
f 2180/2255/2135 2192/2268/2147 2191/2267/2146 2179/2254/2134
f 2181/2256/2136 2193/2269/2148 2192/2268/2147 2180/2255/2135
f 2182/2257/2137 2194/2270/2149 2193/2269/2148 2181/2256/2136
f 2183/2258/2138 2195/2271/2150 2194/2270/2149 2182/2257/2137
f 2184/2259/2139 2196/2272/2151 2195/2271/2150 2183/2258/2138
f 2185/2260/2140 2197/2273/2152 2196/2272/2151 2184/2259/2139
f 2186/2249/2141 2198/2262/2153 2197/2273/2152 2185/2260/2140
f 2187/2261/2142 2199/2274/2154 2210/2275/2165 2198/2262/2153
f 2188/2263/2143 2200/2276/2155 2199/2277/2154 2187/2264/2142
f 2189/2265/2144 2201/2278/2156 2200/2276/2155 2188/2263/2143
f 2190/2266/2145 2202/2279/2157 2201/2278/2156 2189/2265/2144
f 2191/2267/2146 2203/2280/2158 2202/2279/2157 2190/2266/2145
f 2192/2268/2147 2204/2281/2159 2203/2280/2158 2191/2267/2146
f 2193/2269/2148 2205/2282/2160 2204/2281/2159 2192/2268/2147
f 2194/2270/2149 2206/2283/2161 2205/2282/2160 2193/2269/2148
f 2195/2271/2150 2207/2284/2162 2206/2283/2161 2194/2270/2149
f 2196/2272/2151 2208/2285/2163 2207/2284/2162 2195/2271/2150
f 2197/2273/2152 2209/2286/2164 2208/2285/2163 2196/2272/2151
f 2198/2262/2153 2210/2275/2165 2209/2286/2164 2197/2273/2152
f 2199/2274/2154 2211/2287/2166 2222/2288/2177 2210/2275/2165
f 2200/2276/2155 2212/2289/2167 2211/2290/2166 2199/2277/2154
f 2201/2278/2156 2213/2291/2168 2212/2289/2167 2200/2276/2155
f 2202/2279/2157 2214/2292/2169 2213/2291/2168 2201/2278/2156
f 2203/2280/2158 2215/2293/2170 2214/2292/2169 2202/2279/2157
f 2204/2281/2159 2216/2294/2171 2215/2293/2170 2203/2280/2158
f 2205/2282/2160 2217/2295/2172 2216/2294/2171 2204/2281/2159
f 2206/2283/2161 2218/2296/2173 2217/2295/2172 2205/2282/2160
f 2207/2284/2162 2219/2297/2174 2218/2296/2173 2206/2283/2161
f 2208/2285/2163 2220/2298/2175 2219/2297/2174 2207/2284/2162
f 2209/2286/2164 2221/2299/2176 2220/2298/2175 2208/2285/2163
f 2210/2275/2165 2222/2288/2177 2221/2299/2176 2209/2286/2164
f 2211/2287/2166 2223/2300/2178 2234/2301/2189 2222/2288/2177
f 2212/2289/2167 2224/2302/2179 2223/2303/2178 2211/2290/2166
f 2213/2291/2168 2225/2304/2180 2224/2302/2179 2212/2289/2167
f 2214/2292/2169 2226/2305/2181 2225/2304/2180 2213/2291/2168
f 2215/2293/2170 2227/2306/2182 2226/2305/2181 2214/2292/2169
f 2216/2294/2171 2228/2307/2183 2227/2306/2182 2215/2293/2170
f 2217/2295/2172 2229/2308/2184 2228/2307/2183 2216/2294/2171
f 2218/2296/2173 2230/2309/2185 2229/2308/2184 2217/2295/2172
f 2219/2297/2174 2231/2310/2186 2230/2309/2185 2218/2296/2173
f 2220/2298/2175 2232/2311/2187 2231/2310/2186 2219/2297/2174
f 2221/2299/2176 2233/2312/2188 2232/2311/2187 2220/2298/2175
f 2222/2288/2177 2234/2301/2189 2233/2312/2188 2221/2299/2176
f 2223/2300/2178 2235/2313/2190 2246/2314/2201 2234/2301/2189
f 2224/2302/2179 2236/2315/2191 2235/2316/2190 2223/2303/2178
f 2225/2304/2180 2237/2317/2192 2236/2315/2191 2224/2302/2179
f 2226/2305/2181 2238/2318/2193 2237/2317/2192 2225/2304/2180
f 2227/2306/2182 2239/2319/2194 2238/2318/2193 2226/2305/2181
f 2228/2307/2183 2240/2320/2195 2239/2319/2194 2227/2306/2182
f 2229/2308/2184 2241/2321/2196 2240/2320/2195 2228/2307/2183
f 2230/2309/2185 2242/2322/2197 2241/2321/2196 2229/2308/2184
f 2231/2310/2186 2243/2323/2198 2242/2322/2197 2230/2309/2185
f 2232/2311/2187 2244/2324/2199 2243/2323/2198 2231/2310/2186
f 2233/2312/2188 2245/2325/2200 2244/2324/2199 2232/2311/2187
f 2234/2301/2189 2246/2314/2201 2245/2325/2200 2233/2312/2188
f 2235/2313/2190 2247/2326/2202 2258/2327/2213 2246/2314/2201
f 2236/2315/2191 2248/2328/2203 2247/2329/2202 2235/2316/2190
f 2237/2317/2192 2249/2330/2204 2248/2328/2203 2236/2315/2191
f 2238/2318/2193 2250/2331/2205 2249/2330/2204 2237/2317/2192
f 2239/2319/2194 2251/2332/2206 2250/2331/2205 2238/2318/2193
f 2240/2320/2195 2252/2333/2207 2251/2332/2206 2239/2319/2194
f 2241/2321/2196 2253/2334/2208 2252/2333/2207 2240/2320/2195
f 2242/2322/2197 2254/2335/2209 2253/2334/2208 2241/2321/2196
f 2243/2323/2198 2255/2336/2210 2254/2335/2209 2242/2322/2197
f 2244/2324/2199 2256/2337/2211 2255/2336/2210 2243/2323/2198
f 2245/2325/2200 2257/2338/2212 2256/2337/2211 2244/2324/2199
f 2246/2314/2201 2258/2327/2213 2257/2338/2212 2245/2325/2200
f 2247/2326/2202 2259/2339/2214 2270/2340/2225 2258/2327/2213
f 2248/2328/2203 2260/2341/2215 2259/2342/2214 2247/2329/2202
f 2249/2330/2204 2261/2343/2216 2260/2341/2215 2248/2328/2203
f 2250/2331/2205 2262/2344/2217 2261/2343/2216 2249/2330/2204
f 2251/2332/2206 2263/2345/2218 2262/2344/2217 2250/2331/2205
f 2252/2333/2207 2264/2346/2219 2263/2345/2218 2251/2332/2206
f 2253/2334/2208 2265/2347/2220 2264/2346/2219 2252/2333/2207
f 2254/2335/2209 2266/2348/2221 2265/2347/2220 2253/2334/2208
f 2255/2336/2210 2267/2349/2222 2266/2348/2221 2254/2335/2209
f 2256/2337/2211 2268/2350/2223 2267/2349/2222 2255/2336/2210
f 2257/2338/2212 2269/2351/2224 2268/2350/2223 2256/2337/2211
f 2258/2327/2213 2270/2340/2225 2269/2351/2224 2257/2338/2212
f 2259/2339/2214 2271/2352/2226 2282/2353/2237 2270/2340/2225
f 2260/2341/2215 2272/2354/2227 2271/2355/2226 2259/2342/2214
f 2261/2343/2216 2273/2356/2228 2272/2354/2227 2260/2341/2215
f 2262/2344/2217 2274/2357/2229 2273/2356/2228 2261/2343/2216
f 2263/2345/2218 2275/2358/2230 2274/2357/2229 2262/2344/2217
f 2264/2346/2219 2276/2359/2231 2275/2358/2230 2263/2345/2218
f 2265/2347/2220 2277/2360/2232 2276/2359/2231 2264/2346/2219
f 2266/2348/2221 2278/2361/2233 2277/2360/2232 2265/2347/2220
f 2267/2349/2222 2279/2362/2234 2278/2361/2233 2266/2348/2221
f 2268/2350/2223 2280/2363/2235 2279/2362/2234 2267/2349/2222
f 2269/2351/2224 2281/2364/2236 2280/2363/2235 2268/2350/2223
f 2270/2340/2225 2282/2353/2237 2281/2364/2236 2269/2351/2224
f 2271/2352/2226 2283/2365/2238 2294/2366/2249 2282/2353/2237
f 2272/2354/2227 2284/2367/2239 2283/2368/2238 2271/2355/2226
f 2273/2356/2228 2285/2369/2240 2284/2367/2239 2272/2354/2227
f 2274/2357/2229 2286/2370/2241 2285/2369/2240 2273/2356/2228
f 2275/2358/2230 2287/2371/2242 2286/2370/2241 2274/2357/2229
f 2276/2359/2231 2288/2372/2243 2287/2371/2242 2275/2358/2230
f 2277/2360/2232 2289/2373/2244 2288/2372/2243 2276/2359/2231
f 2278/2361/2233 2290/2374/2245 2289/2373/2244 2277/2360/2232
f 2279/2362/2234 2291/2375/2246 2290/2374/2245 2278/2361/2233
f 2280/2363/2235 2292/2376/2247 2291/2375/2246 2279/2362/2234
f 2281/2364/2236 2293/2377/2248 2292/2376/2247 2280/2363/2235
f 2282/2353/2237 2294/2366/2249 2293/2377/2248 2281/2364/2236
f 2283/2365/2238 2295/2378/2250 2306/2379/2261 2294/2366/2249
f 2284/2367/2239 2296/2380/2251 2295/2381/2250 2283/2368/2238
f 2285/2369/2240 2297/2382/2252 2296/2380/2251 2284/2367/2239
f 2286/2370/2241 2298/2383/2253 2297/2382/2252 2285/2369/2240
f 2287/2371/2242 2299/2384/2254 2298/2383/2253 2286/2370/2241
f 2288/2372/2243 2300/2385/2255 2299/2384/2254 2287/2371/2242
f 2289/2373/2244 2301/2386/2256 2300/2385/2255 2288/2372/2243
f 2290/2374/2245 2302/2387/2257 2301/2386/2256 2289/2373/2244
f 2291/2375/2246 2303/2388/2258 2302/2387/2257 2290/2374/2245
f 2292/2376/2247 2304/2389/2259 2303/2388/2258 2291/2375/2246
f 2293/2377/2248 2305/2390/2260 2304/2389/2259 2292/2376/2247
f 2294/2366/2249 2306/2379/2261 2305/2390/2260 2293/2377/2248
f 2295/2378/2250 1803/2391/1758 1814/2392/1769 2306/2379/2261
f 2296/2380/2251 1804/2393/1759 1803/2394/1758 2295/2381/2250
f 2297/2382/2252 1805/2395/1760 1804/2393/1759 2296/2380/2251
f 2298/2383/2253 1806/2396/1761 1805/2395/1760 2297/2382/2252
f 2299/2384/2254 1807/2397/1762 1806/2396/1761 2298/2383/2253
f 2300/2385/2255 1808/2398/1763 1807/2397/1762 2299/2384/2254
f 2301/2386/2256 1809/2399/1764 1808/2398/1763 2300/2385/2255
f 2302/2387/2257 1810/2400/1765 1809/2399/1764 2301/2386/2256
f 2303/2388/2258 1811/2401/1766 1810/2400/1765 2302/2387/2257
f 2304/2389/2259 1812/2402/1767 1811/2401/1766 2303/2388/2258
f 2305/2390/2260 1813/2403/1768 1812/2402/1767 2304/2389/2259
f 2306/2379/2261 1814/2392/1769 1813/2403/1768 2305/2390/2260
o NurbsPath.001
v -0.006909 0.326226 -0.158288
v -0.006667 0.326522 -0.159552
v -0.006572 0.326151 -0.160816
v -0.006649 0.325211 -0.161740
v -0.006878 0.323955 -0.162078
v -0.007197 0.322720 -0.161739
v -0.007521 0.321836 -0.160813
v -0.007763 0.321540 -0.159549
v -0.007858 0.321911 -0.158286
v -0.007781 0.322851 -0.157361
v -0.007552 0.324107 -0.157023
v -0.007233 0.325342 -0.157363
v -0.011965 0.328910 -0.160007
v -0.011286 0.328993 -0.161136
v -0.011022 0.328539 -0.162348
v -0.011245 0.327670 -0.163317
v -0.011893 0.326619 -0.163784
v -0.012795 0.325668 -0.163623
v -0.013707 0.325071 -0.162879
v -0.014386 0.324988 -0.161749
v -0.014650 0.325442 -0.160538
v -0.014427 0.326311 -0.159569
v -0.013779 0.327362 -0.159102
v -0.012877 0.328313 -0.159262
v -0.014208 0.332070 -0.161969
v -0.013322 0.331889 -0.162932
v -0.012976 0.331329 -0.164077
v -0.013262 0.330541 -0.165096
v -0.014102 0.329735 -0.165718
v -0.015273 0.329127 -0.165775
v -0.016461 0.328881 -0.165253
v -0.017346 0.329062 -0.164290
v -0.017692 0.329622 -0.163145
v -0.017407 0.330410 -0.162125
v -0.016566 0.331216 -0.161504
v -0.015395 0.331824 -0.161446
v -0.015115 0.335298 -0.164067
v -0.014167 0.334923 -0.164906
v -0.013795 0.334284 -0.166000
v -0.014098 0.333550 -0.167055
v -0.014996 0.332920 -0.167789
v -0.016249 0.332561 -0.168005
v -0.017519 0.332570 -0.167646
v -0.018467 0.332944 -0.166807
v -0.018840 0.333583 -0.165714
v -0.018536 0.334317 -0.164658
v -0.017638 0.334947 -0.163924
v -0.016386 0.335306 -0.163708
v -0.015389 0.339295 -0.166625
v -0.014432 0.338839 -0.167412
v -0.014057 0.338176 -0.168491
v -0.014365 0.337484 -0.169573
v -0.015274 0.336950 -0.170368
v -0.016539 0.336715 -0.170663
v -0.017822 0.336843 -0.170379
v -0.018780 0.337299 -0.169592
v -0.019154 0.337962 -0.168513
v -0.018846 0.338653 -0.167432
v -0.017937 0.339188 -0.166637
v -0.016672 0.339423 -0.166342
v -0.015435 0.344444 -0.169798
v -0.014477 0.343974 -0.170577
v -0.014103 0.343317 -0.171659
v -0.014412 0.342646 -0.172754
v -0.015321 0.342144 -0.173568
v -0.016588 0.341943 -0.173885
v -0.017871 0.342098 -0.173617
v -0.018829 0.342568 -0.172839
v -0.019203 0.343226 -0.171757
v -0.018894 0.343896 -0.170662
v -0.017985 0.344398 -0.169847
v -0.016718 0.344599 -0.169531
v -0.015453 0.350432 -0.173416
v -0.014496 0.349963 -0.174196
v -0.014121 0.349307 -0.175279
v -0.014431 0.348640 -0.176375
v -0.015340 0.348140 -0.177192
v -0.016606 0.347942 -0.177510
v -0.017890 0.348099 -0.177243
v -0.018847 0.348568 -0.176464
v -0.019221 0.349224 -0.175381
v -0.018912 0.349891 -0.174284
v -0.018003 0.350391 -0.173468
v -0.016737 0.350588 -0.173150
v -0.015484 0.356932 -0.177380
v -0.014527 0.356451 -0.178152
v -0.014153 0.355782 -0.179227
v -0.014462 0.355103 -0.180317
v -0.015372 0.354597 -0.181130
v -0.016638 0.354400 -0.181447
v -0.017922 0.354563 -0.181185
v -0.018879 0.355044 -0.180413
v -0.019253 0.355713 -0.179338
v -0.018944 0.356391 -0.178248
v -0.018034 0.356897 -0.177435
v -0.016768 0.357095 -0.177118
v -0.015449 0.364040 -0.181898
v -0.014492 0.363525 -0.182649
v -0.014119 0.362826 -0.183705
v -0.014428 0.362130 -0.184784
v -0.015338 0.361624 -0.185596
v -0.016604 0.361442 -0.185924
v -0.017887 0.361635 -0.185679
v -0.018844 0.362149 -0.184929
v -0.019218 0.362848 -0.183872
v -0.018908 0.363544 -0.182794
v -0.017998 0.364050 -0.181982
v -0.016732 0.364232 -0.181654
v -0.015084 0.371845 -0.187127
v -0.014132 0.371265 -0.187835
v -0.013761 0.370527 -0.188864
v -0.014071 0.369827 -0.189940
v -0.014978 0.369354 -0.190774
v -0.016240 0.369233 -0.191143
v -0.017519 0.369499 -0.190947
v -0.018471 0.370079 -0.190240
v -0.018842 0.370817 -0.189210
v -0.018532 0.371517 -0.188134
v -0.017625 0.371990 -0.187300
v -0.016362 0.372111 -0.186932
v -0.013837 0.379622 -0.192500
v -0.012909 0.378917 -0.193121
v -0.012549 0.378125 -0.194115
v -0.012852 0.377460 -0.195214
v -0.013738 0.377098 -0.196125
v -0.014968 0.377138 -0.196602
v -0.016214 0.377568 -0.196519
v -0.017141 0.378274 -0.195898
v -0.017501 0.379065 -0.194904
v -0.017198 0.379731 -0.193805
v -0.016312 0.380092 -0.192894
v -0.015082 0.380052 -0.192416
v -0.011047 0.385930 -0.196823
v -0.010230 0.385007 -0.197297
v -0.009908 0.384140 -0.198239
v -0.010168 0.383560 -0.199396
v -0.010940 0.383422 -0.200459
v -0.012017 0.383765 -0.201142
v -0.013111 0.384495 -0.201262
v -0.013928 0.385418 -0.200788
v -0.014249 0.386286 -0.199846
v -0.013989 0.386866 -0.198689
v -0.013217 0.387003 -0.197626
v -0.012140 0.386661 -0.196943
v -0.006662 0.389869 -0.199370
v -0.006121 0.388708 -0.199690
v -0.005895 0.387758 -0.200579
v -0.006044 0.387274 -0.201798
v -0.006530 0.387385 -0.203021
v -0.007221 0.388061 -0.203920
v -0.007933 0.389122 -0.204254
v -0.008474 0.390283 -0.203934
v -0.008700 0.391233 -0.203045
v -0.008551 0.391717 -0.201826
v -0.008065 0.391606 -0.200603
v -0.007374 0.390930 -0.199704
v -0.001367 0.391549 -0.200295
v -0.001202 0.390263 -0.200544
v -0.001115 0.389267 -0.201406
v -0.001130 0.388828 -0.202651
v -0.001242 0.389063 -0.203945
v -0.001422 0.389910 -0.204942
v -0.001621 0.391142 -0.205374
v -0.001786 0.392428 -0.205126
v -0.001873 0.393424 -0.204264
v -0.001859 0.393864 -0.203019
v -0.001747 0.393628 -0.201724
v -0.001567 0.392781 -0.200728
v 0.003802 0.391406 -0.200050
v 0.003592 0.390129 -0.200314
v 0.003527 0.389137 -0.201183
v 0.003625 0.388695 -0.202423
v 0.003860 0.388922 -0.203703
v 0.004168 0.389756 -0.204679
v 0.004467 0.390975 -0.205089
v 0.004677 0.392251 -0.204825
v 0.004742 0.393243 -0.203956
v 0.004644 0.393686 -0.202716
v 0.004410 0.393459 -0.201436
v 0.004102 0.392625 -0.200460
v 0.008108 0.389769 -0.198929
v 0.007560 0.388620 -0.199281
v 0.007356 0.387681 -0.200187
v 0.007548 0.387204 -0.201402
v 0.008086 0.387315 -0.202603
v 0.008826 0.387986 -0.203466
v 0.009570 0.389037 -0.203761
v 0.010117 0.390186 -0.203409
v 0.010322 0.391125 -0.202504
v 0.010129 0.391603 -0.201288
v 0.009591 0.391491 -0.200087
v 0.008851 0.390820 -0.199224
v 0.011353 0.386893 -0.197081
v 0.010577 0.385937 -0.197559
v 0.010280 0.385076 -0.198514
v 0.010542 0.384540 -0.199693
v 0.011292 0.384473 -0.200777
v 0.012329 0.384893 -0.201478
v 0.013376 0.385688 -0.201607
v 0.014152 0.386644 -0.201129
v 0.014449 0.387505 -0.200174
v 0.014187 0.388041 -0.198995
v 0.013437 0.388108 -0.197911
v 0.012400 0.387687 -0.197210
v 0.013582 0.383156 -0.194695
v 0.012701 0.382365 -0.195278
v 0.012365 0.381563 -0.196272
v 0.012665 0.380968 -0.197412
v 0.013521 0.380737 -0.198391
v 0.014702 0.380933 -0.198947
v 0.015893 0.381504 -0.198932
v 0.016774 0.382295 -0.198349
v 0.017109 0.383097 -0.197354
v 0.016809 0.383692 -0.196215
v 0.015954 0.383923 -0.195236
v 0.014772 0.383727 -0.194679
v 0.014956 0.379217 -0.192119
v 0.014041 0.378515 -0.192762
v 0.013697 0.377737 -0.193772
v 0.014016 0.377091 -0.194878
v 0.014914 0.376751 -0.195785
v 0.016149 0.376807 -0.196249
v 0.017390 0.377244 -0.196146
v 0.018306 0.377946 -0.195503
v 0.018650 0.378724 -0.194493
v 0.018330 0.379370 -0.193387
v 0.017433 0.379710 -0.192480
v 0.016198 0.379654 -0.192016
v 0.015827 0.375632 -0.189666
v 0.014910 0.374936 -0.190313
v 0.014570 0.374145 -0.191314
v 0.014897 0.373471 -0.192401
v 0.015805 0.373094 -0.193282
v 0.017050 0.373116 -0.193723
v 0.018298 0.373530 -0.193603
v 0.019215 0.374226 -0.192957
v 0.019555 0.375017 -0.191956
v 0.019227 0.375691 -0.190869
v 0.018320 0.376068 -0.189987
v 0.017075 0.376046 -0.189547
v 0.016734 0.372483 -0.187410
v 0.015842 0.371710 -0.188002
v 0.015514 0.370881 -0.188977
v 0.015838 0.370219 -0.190072
v 0.016727 0.369900 -0.190995
v 0.017942 0.370011 -0.191498
v 0.019159 0.370521 -0.191447
v 0.020051 0.371294 -0.190855
v 0.020379 0.372123 -0.189881
v 0.020055 0.372785 -0.188785
v 0.019166 0.373103 -0.187862
v 0.017950 0.372993 -0.187359
v 0.018152 0.369619 -0.185341
v 0.017305 0.368754 -0.185867
v 0.016992 0.367894 -0.186819
v 0.017298 0.367269 -0.187942
v 0.018140 0.367048 -0.188934
v 0.019293 0.367289 -0.189531
v 0.020448 0.367928 -0.189571
v 0.021295 0.368793 -0.189045
v 0.021608 0.369653 -0.188093
v 0.021302 0.370277 -0.186971
v 0.020460 0.370499 -0.185978
v 0.019307 0.370258 -0.185382
v 0.019848 0.367060 -0.183542
v 0.018999 0.366199 -0.184070
v 0.018679 0.365351 -0.185031
v 0.018975 0.364743 -0.186165
v 0.019808 0.364539 -0.187170
v 0.020953 0.364794 -0.187775
v 0.022105 0.365438 -0.187820
v 0.022954 0.366299 -0.187291
v 0.023274 0.367147 -0.186330
v 0.022978 0.367755 -0.185196
v 0.022145 0.367959 -0.184191
v 0.021000 0.367704 -0.183586
v 0.020951 0.364946 -0.182116
v 0.020022 0.364278 -0.182775
v 0.019666 0.363518 -0.183795
v 0.019979 0.362871 -0.184902
v 0.020876 0.362508 -0.185800
v 0.022118 0.362529 -0.186249
v 0.023371 0.362926 -0.186127
v 0.024300 0.363594 -0.185468
v 0.024656 0.364354 -0.184448
v 0.024343 0.365001 -0.183341
v 0.023446 0.365363 -0.182443
v 0.022204 0.365343 -0.181994
v 0.020982 0.363096 -0.180932
v 0.020044 0.362738 -0.181790
v 0.019685 0.362114 -0.182896
v 0.020000 0.361392 -0.183956
v 0.020905 0.360764 -0.184684
v 0.022158 0.360399 -0.184885
v 0.023423 0.360395 -0.184506
v 0.024360 0.360753 -0.183648
v 0.024720 0.361377 -0.182541
v 0.024405 0.362099 -0.181482
v 0.023500 0.362727 -0.180754
v 0.022247 0.363092 -0.180553
v 0.020040 0.360837 -0.179555
v 0.019153 0.360643 -0.180514
v 0.018817 0.360094 -0.181667
v 0.019121 0.359336 -0.182704
v 0.019984 0.358573 -0.183349
v 0.021175 0.358009 -0.183427
v 0.022375 0.357795 -0.182919
v 0.023262 0.357988 -0.181960
v 0.023598 0.358537 -0.180808
v 0.023294 0.359295 -0.179770
v 0.022431 0.360059 -0.179126
v 0.021240 0.360623 -0.179047
v 0.018603 0.357700 -0.177684
v 0.017708 0.357486 -0.178631
v 0.017370 0.356932 -0.179781
v 0.017679 0.356186 -0.180825
v 0.018553 0.355448 -0.181485
v 0.019757 0.354915 -0.181582
v 0.020969 0.354731 -0.181092
v 0.021864 0.354944 -0.180145
v 0.022202 0.355498 -0.178995
v 0.021893 0.356244 -0.177950
v 0.021019 0.356982 -0.177291
v 0.019815 0.357515 -0.177193
v 0.017283 0.353717 -0.175300
v 0.016358 0.353411 -0.176191
v 0.016008 0.352819 -0.177318
v 0.016326 0.352098 -0.178378
v 0.017226 0.351442 -0.179087
v 0.018468 0.351027 -0.179255
v 0.019719 0.350965 -0.178837
v 0.020644 0.351270 -0.177946
v 0.020994 0.351863 -0.176819
v 0.020677 0.352584 -0.175759
v 0.019776 0.353239 -0.175050
v 0.018534 0.353654 -0.174882
v 0.016492 0.349189 -0.172537
v 0.015550 0.348784 -0.173368
v 0.015191 0.348146 -0.174467
v 0.015513 0.347449 -0.175541
v 0.016429 0.346877 -0.176301
v 0.017694 0.346586 -0.176544
v 0.018968 0.346651 -0.176205
v 0.019911 0.347057 -0.175374
v 0.020269 0.347695 -0.174275
v 0.019947 0.348392 -0.173201
v 0.019031 0.348964 -0.172441
v 0.017767 0.349255 -0.172198
v 0.016245 0.344328 -0.169513
v 0.015299 0.343868 -0.170311
v 0.014938 0.343207 -0.171396
v 0.015261 0.342521 -0.172477
v 0.016181 0.341994 -0.173264
v 0.017450 0.341768 -0.173548
v 0.018730 0.341902 -0.173251
v 0.019677 0.342362 -0.172453
v 0.020037 0.343023 -0.171369
v 0.019714 0.343709 -0.170288
v 0.018794 0.344236 -0.169500
v 0.017525 0.344462 -0.169217
v 0.016098 0.339089 -0.166247
v 0.015154 0.338664 -0.167066
v 0.014795 0.338018 -0.168160
v 0.015117 0.337323 -0.169235
v 0.016035 0.336765 -0.170004
v 0.017302 0.336495 -0.170260
v 0.018578 0.336584 -0.169935
v 0.019523 0.337009 -0.169116
v 0.019882 0.337656 -0.168022
v 0.019559 0.338351 -0.166946
v 0.018642 0.338908 -0.166178
v 0.017375 0.339178 -0.165922
v 0.015307 0.333676 -0.162910
v 0.014394 0.333406 -0.163826
v 0.014048 0.332822 -0.164958
v 0.014361 0.332079 -0.166003
v 0.015249 0.331377 -0.166683
v 0.016475 0.330903 -0.166813
v 0.017709 0.330785 -0.166360
v 0.018622 0.331055 -0.165445
v 0.018968 0.331639 -0.164313
v 0.018655 0.332382 -0.163267
v 0.017767 0.333085 -0.162588
v 0.016541 0.333558 -0.162457
v 0.013116 0.329230 -0.160190
v 0.012421 0.329295 -0.161311
v 0.012158 0.328837 -0.162521
v 0.012395 0.327978 -0.163495
v 0.013070 0.326949 -0.163973
v 0.014002 0.326025 -0.163826
v 0.014941 0.325454 -0.163094
v 0.015635 0.325389 -0.161973
v 0.015899 0.325848 -0.160763
v 0.015662 0.326706 -0.159789
v 0.014987 0.327736 -0.159311
v 0.014055 0.328659 -0.159457
v 0.007666 0.326838 -0.158697
v 0.007415 0.327131 -0.159959
v 0.007318 0.326759 -0.161222
v 0.007401 0.325820 -0.162147
v 0.007641 0.324567 -0.162486
v 0.007975 0.323335 -0.162149
v 0.008313 0.322454 -0.161225
v 0.008564 0.322161 -0.159962
v 0.008661 0.322533 -0.158699
v 0.008578 0.323472 -0.157774
v 0.008338 0.324725 -0.157435
v 0.008004 0.325957 -0.157773
vn 0.1094 0.8367 0.5366
vn 0.2119 0.9768 0.0322
vn 0.2545 0.8315 -0.4939
vn 0.2200 0.4360 -0.8726
vn 0.1221 -0.0778 -0.9895
vn -0.0057 -0.5553 -0.8316
vn -0.1282 -0.8780 -0.4612
vn -0.2168 -0.9760 0.0213
vn -0.2510 -0.8306 0.4971
vn -0.2230 -0.4784 0.8494
vn -0.1393 -0.0056 0.9902
vn -0.0191 0.4731 0.8808
vn 0.3208 0.7420 0.5886
vn 0.6044 0.7841 0.1408
vn 0.7173 0.6017 -0.3513
vn 0.6215 0.2483 -0.7430
vn 0.3505 -0.1721 -0.9206
vn -0.0100 -0.5412 -0.8408
vn -0.3594 -0.7624 -0.5381
vn -0.6109 -0.7852 -0.1013
vn -0.7070 -0.6104 0.3572
vn -0.6266 -0.2833 0.7261
vn -0.3875 0.1179 0.9143
vn -0.0437 0.4940 0.8684
vn 0.4241 0.6232 0.6571
vn 0.7838 0.5542 0.2802
vn 0.9272 0.3302 -0.1769
vn 0.8098 0.0148 -0.5865
vn 0.4665 -0.3036 -0.8308
vn -0.0007 -0.5377 -0.8432
vn -0.4603 -0.6272 -0.6283
vn -0.7942 -0.5531 -0.2518
vn -0.9226 -0.3377 0.1867
vn -0.8158 -0.0358 0.5773
vn -0.4984 0.2771 0.8215
vn -0.0465 0.5198 0.8530
vn 0.4607 0.5359 0.7075
vn 0.8400 0.3885 0.3788
vn 0.9895 0.1340 -0.0545
vn 0.8671 -0.1564 -0.4730
vn 0.5079 -0.4030 -0.7613
vn 0.0130 -0.5403 -0.8414
vn -0.4820 -0.5334 -0.6951
vn -0.8465 -0.3867 -0.3658
vn -0.9885 -0.1396 0.0577
vn -0.8731 0.1441 0.4658
vn -0.5286 0.3913 0.7533
vn -0.0415 0.5359 0.8433
vn 0.4746 0.4811 0.7371
vn 0.8519 0.3014 0.4282
vn 0.9992 0.0405 0.0038
vn 0.8769 -0.2310 -0.4214
vn 0.5188 -0.4401 -0.7329
vn 0.0219 -0.5311 -0.8470
vn -0.4799 -0.4802 -0.7342
vn -0.8529 -0.3018 -0.4260
vn -0.9990 -0.0434 -0.0050
vn -0.8799 0.2268 0.4175
vn -0.5261 0.4371 0.7295
vn -0.0303 0.5306 0.8471
vn 0.4776 0.4597 0.7487
vn 0.8531 0.2755 0.4431
vn 0.9997 0.0174 0.0187
vn 0.8782 -0.2453 -0.4106
vn 0.5215 -0.4421 -0.7298
vn 0.0252 -0.5206 -0.8534
vn -0.4777 -0.4598 -0.7486
vn -0.8527 -0.2759 -0.4436
vn -0.9996 -0.0182 -0.0198
vn -0.8790 0.2444 0.4094
vn -0.5227 0.4417 0.7291
vn -0.0261 0.5206 0.8534
vn 0.4777 0.4573 0.7502
vn 0.8528 0.2734 0.4448
vn 0.9997 0.0163 0.0204
vn 0.8787 -0.2452 -0.4097
vn 0.5222 -0.4410 -0.7299
vn 0.0257 -0.5187 -0.8546
vn -0.4777 -0.4572 -0.7501
vn -0.8531 -0.2732 -0.4445
vn -0.9997 -0.0160 -0.0198
vn -0.8783 0.2455 0.4102
vn -0.5217 0.4412 0.7302
vn -0.0254 0.5187 0.8546
vn 0.4766 0.4647 0.7463
vn 0.8522 0.2766 0.4442
vn 0.9996 0.0143 0.0229
vn 0.8790 -0.2520 -0.4049
vn 0.5221 -0.4508 -0.7240
vn 0.0248 -0.5284 -0.8486
vn -0.4790 -0.4640 -0.7452
vn -0.8539 -0.2751 -0.4418
vn -0.9997 -0.0126 -0.0203
vn -0.8780 0.2530 0.4063
vn -0.5217 0.4509 0.7242
vn -0.0261 0.5284 0.8486
vn 0.4750 0.4723 0.7424
vn 0.8514 0.2712 0.4490
vn 0.9994 -0.0031 0.0344
vn 0.8783 -0.2768 -0.3898
vn 0.5203 -0.4760 -0.7090
vn 0.0223 -0.5468 -0.8370
vn -0.4811 -0.4704 -0.7398
vn -0.8547 -0.2681 -0.4446
vn -0.9995 0.0055 -0.0311
vn -0.8780 0.2773 0.3902
vn -0.5227 0.4753 0.7077
vn -0.0279 0.5468 0.8368
vn 0.4714 0.4623 0.7510
vn 0.8483 0.2355 0.4742
vn 0.9961 -0.0556 0.0685
vn 0.8736 -0.3319 -0.3560
vn 0.5140 -0.5180 -0.6837
vn 0.0162 -0.5634 -0.8260
vn -0.4840 -0.4571 -0.7461
vn -0.8534 -0.2294 -0.4681
vn -0.9960 0.0583 -0.0671
vn -0.8760 0.3304 0.3515
vn -0.5240 0.5156 0.6779
vn -0.0314 0.5644 0.8249
vn 0.4533 0.4096 0.7916
vn 0.8256 0.1326 0.5484
vn 0.9713 -0.1819 0.1534
vn 0.8485 -0.4468 -0.2837
vn 0.4924 -0.5881 -0.6416
vn 0.0047 -0.5675 -0.8234
vn -0.4797 -0.3943 -0.7839
vn -0.8338 -0.1187 -0.5392
vn -0.9701 0.1862 -0.1560
vn -0.8558 0.4427 0.2676
vn -0.5179 0.5853 0.6238
vn -0.0399 0.5745 0.8175
vn 0.3824 0.3009 0.8736
vn 0.7184 -0.0666 0.6925
vn 0.8528 -0.4185 0.3125
vn 0.7425 -0.6515 -0.1560
vn 0.4245 -0.6987 -0.5758
vn -0.0036 -0.5534 -0.8329
vn -0.4236 -0.2630 -0.8668
vn -0.7298 0.0923 -0.6774
vn -0.8493 0.4222 -0.3170
vn -0.7539 0.6452 0.1237
vn -0.4656 0.7048 0.5353
vn -0.0523 0.5815 0.8119
vn 0.2309 0.1778 0.9566
vn 0.4543 -0.2908 0.8421
vn 0.5497 -0.6816 0.4830
vn 0.4854 -0.8741 -0.0162
vn 0.2841 -0.8158 -0.5037
vn 0.0089 -0.5360 -0.8442
vn -0.2640 -0.1200 -0.9570
vn -0.4664 0.3220 -0.8239
vn -0.5501 0.6807 -0.4838
vn -0.4955 0.8683 -0.0221
vn -0.3152 0.8369 0.4475
vn -0.0513 0.5884 0.8069
vn 0.0450 0.1079 0.9931
vn 0.1111 -0.4095 0.9055
vn 0.1464 -0.8147 0.5611
vn 0.1409 -0.9884 0.0568
vn 0.0955 -0.8826 -0.4603
vn 0.0233 -0.5357 -0.8441
vn -0.0547 -0.0516 -0.9972
vn -0.1176 0.4392 -0.8906
vn -0.1501 0.8151 -0.5595
vn -0.1448 0.9856 -0.0874
vn -0.1025 0.9062 0.4103
vn -0.0333 0.5889 0.8075
vn -0.1248 0.1122 0.9858
vn -0.2112 -0.4001 0.8918
vn -0.2386 -0.8038 0.5450
vn -0.1980 -0.9793 0.0427
vn -0.1020 -0.8778 -0.4681
vn 0.0206 -0.5363 -0.8438
vn 0.1356 -0.0572 -0.9891
vn 0.2142 0.4307 -0.8767
vn 0.2378 0.8059 -0.5423
vn 0.2012 0.9770 -0.0708
vn 0.1131 0.8998 0.4215
vn -0.0056 0.5870 0.8095
vn -0.2720 0.1685 0.9474
vn -0.4967 -0.2911 0.8177
vn -0.5831 -0.6730 0.4550
vn -0.5028 -0.8636 -0.0378
vn -0.2814 -0.8094 -0.5155
vn 0.0133 -0.5340 -0.8454
vn 0.2994 -0.1204 -0.9465
vn 0.5047 0.3201 -0.8017
vn 0.5803 0.6765 -0.4535
vn 0.5086 0.8610 0.0097
vn 0.3066 0.8262 0.4727
vn 0.0226 0.5760 0.8171
vn -0.3814 0.2514 0.8896
vn -0.6966 -0.1277 0.7060
vn -0.8191 -0.4733 0.3241
vn -0.7114 -0.6870 -0.1484
vn -0.4063 -0.7086 -0.5768
vn 0.0058 -0.5359 -0.8443
vn 0.4108 -0.2212 -0.8845
vn 0.7045 0.1487 -0.6939
vn 0.8155 0.4783 -0.3259
vn 0.7175 0.6851 0.1256
vn 0.4339 0.7159 0.5470
vn 0.0334 0.5592 0.8283
vn -0.4430 0.3310 0.8332
vn -0.7959 0.0191 0.6052
vn -0.9308 -0.2989 0.2102
vn -0.8094 -0.5350 -0.2421
vn -0.4668 -0.6241 -0.6266
vn -0.0000 -0.5429 -0.8398
vn 0.4632 -0.3166 -0.8278
vn 0.8013 -0.0078 -0.5982
vn 0.9292 0.3018 -0.2135
vn 0.8153 0.5327 0.2271
vn 0.4874 0.6249 0.6099
vn 0.0278 0.5522 0.8333
vn -0.4727 0.3892 0.7906
vn -0.8352 0.1133 0.5381
vn -0.9711 -0.1936 0.1395
vn -0.8435 -0.4479 -0.2965
vn -0.4883 -0.5806 -0.6515
vn -0.0028 -0.5567 -0.8307
vn 0.4817 -0.3839 -0.7878
vn 0.8370 -0.1095 -0.5362
vn 0.9706 0.1934 -0.1432
vn 0.8479 0.4452 0.2879
vn 0.4998 0.5795 0.6437
vn 0.0167 0.5596 0.8286
vn -0.4873 0.4104 0.7708
vn -0.8453 0.1371 0.5165
vn -0.9771 -0.1724 0.1249
vn -0.8488 -0.4356 -0.2998
vn -0.4943 -0.5829 -0.6449
vn -0.0073 -0.5749 -0.8182
vn 0.4822 -0.4133 -0.7725
vn 0.8427 -0.1409 -0.5195
vn 0.9773 0.1693 -0.1270
vn 0.8492 0.4345 0.3000
vn 0.4922 0.5829 0.6465
vn 0.0024 0.5740 0.8189
vn -0.4840 0.3790 0.7887
vn -0.8278 0.0774 0.5557
vn -0.9535 -0.2439 0.1772
vn -0.8292 -0.5011 -0.2477
vn -0.4865 -0.6271 -0.6083
vn -0.0135 -0.5875 -0.8091
vn 0.4658 -0.3905 -0.7941
vn 0.8217 -0.0864 -0.5634
vn 0.9537 0.2428 -0.1773
vn 0.8236 0.5053 0.2576
vn 0.4688 0.6287 0.6204
vn -0.0105 0.5814 0.8136
vn -0.4561 0.3270 0.8277
vn -0.7842 -0.0102 0.6204
vn -0.9050 -0.3441 0.2501
vn -0.7875 -0.5875 -0.1860
vn -0.4617 -0.6763 -0.5740
vn -0.0115 -0.5851 -0.8109
vn 0.4438 -0.3358 -0.8308
vn 0.7802 0.0056 -0.6255
vn 0.9045 0.3461 -0.2492
vn 0.7822 0.5918 0.1947
vn 0.4480 0.6763 0.5847
vn -0.0057 0.5786 0.8156
vn -0.4374 0.3199 0.8404
vn -0.7718 -0.0221 0.6355
vn -0.8969 -0.3576 0.2600
vn -0.7815 -0.5954 -0.1866
vn -0.4543 -0.6723 -0.5845
vn -0.0021 -0.5682 -0.8229
vn 0.4504 -0.3135 -0.8359
vn 0.7804 0.0216 -0.6249
vn 0.9030 0.3491 -0.2505
vn 0.7885 0.5854 0.1887
vn 0.4655 0.6686 0.5799
vn 0.0167 0.5730 0.8194
vn -0.4467 0.4081 0.7962
vn -0.8264 0.1430 0.5446
vn -0.9767 -0.1672 0.1342
vn -0.8462 -0.4285 -0.3168
vn -0.4779 -0.5648 -0.6727
vn 0.0146 -0.5464 -0.8374
vn 0.4967 -0.3863 -0.7772
vn 0.8468 -0.1286 -0.5161
vn 0.9791 0.1610 -0.1241
vn 0.8617 0.4099 0.2992
vn 0.5235 0.5546 0.6468
vn 0.0475 0.5561 0.8298
vn -0.4537 0.5344 0.7131
vn -0.8353 0.4014 0.3756
vn -0.9854 0.1540 -0.0722
vn -0.8553 -0.1400 -0.4988
vn -0.4859 -0.3926 -0.7809
vn 0.0115 -0.5314 -0.8471
vn 0.4996 -0.5241 -0.6897
vn 0.8540 -0.3796 -0.3557
vn 0.9880 -0.1385 0.0680
vn 0.8695 0.1373 0.4744
vn 0.5275 0.3785 0.7606
vn 0.0458 0.5240 0.8505
vn -0.4563 0.5976 0.6593
vn -0.8039 0.5242 0.2811
vn -0.9349 0.3108 -0.1713
vn -0.8166 0.0132 -0.5771
vn -0.4787 -0.2893 -0.8289
vn -0.0098 -0.5129 -0.8584
vn 0.4622 -0.5953 -0.6572
vn 0.8087 -0.5164 -0.2817
vn 0.9390 -0.3006 0.1669
vn 0.8206 -0.0062 0.5715
vn 0.4837 0.2905 0.8256
vn 0.0160 0.5117 0.8590
vn -0.4696 0.5817 0.6641
vn -0.8168 0.4967 0.2935
vn -0.9474 0.2806 -0.1541
vn -0.8278 -0.0095 -0.5609
vn -0.4890 -0.2975 -0.8200
vn -0.0190 -0.5074 -0.8615
vn 0.4578 -0.5821 -0.6720
vn 0.8125 -0.4999 -0.3000
vn 0.9470 -0.2817 0.1542
vn 0.8240 0.0133 0.5664
vn 0.4777 0.3041 0.8242
vn 0.0037 0.5118 0.8591
vn -0.4855 0.5386 0.6886
vn -0.8429 0.4176 0.3393
vn -0.9775 0.1868 -0.0984
vn -0.8550 -0.0930 -0.5102
vn -0.5070 -0.3487 -0.7882
vn -0.0232 -0.5129 -0.8581
vn 0.4691 -0.5405 -0.6984
vn 0.8369 -0.4219 -0.3489
vn 0.9774 -0.1878 0.0971
vn 0.8506 0.0978 0.5167
vn 0.4922 0.3560 0.7943
vn 0.0024 0.5169 0.8561
vn -0.4920 0.4961 0.7154
vn -0.8573 0.3366 0.3895
vn -0.9953 0.0885 -0.0386
vn -0.8708 -0.1829 -0.4563
vn -0.5160 -0.4064 -0.7540
vn -0.0229 -0.5225 -0.8523
vn 0.4783 -0.4989 -0.7227
vn 0.8522 -0.3402 -0.3974
vn 0.9954 -0.0886 0.0367
vn 0.8674 0.1871 0.4611
vn 0.5039 0.4115 0.7594
vn 0.0057 0.5241 0.8516
vn -0.4885 0.4751 0.7319
vn -0.8588 0.2948 0.4191
vn -0.9993 0.0360 -0.0054
vn -0.8732 -0.2324 -0.4284
vn -0.5137 -0.4389 -0.7373
vn -0.0162 -0.5281 -0.8490
vn 0.4860 -0.4757 -0.7331
vn 0.8579 -0.2956 -0.4204
vn 0.9993 -0.0361 0.0052
vn 0.8725 0.2331 0.4294
vn 0.5115 0.4397 0.7383
vn 0.0131 0.5282 0.8490
vn -0.4803 0.4919 0.7261
vn -0.8545 0.3249 0.4053
vn -0.9972 0.0696 -0.0257
vn -0.8694 -0.2042 -0.4500
vn -0.5057 -0.4225 -0.7522
vn -0.0060 -0.5267 -0.8501
vn 0.4933 -0.4898 -0.7189
vn 0.8590 -0.3233 -0.3970
vn 0.9970 -0.0721 0.0285
vn 0.8727 0.1982 0.4462
vn 0.5175 0.4170 0.7472
vn 0.0226 0.5252 0.8506
vn -0.4581 0.5653 0.6860
vn -0.8275 0.4559 0.3277
vn -0.9678 0.2215 -0.1196
vn -0.8412 -0.0706 -0.5360
vn -0.4814 -0.3443 -0.8061
vn 0.0093 -0.5264 -0.8502
vn 0.4900 -0.5681 -0.6612
vn 0.8342 -0.4619 -0.3013
vn 0.9621 -0.2388 0.1314
vn 0.8465 0.0453 0.5305
vn 0.5118 0.3209 0.7969
vn 0.0354 0.5142 0.8569
vn -0.3191 0.7236 0.6120
vn -0.6155 0.7699 0.1687
vn -0.7361 0.5839 -0.3424
vn -0.6270 0.2175 -0.7480
vn -0.3380 -0.1997 -0.9197
vn 0.0297 -0.5478 -0.8361
vn 0.3808 -0.7500 -0.5409
vn 0.6352 -0.7641 -0.1120
vn 0.7316 -0.5876 0.3457
vn 0.6451 -0.2642 0.7169
vn 0.3982 0.1242 0.9088
vn 0.0504 0.4832 0.8741
vn -0.1197 0.8472 0.5175
vn -0.2198 0.9755 0.0119
vn -0.2580 0.8297 -0.4951
vn -0.2257 0.4515 -0.8633
vn -0.1297 -0.0552 -0.9900
vn 0.0043 -0.5433 -0.8395
vn 0.1365 -0.8749 -0.4646
vn 0.2309 -0.9727 0.0215
vn 0.2663 -0.8272 0.4947
vn 0.2360 -0.4782 0.8459
vn 0.1457 -0.0035 0.9893
vn 0.0154 0.4835 0.8752
vt 0.000000 1.000000
vt 0.029412 1.000000
vt 0.029412 0.916667
vt 0.000000 0.916667
vt 0.000000 0.083333
vt 0.029412 0.083333
vt 0.029412 0.000000
vt 0.000000 0.000000
vt 0.000000 0.166667
vt 0.029412 0.166667
vt 0.000000 0.250000
vt 0.029412 0.250000
vt 0.000000 0.333333
vt 0.029412 0.333333
vt 0.000000 0.416667
vt 0.029412 0.416667
vt 0.000000 0.500000
vt 0.029412 0.500000
vt 0.000000 0.583333
vt 0.029412 0.583333
vt 0.000000 0.666667
vt 0.029412 0.666667
vt 0.000000 0.750000
vt 0.029412 0.750000
vt 0.000000 0.833333
vt 0.029412 0.833333
vt 0.058824 1.000000
vt 0.058824 0.916667
vt 0.058824 0.083333
vt 0.058824 0.000000
vt 0.058824 0.166667
vt 0.058824 0.250000
vt 0.058824 0.333333
vt 0.058824 0.416667
vt 0.058824 0.500000
vt 0.058824 0.583333
vt 0.058824 0.666667
vt 0.058824 0.750000
vt 0.058824 0.833333
vt 0.088235 1.000000
vt 0.088235 0.916667
vt 0.088235 0.083333
vt 0.088235 0.000000
vt 0.088235 0.166667
vt 0.088235 0.250000
vt 0.088235 0.333333
vt 0.088235 0.416667
vt 0.088235 0.500000
vt 0.088235 0.583333
vt 0.088235 0.666667
vt 0.088235 0.750000
vt 0.088235 0.833333
vt 0.117647 1.000000
vt 0.117647 0.916667
vt 0.117647 0.083333
vt 0.117647 0.000000
vt 0.117647 0.166667
vt 0.117647 0.250000
vt 0.117647 0.333333
vt 0.117647 0.416667
vt 0.117647 0.500000
vt 0.117647 0.583333
vt 0.117647 0.666667
vt 0.117647 0.750000
vt 0.117647 0.833333
vt 0.147059 1.000000
vt 0.147059 0.916667
vt 0.147059 0.083333
vt 0.147059 0.000000
vt 0.147059 0.166667
vt 0.147059 0.250000
vt 0.147059 0.333333
vt 0.147059 0.416667
vt 0.147059 0.500000
vt 0.147059 0.583333
vt 0.147059 0.666667
vt 0.147059 0.750000
vt 0.147059 0.833333
vt 0.176471 1.000000
vt 0.176471 0.916667
vt 0.176471 0.083333
vt 0.176471 0.000000
vt 0.176471 0.166667
vt 0.176471 0.250000
vt 0.176471 0.333333
vt 0.176471 0.416667
vt 0.176471 0.500000
vt 0.176471 0.583333
vt 0.176471 0.666667
vt 0.176471 0.750000
vt 0.176471 0.833333
vt 0.205882 1.000000
vt 0.205882 0.916667
vt 0.205882 0.083333
vt 0.205882 0.000000
vt 0.205882 0.166667
vt 0.205882 0.250000
vt 0.205882 0.333333
vt 0.205882 0.416667
vt 0.205882 0.500000
vt 0.205882 0.583333
vt 0.205882 0.666667
vt 0.205882 0.750000
vt 0.205882 0.833333
vt 0.235294 1.000000
vt 0.235294 0.916667
vt 0.235294 0.083333
vt 0.235294 0.000000
vt 0.235294 0.166667
vt 0.235294 0.250000
vt 0.235294 0.333333
vt 0.235294 0.416667
vt 0.235294 0.500000
vt 0.235294 0.583333
vt 0.235294 0.666667
vt 0.235294 0.750000
vt 0.235294 0.833333
vt 0.264706 1.000000
vt 0.264706 0.916667
vt 0.264706 0.083333
vt 0.264706 0.000000
vt 0.264706 0.166667
vt 0.264706 0.250000
vt 0.264706 0.333333
vt 0.264706 0.416667
vt 0.264706 0.500000
vt 0.264706 0.583333
vt 0.264706 0.666667
vt 0.264706 0.750000
vt 0.264706 0.833333
vt 0.294118 1.000000
vt 0.294118 0.916667
vt 0.294118 0.083333
vt 0.294118 0.000000
vt 0.294118 0.166667
vt 0.294118 0.250000
vt 0.294118 0.333333
vt 0.294118 0.416667
vt 0.294118 0.500000
vt 0.294118 0.583333
vt 0.294118 0.666667
vt 0.294118 0.750000
vt 0.294118 0.833333
vt 0.323529 1.000000
vt 0.323529 0.916667
vt 0.323529 0.083333
vt 0.323529 0.000000
vt 0.323529 0.166667
vt 0.323529 0.250000
vt 0.323529 0.333333
vt 0.323529 0.416667
vt 0.323529 0.500000
vt 0.323529 0.583333
vt 0.323529 0.666667
vt 0.323529 0.750000
vt 0.323529 0.833333
vt 0.352941 1.000000
vt 0.352941 0.916667
vt 0.352941 0.083333
vt 0.352941 0.000000
vt 0.352941 0.166667
vt 0.352941 0.250000
vt 0.352941 0.333333
vt 0.352941 0.416667
vt 0.352941 0.500000
vt 0.352941 0.583333
vt 0.352941 0.666667
vt 0.352941 0.750000
vt 0.352941 0.833333
vt 0.382353 1.000000
vt 0.382353 0.916667
vt 0.382353 0.083333
vt 0.382353 0.000000
vt 0.382353 0.166667
vt 0.382353 0.250000
vt 0.382353 0.333333
vt 0.382353 0.416667
vt 0.382353 0.500000
vt 0.382353 0.583333
vt 0.382353 0.666667
vt 0.382353 0.750000
vt 0.382353 0.833333
vt 0.411765 1.000000
vt 0.411765 0.916667
vt 0.411765 0.083333
vt 0.411765 0.000000
vt 0.411765 0.166667
vt 0.411765 0.250000
vt 0.411765 0.333333
vt 0.411765 0.416667
vt 0.411765 0.500000
vt 0.411765 0.583333
vt 0.411765 0.666667
vt 0.411765 0.750000
vt 0.411765 0.833333
vt 0.441176 1.000000
vt 0.441176 0.916667
vt 0.441176 0.083333
vt 0.441176 0.000000
vt 0.441176 0.166667
vt 0.441176 0.250000
vt 0.441176 0.333333
vt 0.441176 0.416667
vt 0.441176 0.500000
vt 0.441176 0.583333
vt 0.441176 0.666667
vt 0.441176 0.750000
vt 0.441176 0.833333
vt 0.470588 1.000000
vt 0.470588 0.916667
vt 0.470588 0.083333
vt 0.470588 0.000000
vt 0.470588 0.166667
vt 0.470588 0.250000
vt 0.470588 0.333333
vt 0.470588 0.416667
vt 0.470588 0.500000
vt 0.470588 0.583333
vt 0.470588 0.666667
vt 0.470588 0.750000
vt 0.470588 0.833333
vt 0.500000 1.000000
vt 0.500000 0.916667
vt 0.500000 0.083333
vt 0.500000 0.000000
vt 0.500000 0.166667
vt 0.500000 0.250000
vt 0.500000 0.333333
vt 0.500000 0.416667
vt 0.500000 0.500000
vt 0.500000 0.583333
vt 0.500000 0.666667
vt 0.500000 0.750000
vt 0.500000 0.833333
vt 0.529412 1.000000
vt 0.529412 0.916667
vt 0.529412 0.083333
vt 0.529412 0.000000
vt 0.529412 0.166667
vt 0.529412 0.250000
vt 0.529412 0.333333
vt 0.529412 0.416667
vt 0.529412 0.500000
vt 0.529412 0.583333
vt 0.529412 0.666667
vt 0.529412 0.750000
vt 0.529412 0.833333
vt 0.558824 1.000000
vt 0.558824 0.916667
vt 0.558824 0.083333
vt 0.558824 0.000000
vt 0.558824 0.166667
vt 0.558824 0.250000
vt 0.558824 0.333333
vt 0.558824 0.416667
vt 0.558824 0.500000
vt 0.558824 0.583333
vt 0.558824 0.666667
vt 0.558824 0.750000
vt 0.558824 0.833333
vt 0.588235 1.000000
vt 0.588235 0.916667
vt 0.588235 0.083333
vt 0.588235 0.000000
vt 0.588235 0.166667
vt 0.588235 0.250000
vt 0.588235 0.333333
vt 0.588235 0.416667
vt 0.588235 0.500000
vt 0.588235 0.583333
vt 0.588235 0.666667
vt 0.588235 0.750000
vt 0.588235 0.833333
vt 0.617647 1.000000
vt 0.617647 0.916667
vt 0.617647 0.083333
vt 0.617647 0.000000
vt 0.617647 0.166667
vt 0.617647 0.250000
vt 0.617647 0.333333
vt 0.617647 0.416667
vt 0.617647 0.500000
vt 0.617647 0.583333
vt 0.617647 0.666667
vt 0.617647 0.750000
vt 0.617647 0.833333
vt 0.647059 1.000000
vt 0.647059 0.916667
vt 0.647059 0.083333
vt 0.647059 0.000000
vt 0.647059 0.166667
vt 0.647059 0.250000
vt 0.647059 0.333333
vt 0.647059 0.416667
vt 0.647059 0.500000
vt 0.647059 0.583333
vt 0.647059 0.666667
vt 0.647059 0.750000
vt 0.647059 0.833333
vt 0.676471 1.000000
vt 0.676471 0.916667
vt 0.676471 0.083333
vt 0.676471 0.000000
vt 0.676471 0.166667
vt 0.676471 0.250000
vt 0.676471 0.333333
vt 0.676471 0.416667
vt 0.676471 0.500000
vt 0.676471 0.583333
vt 0.676471 0.666667
vt 0.676471 0.750000
vt 0.676471 0.833333
vt 0.705882 1.000000
vt 0.705882 0.916667
vt 0.705882 0.083333
vt 0.705882 0.000000
vt 0.705882 0.166667
vt 0.705882 0.250000
vt 0.705882 0.333333
vt 0.705882 0.416667
vt 0.705882 0.500000
vt 0.705882 0.583333
vt 0.705882 0.666667
vt 0.705882 0.750000
vt 0.705882 0.833333
vt 0.735294 1.000000
vt 0.735294 0.916667
vt 0.735294 0.083333
vt 0.735294 0.000000
vt 0.735294 0.166667
vt 0.735294 0.250000
vt 0.735294 0.333333
vt 0.735294 0.416667
vt 0.735294 0.500000
vt 0.735294 0.583333
vt 0.735294 0.666667
vt 0.735294 0.750000
vt 0.735294 0.833333
vt 0.764706 1.000000
vt 0.764706 0.916667
vt 0.764706 0.083333
vt 0.764706 0.000000
vt 0.764706 0.166667
vt 0.764706 0.250000
vt 0.764706 0.333333
vt 0.764706 0.416667
vt 0.764706 0.500000
vt 0.764706 0.583333
vt 0.764706 0.666667
vt 0.764706 0.750000
vt 0.764706 0.833333
vt 0.794118 1.000000
vt 0.794118 0.916667
vt 0.794118 0.083333
vt 0.794118 0.000000
vt 0.794118 0.166667
vt 0.794118 0.250000
vt 0.794118 0.333333
vt 0.794118 0.416667
vt 0.794118 0.500000
vt 0.794118 0.583333
vt 0.794118 0.666667
vt 0.794118 0.750000
vt 0.794118 0.833333
vt 0.823529 1.000000
vt 0.823529 0.916667
vt 0.823529 0.083333
vt 0.823529 0.000000
vt 0.823529 0.166667
vt 0.823529 0.250000
vt 0.823529 0.333333
vt 0.823529 0.416667
vt 0.823529 0.500000
vt 0.823529 0.583333
vt 0.823529 0.666667
vt 0.823529 0.750000
vt 0.823529 0.833333
vt 0.852941 1.000000
vt 0.852941 0.916667
vt 0.852941 0.083333
vt 0.852941 0.000000
vt 0.852941 0.166667
vt 0.852941 0.250000
vt 0.852941 0.333333
vt 0.852941 0.416667
vt 0.852941 0.500000
vt 0.852941 0.583333
vt 0.852941 0.666667
vt 0.852941 0.750000
vt 0.852941 0.833333
vt 0.882353 1.000000
vt 0.882353 0.916667
vt 0.882353 0.083333
vt 0.882353 0.000000
vt 0.882353 0.166667
vt 0.882353 0.250000
vt 0.882353 0.333333
vt 0.882353 0.416667
vt 0.882353 0.500000
vt 0.882353 0.583333
vt 0.882353 0.666667
vt 0.882353 0.750000
vt 0.882353 0.833333
vt 0.911765 1.000000
vt 0.911765 0.916667
vt 0.911765 0.083333
vt 0.911765 0.000000
vt 0.911765 0.166667
vt 0.911765 0.250000
vt 0.911765 0.333333
vt 0.911765 0.416667
vt 0.911765 0.500000
vt 0.911765 0.583333
vt 0.911765 0.666667
vt 0.911765 0.750000
vt 0.911765 0.833333
vt 0.941176 1.000000
vt 0.941176 0.916667
vt 0.941176 0.083333
vt 0.941176 0.000000
vt 0.941176 0.166667
vt 0.941176 0.250000
vt 0.941176 0.333333
vt 0.941176 0.416667
vt 0.941176 0.500000
vt 0.941176 0.583333
vt 0.941176 0.666667
vt 0.941176 0.750000
vt 0.941176 0.833333
vt 0.970588 1.000000
vt 0.970588 0.916667
vt 0.970588 0.083333
vt 0.970588 0.000000
vt 0.970588 0.166667
vt 0.970588 0.250000
vt 0.970588 0.333333
vt 0.970588 0.416667
vt 0.970588 0.500000
vt 0.970588 0.583333
vt 0.970588 0.666667
vt 0.970588 0.750000
vt 0.970588 0.833333
vt 1.000000 1.000000
vt 1.000000 0.916667
vt 1.000000 0.083333
vt 1.000000 0.000000
vt 1.000000 0.166667
vt 1.000000 0.250000
vt 1.000000 0.333333
vt 1.000000 0.416667
vt 1.000000 0.500000
vt 1.000000 0.583333
vt 1.000000 0.666667
vt 1.000000 0.750000
vt 1.000000 0.833333
s 1
f 2307/2404/2262 2319/2405/2274 2330/2406/2285 2318/2407/2273
f 2308/2408/2263 2320/2409/2275 2319/2410/2274 2307/2411/2262
f 2309/2412/2264 2321/2413/2276 2320/2409/2275 2308/2408/2263
f 2310/2414/2265 2322/2415/2277 2321/2413/2276 2309/2412/2264
f 2311/2416/2266 2323/2417/2278 2322/2415/2277 2310/2414/2265
f 2312/2418/2267 2324/2419/2279 2323/2417/2278 2311/2416/2266
f 2313/2420/2268 2325/2421/2280 2324/2419/2279 2312/2418/2267
f 2314/2422/2269 2326/2423/2281 2325/2421/2280 2313/2420/2268
f 2315/2424/2270 2327/2425/2282 2326/2423/2281 2314/2422/2269
f 2316/2426/2271 2328/2427/2283 2327/2425/2282 2315/2424/2270
f 2317/2428/2272 2329/2429/2284 2328/2427/2283 2316/2426/2271
f 2318/2407/2273 2330/2406/2285 2329/2429/2284 2317/2428/2272
f 2319/2405/2274 2331/2430/2286 2342/2431/2297 2330/2406/2285
f 2320/2409/2275 2332/2432/2287 2331/2433/2286 2319/2410/2274
f 2321/2413/2276 2333/2434/2288 2332/2432/2287 2320/2409/2275
f 2322/2415/2277 2334/2435/2289 2333/2434/2288 2321/2413/2276
f 2323/2417/2278 2335/2436/2290 2334/2435/2289 2322/2415/2277
f 2324/2419/2279 2336/2437/2291 2335/2436/2290 2323/2417/2278
f 2325/2421/2280 2337/2438/2292 2336/2437/2291 2324/2419/2279
f 2326/2423/2281 2338/2439/2293 2337/2438/2292 2325/2421/2280
f 2327/2425/2282 2339/2440/2294 2338/2439/2293 2326/2423/2281
f 2328/2427/2283 2340/2441/2295 2339/2440/2294 2327/2425/2282
f 2329/2429/2284 2341/2442/2296 2340/2441/2295 2328/2427/2283
f 2330/2406/2285 2342/2431/2297 2341/2442/2296 2329/2429/2284
f 2331/2430/2286 2343/2443/2298 2354/2444/2309 2342/2431/2297
f 2332/2432/2287 2344/2445/2299 2343/2446/2298 2331/2433/2286
f 2333/2434/2288 2345/2447/2300 2344/2445/2299 2332/2432/2287
f 2334/2435/2289 2346/2448/2301 2345/2447/2300 2333/2434/2288
f 2335/2436/2290 2347/2449/2302 2346/2448/2301 2334/2435/2289
f 2336/2437/2291 2348/2450/2303 2347/2449/2302 2335/2436/2290
f 2337/2438/2292 2349/2451/2304 2348/2450/2303 2336/2437/2291
f 2338/2439/2293 2350/2452/2305 2349/2451/2304 2337/2438/2292
f 2339/2440/2294 2351/2453/2306 2350/2452/2305 2338/2439/2293
f 2340/2441/2295 2352/2454/2307 2351/2453/2306 2339/2440/2294
f 2341/2442/2296 2353/2455/2308 2352/2454/2307 2340/2441/2295
f 2342/2431/2297 2354/2444/2309 2353/2455/2308 2341/2442/2296
f 2343/2443/2298 2355/2456/2310 2366/2457/2321 2354/2444/2309
f 2344/2445/2299 2356/2458/2311 2355/2459/2310 2343/2446/2298
f 2345/2447/2300 2357/2460/2312 2356/2458/2311 2344/2445/2299
f 2346/2448/2301 2358/2461/2313 2357/2460/2312 2345/2447/2300
f 2347/2449/2302 2359/2462/2314 2358/2461/2313 2346/2448/2301
f 2348/2450/2303 2360/2463/2315 2359/2462/2314 2347/2449/2302
f 2349/2451/2304 2361/2464/2316 2360/2463/2315 2348/2450/2303
f 2350/2452/2305 2362/2465/2317 2361/2464/2316 2349/2451/2304
f 2351/2453/2306 2363/2466/2318 2362/2465/2317 2350/2452/2305
f 2352/2454/2307 2364/2467/2319 2363/2466/2318 2351/2453/2306
f 2353/2455/2308 2365/2468/2320 2364/2467/2319 2352/2454/2307
f 2354/2444/2309 2366/2457/2321 2365/2468/2320 2353/2455/2308
f 2355/2456/2310 2367/2469/2322 2378/2470/2333 2366/2457/2321
f 2356/2458/2311 2368/2471/2323 2367/2472/2322 2355/2459/2310
f 2357/2460/2312 2369/2473/2324 2368/2471/2323 2356/2458/2311
f 2358/2461/2313 2370/2474/2325 2369/2473/2324 2357/2460/2312
f 2359/2462/2314 2371/2475/2326 2370/2474/2325 2358/2461/2313
f 2360/2463/2315 2372/2476/2327 2371/2475/2326 2359/2462/2314
f 2361/2464/2316 2373/2477/2328 2372/2476/2327 2360/2463/2315
f 2362/2465/2317 2374/2478/2329 2373/2477/2328 2361/2464/2316
f 2363/2466/2318 2375/2479/2330 2374/2478/2329 2362/2465/2317
f 2364/2467/2319 2376/2480/2331 2375/2479/2330 2363/2466/2318
f 2365/2468/2320 2377/2481/2332 2376/2480/2331 2364/2467/2319
f 2366/2457/2321 2378/2470/2333 2377/2481/2332 2365/2468/2320
f 2367/2469/2322 2379/2482/2334 2390/2483/2345 2378/2470/2333
f 2368/2471/2323 2380/2484/2335 2379/2485/2334 2367/2472/2322
f 2369/2473/2324 2381/2486/2336 2380/2484/2335 2368/2471/2323
f 2370/2474/2325 2382/2487/2337 2381/2486/2336 2369/2473/2324
f 2371/2475/2326 2383/2488/2338 2382/2487/2337 2370/2474/2325
f 2372/2476/2327 2384/2489/2339 2383/2488/2338 2371/2475/2326
f 2373/2477/2328 2385/2490/2340 2384/2489/2339 2372/2476/2327
f 2374/2478/2329 2386/2491/2341 2385/2490/2340 2373/2477/2328
f 2375/2479/2330 2387/2492/2342 2386/2491/2341 2374/2478/2329
f 2376/2480/2331 2388/2493/2343 2387/2492/2342 2375/2479/2330
f 2377/2481/2332 2389/2494/2344 2388/2493/2343 2376/2480/2331
f 2378/2470/2333 2390/2483/2345 2389/2494/2344 2377/2481/2332
f 2379/2482/2334 2391/2495/2346 2402/2496/2357 2390/2483/2345
f 2380/2484/2335 2392/2497/2347 2391/2498/2346 2379/2485/2334
f 2381/2486/2336 2393/2499/2348 2392/2497/2347 2380/2484/2335
f 2382/2487/2337 2394/2500/2349 2393/2499/2348 2381/2486/2336
f 2383/2488/2338 2395/2501/2350 2394/2500/2349 2382/2487/2337
f 2384/2489/2339 2396/2502/2351 2395/2501/2350 2383/2488/2338
f 2385/2490/2340 2397/2503/2352 2396/2502/2351 2384/2489/2339
f 2386/2491/2341 2398/2504/2353 2397/2503/2352 2385/2490/2340
f 2387/2492/2342 2399/2505/2354 2398/2504/2353 2386/2491/2341
f 2388/2493/2343 2400/2506/2355 2399/2505/2354 2387/2492/2342
f 2389/2494/2344 2401/2507/2356 2400/2506/2355 2388/2493/2343
f 2390/2483/2345 2402/2496/2357 2401/2507/2356 2389/2494/2344
f 2391/2495/2346 2403/2508/2358 2414/2509/2369 2402/2496/2357
f 2392/2497/2347 2404/2510/2359 2403/2511/2358 2391/2498/2346
f 2393/2499/2348 2405/2512/2360 2404/2510/2359 2392/2497/2347
f 2394/2500/2349 2406/2513/2361 2405/2512/2360 2393/2499/2348
f 2395/2501/2350 2407/2514/2362 2406/2513/2361 2394/2500/2349
f 2396/2502/2351 2408/2515/2363 2407/2514/2362 2395/2501/2350
f 2397/2503/2352 2409/2516/2364 2408/2515/2363 2396/2502/2351
f 2398/2504/2353 2410/2517/2365 2409/2516/2364 2397/2503/2352
f 2399/2505/2354 2411/2518/2366 2410/2517/2365 2398/2504/2353
f 2400/2506/2355 2412/2519/2367 2411/2518/2366 2399/2505/2354
f 2401/2507/2356 2413/2520/2368 2412/2519/2367 2400/2506/2355
f 2402/2496/2357 2414/2509/2369 2413/2520/2368 2401/2507/2356
f 2403/2508/2358 2415/2521/2370 2426/2522/2381 2414/2509/2369
f 2404/2510/2359 2416/2523/2371 2415/2524/2370 2403/2511/2358
f 2405/2512/2360 2417/2525/2372 2416/2523/2371 2404/2510/2359
f 2406/2513/2361 2418/2526/2373 2417/2525/2372 2405/2512/2360
f 2407/2514/2362 2419/2527/2374 2418/2526/2373 2406/2513/2361
f 2408/2515/2363 2420/2528/2375 2419/2527/2374 2407/2514/2362
f 2409/2516/2364 2421/2529/2376 2420/2528/2375 2408/2515/2363
f 2410/2517/2365 2422/2530/2377 2421/2529/2376 2409/2516/2364
f 2411/2518/2366 2423/2531/2378 2422/2530/2377 2410/2517/2365
f 2412/2519/2367 2424/2532/2379 2423/2531/2378 2411/2518/2366
f 2413/2520/2368 2425/2533/2380 2424/2532/2379 2412/2519/2367
f 2414/2509/2369 2426/2522/2381 2425/2533/2380 2413/2520/2368
f 2415/2521/2370 2427/2534/2382 2438/2535/2393 2426/2522/2381
f 2416/2523/2371 2428/2536/2383 2427/2537/2382 2415/2524/2370
f 2417/2525/2372 2429/2538/2384 2428/2536/2383 2416/2523/2371
f 2418/2526/2373 2430/2539/2385 2429/2538/2384 2417/2525/2372
f 2419/2527/2374 2431/2540/2386 2430/2539/2385 2418/2526/2373
f 2420/2528/2375 2432/2541/2387 2431/2540/2386 2419/2527/2374
f 2421/2529/2376 2433/2542/2388 2432/2541/2387 2420/2528/2375
f 2422/2530/2377 2434/2543/2389 2433/2542/2388 2421/2529/2376
f 2423/2531/2378 2435/2544/2390 2434/2543/2389 2422/2530/2377
f 2424/2532/2379 2436/2545/2391 2435/2544/2390 2423/2531/2378
f 2425/2533/2380 2437/2546/2392 2436/2545/2391 2424/2532/2379
f 2426/2522/2381 2438/2535/2393 2437/2546/2392 2425/2533/2380
f 2427/2534/2382 2439/2547/2394 2450/2548/2405 2438/2535/2393
f 2428/2536/2383 2440/2549/2395 2439/2550/2394 2427/2537/2382
f 2429/2538/2384 2441/2551/2396 2440/2549/2395 2428/2536/2383
f 2430/2539/2385 2442/2552/2397 2441/2551/2396 2429/2538/2384
f 2431/2540/2386 2443/2553/2398 2442/2552/2397 2430/2539/2385
f 2432/2541/2387 2444/2554/2399 2443/2553/2398 2431/2540/2386
f 2433/2542/2388 2445/2555/2400 2444/2554/2399 2432/2541/2387
f 2434/2543/2389 2446/2556/2401 2445/2555/2400 2433/2542/2388
f 2435/2544/2390 2447/2557/2402 2446/2556/2401 2434/2543/2389
f 2436/2545/2391 2448/2558/2403 2447/2557/2402 2435/2544/2390
f 2437/2546/2392 2449/2559/2404 2448/2558/2403 2436/2545/2391
f 2438/2535/2393 2450/2548/2405 2449/2559/2404 2437/2546/2392
f 2439/2547/2394 2451/2560/2406 2462/2561/2417 2450/2548/2405
f 2440/2549/2395 2452/2562/2407 2451/2563/2406 2439/2550/2394
f 2441/2551/2396 2453/2564/2408 2452/2562/2407 2440/2549/2395
f 2442/2552/2397 2454/2565/2409 2453/2564/2408 2441/2551/2396
f 2443/2553/2398 2455/2566/2410 2454/2565/2409 2442/2552/2397
f 2444/2554/2399 2456/2567/2411 2455/2566/2410 2443/2553/2398
f 2445/2555/2400 2457/2568/2412 2456/2567/2411 2444/2554/2399
f 2446/2556/2401 2458/2569/2413 2457/2568/2412 2445/2555/2400
f 2447/2557/2402 2459/2570/2414 2458/2569/2413 2446/2556/2401
f 2448/2558/2403 2460/2571/2415 2459/2570/2414 2447/2557/2402
f 2449/2559/2404 2461/2572/2416 2460/2571/2415 2448/2558/2403
f 2450/2548/2405 2462/2561/2417 2461/2572/2416 2449/2559/2404
f 2451/2560/2406 2463/2573/2418 2474/2574/2429 2462/2561/2417
f 2452/2562/2407 2464/2575/2419 2463/2576/2418 2451/2563/2406
f 2453/2564/2408 2465/2577/2420 2464/2575/2419 2452/2562/2407
f 2454/2565/2409 2466/2578/2421 2465/2577/2420 2453/2564/2408
f 2455/2566/2410 2467/2579/2422 2466/2578/2421 2454/2565/2409
f 2456/2567/2411 2468/2580/2423 2467/2579/2422 2455/2566/2410
f 2457/2568/2412 2469/2581/2424 2468/2580/2423 2456/2567/2411
f 2458/2569/2413 2470/2582/2425 2469/2581/2424 2457/2568/2412
f 2459/2570/2414 2471/2583/2426 2470/2582/2425 2458/2569/2413
f 2460/2571/2415 2472/2584/2427 2471/2583/2426 2459/2570/2414
f 2461/2572/2416 2473/2585/2428 2472/2584/2427 2460/2571/2415
f 2462/2561/2417 2474/2574/2429 2473/2585/2428 2461/2572/2416
f 2463/2573/2418 2475/2586/2430 2486/2587/2441 2474/2574/2429
f 2464/2575/2419 2476/2588/2431 2475/2589/2430 2463/2576/2418
f 2465/2577/2420 2477/2590/2432 2476/2588/2431 2464/2575/2419
f 2466/2578/2421 2478/2591/2433 2477/2590/2432 2465/2577/2420
f 2467/2579/2422 2479/2592/2434 2478/2591/2433 2466/2578/2421
f 2468/2580/2423 2480/2593/2435 2479/2592/2434 2467/2579/2422
f 2469/2581/2424 2481/2594/2436 2480/2593/2435 2468/2580/2423
f 2470/2582/2425 2482/2595/2437 2481/2594/2436 2469/2581/2424
f 2471/2583/2426 2483/2596/2438 2482/2595/2437 2470/2582/2425
f 2472/2584/2427 2484/2597/2439 2483/2596/2438 2471/2583/2426
f 2473/2585/2428 2485/2598/2440 2484/2597/2439 2472/2584/2427
f 2474/2574/2429 2486/2587/2441 2485/2598/2440 2473/2585/2428
f 2475/2586/2430 2487/2599/2442 2498/2600/2453 2486/2587/2441
f 2476/2588/2431 2488/2601/2443 2487/2602/2442 2475/2589/2430
f 2477/2590/2432 2489/2603/2444 2488/2601/2443 2476/2588/2431
f 2478/2591/2433 2490/2604/2445 2489/2603/2444 2477/2590/2432
f 2479/2592/2434 2491/2605/2446 2490/2604/2445 2478/2591/2433
f 2480/2593/2435 2492/2606/2447 2491/2605/2446 2479/2592/2434
f 2481/2594/2436 2493/2607/2448 2492/2606/2447 2480/2593/2435
f 2482/2595/2437 2494/2608/2449 2493/2607/2448 2481/2594/2436
f 2483/2596/2438 2495/2609/2450 2494/2608/2449 2482/2595/2437
f 2484/2597/2439 2496/2610/2451 2495/2609/2450 2483/2596/2438
f 2485/2598/2440 2497/2611/2452 2496/2610/2451 2484/2597/2439
f 2486/2587/2441 2498/2600/2453 2497/2611/2452 2485/2598/2440
f 2487/2599/2442 2499/2612/2454 2510/2613/2465 2498/2600/2453
f 2488/2601/2443 2500/2614/2455 2499/2615/2454 2487/2602/2442
f 2489/2603/2444 2501/2616/2456 2500/2614/2455 2488/2601/2443
f 2490/2604/2445 2502/2617/2457 2501/2616/2456 2489/2603/2444
f 2491/2605/2446 2503/2618/2458 2502/2617/2457 2490/2604/2445
f 2492/2606/2447 2504/2619/2459 2503/2618/2458 2491/2605/2446
f 2493/2607/2448 2505/2620/2460 2504/2619/2459 2492/2606/2447
f 2494/2608/2449 2506/2621/2461 2505/2620/2460 2493/2607/2448
f 2495/2609/2450 2507/2622/2462 2506/2621/2461 2494/2608/2449
f 2496/2610/2451 2508/2623/2463 2507/2622/2462 2495/2609/2450
f 2497/2611/2452 2509/2624/2464 2508/2623/2463 2496/2610/2451
f 2498/2600/2453 2510/2613/2465 2509/2624/2464 2497/2611/2452
f 2499/2612/2454 2511/2625/2466 2522/2626/2477 2510/2613/2465
f 2500/2614/2455 2512/2627/2467 2511/2628/2466 2499/2615/2454
f 2501/2616/2456 2513/2629/2468 2512/2627/2467 2500/2614/2455
f 2502/2617/2457 2514/2630/2469 2513/2629/2468 2501/2616/2456
f 2503/2618/2458 2515/2631/2470 2514/2630/2469 2502/2617/2457
f 2504/2619/2459 2516/2632/2471 2515/2631/2470 2503/2618/2458
f 2505/2620/2460 2517/2633/2472 2516/2632/2471 2504/2619/2459
f 2506/2621/2461 2518/2634/2473 2517/2633/2472 2505/2620/2460
f 2507/2622/2462 2519/2635/2474 2518/2634/2473 2506/2621/2461
f 2508/2623/2463 2520/2636/2475 2519/2635/2474 2507/2622/2462
f 2509/2624/2464 2521/2637/2476 2520/2636/2475 2508/2623/2463
f 2510/2613/2465 2522/2626/2477 2521/2637/2476 2509/2624/2464
f 2511/2625/2466 2523/2638/2478 2534/2639/2489 2522/2626/2477
f 2512/2627/2467 2524/2640/2479 2523/2641/2478 2511/2628/2466
f 2513/2629/2468 2525/2642/2480 2524/2640/2479 2512/2627/2467
f 2514/2630/2469 2526/2643/2481 2525/2642/2480 2513/2629/2468
f 2515/2631/2470 2527/2644/2482 2526/2643/2481 2514/2630/2469
f 2516/2632/2471 2528/2645/2483 2527/2644/2482 2515/2631/2470
f 2517/2633/2472 2529/2646/2484 2528/2645/2483 2516/2632/2471
f 2518/2634/2473 2530/2647/2485 2529/2646/2484 2517/2633/2472
f 2519/2635/2474 2531/2648/2486 2530/2647/2485 2518/2634/2473
f 2520/2636/2475 2532/2649/2487 2531/2648/2486 2519/2635/2474
f 2521/2637/2476 2533/2650/2488 2532/2649/2487 2520/2636/2475
f 2522/2626/2477 2534/2639/2489 2533/2650/2488 2521/2637/2476
f 2523/2638/2478 2535/2651/2490 2546/2652/2501 2534/2639/2489
f 2524/2640/2479 2536/2653/2491 2535/2654/2490 2523/2641/2478
f 2525/2642/2480 2537/2655/2492 2536/2653/2491 2524/2640/2479
f 2526/2643/2481 2538/2656/2493 2537/2655/2492 2525/2642/2480
f 2527/2644/2482 2539/2657/2494 2538/2656/2493 2526/2643/2481
f 2528/2645/2483 2540/2658/2495 2539/2657/2494 2527/2644/2482
f 2529/2646/2484 2541/2659/2496 2540/2658/2495 2528/2645/2483
f 2530/2647/2485 2542/2660/2497 2541/2659/2496 2529/2646/2484
f 2531/2648/2486 2543/2661/2498 2542/2660/2497 2530/2647/2485
f 2532/2649/2487 2544/2662/2499 2543/2661/2498 2531/2648/2486
f 2533/2650/2488 2545/2663/2500 2544/2662/2499 2532/2649/2487
f 2534/2639/2489 2546/2652/2501 2545/2663/2500 2533/2650/2488
f 2535/2651/2490 2547/2664/2502 2558/2665/2513 2546/2652/2501
f 2536/2653/2491 2548/2666/2503 2547/2667/2502 2535/2654/2490
f 2537/2655/2492 2549/2668/2504 2548/2666/2503 2536/2653/2491
f 2538/2656/2493 2550/2669/2505 2549/2668/2504 2537/2655/2492
f 2539/2657/2494 2551/2670/2506 2550/2669/2505 2538/2656/2493
f 2540/2658/2495 2552/2671/2507 2551/2670/2506 2539/2657/2494
f 2541/2659/2496 2553/2672/2508 2552/2671/2507 2540/2658/2495
f 2542/2660/2497 2554/2673/2509 2553/2672/2508 2541/2659/2496
f 2543/2661/2498 2555/2674/2510 2554/2673/2509 2542/2660/2497
f 2544/2662/2499 2556/2675/2511 2555/2674/2510 2543/2661/2498
f 2545/2663/2500 2557/2676/2512 2556/2675/2511 2544/2662/2499
f 2546/2652/2501 2558/2665/2513 2557/2676/2512 2545/2663/2500
f 2547/2664/2502 2559/2677/2514 2570/2678/2525 2558/2665/2513
f 2548/2666/2503 2560/2679/2515 2559/2680/2514 2547/2667/2502
f 2549/2668/2504 2561/2681/2516 2560/2679/2515 2548/2666/2503
f 2550/2669/2505 2562/2682/2517 2561/2681/2516 2549/2668/2504
f 2551/2670/2506 2563/2683/2518 2562/2682/2517 2550/2669/2505
f 2552/2671/2507 2564/2684/2519 2563/2683/2518 2551/2670/2506
f 2553/2672/2508 2565/2685/2520 2564/2684/2519 2552/2671/2507
f 2554/2673/2509 2566/2686/2521 2565/2685/2520 2553/2672/2508
f 2555/2674/2510 2567/2687/2522 2566/2686/2521 2554/2673/2509
f 2556/2675/2511 2568/2688/2523 2567/2687/2522 2555/2674/2510
f 2557/2676/2512 2569/2689/2524 2568/2688/2523 2556/2675/2511
f 2558/2665/2513 2570/2678/2525 2569/2689/2524 2557/2676/2512
f 2559/2677/2514 2571/2690/2526 2582/2691/2537 2570/2678/2525
f 2560/2679/2515 2572/2692/2527 2571/2693/2526 2559/2680/2514
f 2561/2681/2516 2573/2694/2528 2572/2692/2527 2560/2679/2515
f 2562/2682/2517 2574/2695/2529 2573/2694/2528 2561/2681/2516
f 2563/2683/2518 2575/2696/2530 2574/2695/2529 2562/2682/2517
f 2564/2684/2519 2576/2697/2531 2575/2696/2530 2563/2683/2518
f 2565/2685/2520 2577/2698/2532 2576/2697/2531 2564/2684/2519
f 2566/2686/2521 2578/2699/2533 2577/2698/2532 2565/2685/2520
f 2567/2687/2522 2579/2700/2534 2578/2699/2533 2566/2686/2521
f 2568/2688/2523 2580/2701/2535 2579/2700/2534 2567/2687/2522
f 2569/2689/2524 2581/2702/2536 2580/2701/2535 2568/2688/2523
f 2570/2678/2525 2582/2691/2537 2581/2702/2536 2569/2689/2524
f 2571/2690/2526 2583/2703/2538 2594/2704/2549 2582/2691/2537
f 2572/2692/2527 2584/2705/2539 2583/2706/2538 2571/2693/2526
f 2573/2694/2528 2585/2707/2540 2584/2705/2539 2572/2692/2527
f 2574/2695/2529 2586/2708/2541 2585/2707/2540 2573/2694/2528
f 2575/2696/2530 2587/2709/2542 2586/2708/2541 2574/2695/2529
f 2576/2697/2531 2588/2710/2543 2587/2709/2542 2575/2696/2530
f 2577/2698/2532 2589/2711/2544 2588/2710/2543 2576/2697/2531
f 2578/2699/2533 2590/2712/2545 2589/2711/2544 2577/2698/2532
f 2579/2700/2534 2591/2713/2546 2590/2712/2545 2578/2699/2533
f 2580/2701/2535 2592/2714/2547 2591/2713/2546 2579/2700/2534
f 2581/2702/2536 2593/2715/2548 2592/2714/2547 2580/2701/2535
f 2582/2691/2537 2594/2704/2549 2593/2715/2548 2581/2702/2536
f 2583/2703/2538 2595/2716/2550 2606/2717/2561 2594/2704/2549
f 2584/2705/2539 2596/2718/2551 2595/2719/2550 2583/2706/2538
f 2585/2707/2540 2597/2720/2552 2596/2718/2551 2584/2705/2539
f 2586/2708/2541 2598/2721/2553 2597/2720/2552 2585/2707/2540
f 2587/2709/2542 2599/2722/2554 2598/2721/2553 2586/2708/2541
f 2588/2710/2543 2600/2723/2555 2599/2722/2554 2587/2709/2542
f 2589/2711/2544 2601/2724/2556 2600/2723/2555 2588/2710/2543
f 2590/2712/2545 2602/2725/2557 2601/2724/2556 2589/2711/2544
f 2591/2713/2546 2603/2726/2558 2602/2725/2557 2590/2712/2545
f 2592/2714/2547 2604/2727/2559 2603/2726/2558 2591/2713/2546
f 2593/2715/2548 2605/2728/2560 2604/2727/2559 2592/2714/2547
f 2594/2704/2549 2606/2717/2561 2605/2728/2560 2593/2715/2548
f 2595/2716/2550 2607/2729/2562 2618/2730/2573 2606/2717/2561
f 2596/2718/2551 2608/2731/2563 2607/2732/2562 2595/2719/2550
f 2597/2720/2552 2609/2733/2564 2608/2731/2563 2596/2718/2551
f 2598/2721/2553 2610/2734/2565 2609/2733/2564 2597/2720/2552
f 2599/2722/2554 2611/2735/2566 2610/2734/2565 2598/2721/2553
f 2600/2723/2555 2612/2736/2567 2611/2735/2566 2599/2722/2554
f 2601/2724/2556 2613/2737/2568 2612/2736/2567 2600/2723/2555
f 2602/2725/2557 2614/2738/2569 2613/2737/2568 2601/2724/2556
f 2603/2726/2558 2615/2739/2570 2614/2738/2569 2602/2725/2557
f 2604/2727/2559 2616/2740/2571 2615/2739/2570 2603/2726/2558
f 2605/2728/2560 2617/2741/2572 2616/2740/2571 2604/2727/2559
f 2606/2717/2561 2618/2730/2573 2617/2741/2572 2605/2728/2560
f 2607/2729/2562 2619/2742/2574 2630/2743/2585 2618/2730/2573
f 2608/2731/2563 2620/2744/2575 2619/2745/2574 2607/2732/2562
f 2609/2733/2564 2621/2746/2576 2620/2744/2575 2608/2731/2563
f 2610/2734/2565 2622/2747/2577 2621/2746/2576 2609/2733/2564
f 2611/2735/2566 2623/2748/2578 2622/2747/2577 2610/2734/2565
f 2612/2736/2567 2624/2749/2579 2623/2748/2578 2611/2735/2566
f 2613/2737/2568 2625/2750/2580 2624/2749/2579 2612/2736/2567
f 2614/2738/2569 2626/2751/2581 2625/2750/2580 2613/2737/2568
f 2615/2739/2570 2627/2752/2582 2626/2751/2581 2614/2738/2569
f 2616/2740/2571 2628/2753/2583 2627/2752/2582 2615/2739/2570
f 2617/2741/2572 2629/2754/2584 2628/2753/2583 2616/2740/2571
f 2618/2730/2573 2630/2743/2585 2629/2754/2584 2617/2741/2572
f 2619/2742/2574 2631/2755/2586 2642/2756/2597 2630/2743/2585
f 2620/2744/2575 2632/2757/2587 2631/2758/2586 2619/2745/2574
f 2621/2746/2576 2633/2759/2588 2632/2757/2587 2620/2744/2575
f 2622/2747/2577 2634/2760/2589 2633/2759/2588 2621/2746/2576
f 2623/2748/2578 2635/2761/2590 2634/2760/2589 2622/2747/2577
f 2624/2749/2579 2636/2762/2591 2635/2761/2590 2623/2748/2578
f 2625/2750/2580 2637/2763/2592 2636/2762/2591 2624/2749/2579
f 2626/2751/2581 2638/2764/2593 2637/2763/2592 2625/2750/2580
f 2627/2752/2582 2639/2765/2594 2638/2764/2593 2626/2751/2581
f 2628/2753/2583 2640/2766/2595 2639/2765/2594 2627/2752/2582
f 2629/2754/2584 2641/2767/2596 2640/2766/2595 2628/2753/2583
f 2630/2743/2585 2642/2756/2597 2641/2767/2596 2629/2754/2584
f 2631/2755/2586 2643/2768/2598 2654/2769/2609 2642/2756/2597
f 2632/2757/2587 2644/2770/2599 2643/2771/2598 2631/2758/2586
f 2633/2759/2588 2645/2772/2600 2644/2770/2599 2632/2757/2587
f 2634/2760/2589 2646/2773/2601 2645/2772/2600 2633/2759/2588
f 2635/2761/2590 2647/2774/2602 2646/2773/2601 2634/2760/2589
f 2636/2762/2591 2648/2775/2603 2647/2774/2602 2635/2761/2590
f 2637/2763/2592 2649/2776/2604 2648/2775/2603 2636/2762/2591
f 2638/2764/2593 2650/2777/2605 2649/2776/2604 2637/2763/2592
f 2639/2765/2594 2651/2778/2606 2650/2777/2605 2638/2764/2593
f 2640/2766/2595 2652/2779/2607 2651/2778/2606 2639/2765/2594
f 2641/2767/2596 2653/2780/2608 2652/2779/2607 2640/2766/2595
f 2642/2756/2597 2654/2769/2609 2653/2780/2608 2641/2767/2596
f 2643/2768/2598 2655/2781/2610 2666/2782/2621 2654/2769/2609
f 2644/2770/2599 2656/2783/2611 2655/2784/2610 2643/2771/2598
f 2645/2772/2600 2657/2785/2612 2656/2783/2611 2644/2770/2599
f 2646/2773/2601 2658/2786/2613 2657/2785/2612 2645/2772/2600
f 2647/2774/2602 2659/2787/2614 2658/2786/2613 2646/2773/2601
f 2648/2775/2603 2660/2788/2615 2659/2787/2614 2647/2774/2602
f 2649/2776/2604 2661/2789/2616 2660/2788/2615 2648/2775/2603
f 2650/2777/2605 2662/2790/2617 2661/2789/2616 2649/2776/2604
f 2651/2778/2606 2663/2791/2618 2662/2790/2617 2650/2777/2605
f 2652/2779/2607 2664/2792/2619 2663/2791/2618 2651/2778/2606
f 2653/2780/2608 2665/2793/2620 2664/2792/2619 2652/2779/2607
f 2654/2769/2609 2666/2782/2621 2665/2793/2620 2653/2780/2608
f 2655/2781/2610 2667/2794/2622 2678/2795/2633 2666/2782/2621
f 2656/2783/2611 2668/2796/2623 2667/2797/2622 2655/2784/2610
f 2657/2785/2612 2669/2798/2624 2668/2796/2623 2656/2783/2611
f 2658/2786/2613 2670/2799/2625 2669/2798/2624 2657/2785/2612
f 2659/2787/2614 2671/2800/2626 2670/2799/2625 2658/2786/2613
f 2660/2788/2615 2672/2801/2627 2671/2800/2626 2659/2787/2614
f 2661/2789/2616 2673/2802/2628 2672/2801/2627 2660/2788/2615
f 2662/2790/2617 2674/2803/2629 2673/2802/2628 2661/2789/2616
f 2663/2791/2618 2675/2804/2630 2674/2803/2629 2662/2790/2617
f 2664/2792/2619 2676/2805/2631 2675/2804/2630 2663/2791/2618
f 2665/2793/2620 2677/2806/2632 2676/2805/2631 2664/2792/2619
f 2666/2782/2621 2678/2795/2633 2677/2806/2632 2665/2793/2620
f 2667/2794/2622 2679/2807/2634 2690/2808/2645 2678/2795/2633
f 2668/2796/2623 2680/2809/2635 2679/2810/2634 2667/2797/2622
f 2669/2798/2624 2681/2811/2636 2680/2809/2635 2668/2796/2623
f 2670/2799/2625 2682/2812/2637 2681/2811/2636 2669/2798/2624
f 2671/2800/2626 2683/2813/2638 2682/2812/2637 2670/2799/2625
f 2672/2801/2627 2684/2814/2639 2683/2813/2638 2671/2800/2626
f 2673/2802/2628 2685/2815/2640 2684/2814/2639 2672/2801/2627
f 2674/2803/2629 2686/2816/2641 2685/2815/2640 2673/2802/2628
f 2675/2804/2630 2687/2817/2642 2686/2816/2641 2674/2803/2629
f 2676/2805/2631 2688/2818/2643 2687/2817/2642 2675/2804/2630
f 2677/2806/2632 2689/2819/2644 2688/2818/2643 2676/2805/2631
f 2678/2795/2633 2690/2808/2645 2689/2819/2644 2677/2806/2632
f 2679/2807/2634 2691/2820/2646 2702/2821/2657 2690/2808/2645
f 2680/2809/2635 2692/2822/2647 2691/2823/2646 2679/2810/2634
f 2681/2811/2636 2693/2824/2648 2692/2822/2647 2680/2809/2635
f 2682/2812/2637 2694/2825/2649 2693/2824/2648 2681/2811/2636
f 2683/2813/2638 2695/2826/2650 2694/2825/2649 2682/2812/2637
f 2684/2814/2639 2696/2827/2651 2695/2826/2650 2683/2813/2638
f 2685/2815/2640 2697/2828/2652 2696/2827/2651 2684/2814/2639
f 2686/2816/2641 2698/2829/2653 2697/2828/2652 2685/2815/2640
f 2687/2817/2642 2699/2830/2654 2698/2829/2653 2686/2816/2641
f 2688/2818/2643 2700/2831/2655 2699/2830/2654 2687/2817/2642
f 2689/2819/2644 2701/2832/2656 2700/2831/2655 2688/2818/2643
f 2690/2808/2645 2702/2821/2657 2701/2832/2656 2689/2819/2644
f 2691/2820/2646 2703/2833/2658 2714/2834/2669 2702/2821/2657
f 2692/2822/2647 2704/2835/2659 2703/2836/2658 2691/2823/2646
f 2693/2824/2648 2705/2837/2660 2704/2835/2659 2692/2822/2647
f 2694/2825/2649 2706/2838/2661 2705/2837/2660 2693/2824/2648
f 2695/2826/2650 2707/2839/2662 2706/2838/2661 2694/2825/2649
f 2696/2827/2651 2708/2840/2663 2707/2839/2662 2695/2826/2650
f 2697/2828/2652 2709/2841/2664 2708/2840/2663 2696/2827/2651
f 2698/2829/2653 2710/2842/2665 2709/2841/2664 2697/2828/2652
f 2699/2830/2654 2711/2843/2666 2710/2842/2665 2698/2829/2653
f 2700/2831/2655 2712/2844/2667 2711/2843/2666 2699/2830/2654
f 2701/2832/2656 2713/2845/2668 2712/2844/2667 2700/2831/2655
f 2702/2821/2657 2714/2834/2669 2713/2845/2668 2701/2832/2656
f 2703/2833/2658 2307/2846/2262 2318/2847/2273 2714/2834/2669
f 2704/2835/2659 2308/2848/2263 2307/2849/2262 2703/2836/2658
f 2705/2837/2660 2309/2850/2264 2308/2848/2263 2704/2835/2659
f 2706/2838/2661 2310/2851/2265 2309/2850/2264 2705/2837/2660
f 2707/2839/2662 2311/2852/2266 2310/2851/2265 2706/2838/2661
f 2708/2840/2663 2312/2853/2267 2311/2852/2266 2707/2839/2662
f 2709/2841/2664 2313/2854/2268 2312/2853/2267 2708/2840/2663
f 2710/2842/2665 2314/2855/2269 2313/2854/2268 2709/2841/2664
f 2711/2843/2666 2315/2856/2270 2314/2855/2269 2710/2842/2665
f 2712/2844/2667 2316/2857/2271 2315/2856/2270 2711/2843/2666
f 2713/2845/2668 2317/2858/2272 2316/2857/2271 2712/2844/2667
f 2714/2834/2669 2318/2847/2273 2317/2858/2272 2713/2845/2668
o NurbsPath
v -0.006820 0.308892 -0.180641
v -0.006491 0.309771 -0.181570
v -0.006356 0.310092 -0.182843
v -0.006451 0.309770 -0.184120
v -0.006750 0.308890 -0.185058
v -0.007175 0.307689 -0.185406
v -0.007610 0.306488 -0.185070
v -0.007939 0.305610 -0.184141
v -0.008074 0.305289 -0.182868
v -0.007979 0.305611 -0.181591
v -0.007679 0.306491 -0.180653
v -0.007255 0.307692 -0.180305
v -0.011645 0.312407 -0.180635
v -0.010894 0.312976 -0.181561
v -0.010613 0.313189 -0.182833
v -0.010877 0.312990 -0.184111
v -0.011614 0.312430 -0.185053
v -0.012627 0.311661 -0.185406
v -0.013646 0.310888 -0.185076
v -0.014396 0.310319 -0.184150
v -0.014677 0.310106 -0.182878
v -0.014414 0.310305 -0.181599
v -0.013677 0.310865 -0.180658
v -0.012663 0.311634 -0.180305
v -0.013829 0.318402 -0.180636
v -0.012922 0.318652 -0.181562
v -0.012582 0.318745 -0.182834
v -0.012902 0.318657 -0.184113
v -0.013794 0.318412 -0.185054
v -0.015021 0.318074 -0.185406
v -0.016254 0.317735 -0.185075
v -0.017161 0.317486 -0.184149
v -0.017501 0.317392 -0.182877
v -0.017182 0.317480 -0.181598
v -0.016289 0.317726 -0.180657
v -0.015062 0.318063 -0.180305
v -0.015010 0.324934 -0.180637
v -0.014078 0.325064 -0.181563
v -0.013730 0.325112 -0.182836
v -0.014059 0.325066 -0.184114
v -0.014976 0.324938 -0.185055
v -0.016237 0.324762 -0.185406
v -0.017503 0.324586 -0.185074
v -0.018434 0.324456 -0.184148
v -0.018783 0.324407 -0.182875
v -0.018454 0.324453 -0.181597
v -0.017536 0.324581 -0.180656
v -0.016276 0.324757 -0.180305
v -0.015660 0.331582 -0.180637
v -0.014722 0.331655 -0.181564
v -0.014373 0.331682 -0.182837
v -0.014704 0.331657 -0.184115
v -0.015628 0.331585 -0.185055
v -0.016897 0.331486 -0.185406
v -0.018171 0.331387 -0.185074
v -0.019109 0.331315 -0.184147
v -0.019459 0.331287 -0.182874
v -0.019127 0.331313 -0.181596
v -0.018203 0.331385 -0.180656
v -0.016934 0.331483 -0.180305
v -0.016036 0.338166 -0.180638
v -0.015097 0.338215 -0.181565
v -0.014748 0.338233 -0.182838
v -0.015080 0.338215 -0.184116
v -0.016007 0.338167 -0.185056
v -0.017278 0.338101 -0.185406
v -0.018554 0.338034 -0.185073
v -0.019492 0.337985 -0.184146
v -0.019842 0.337967 -0.182873
v -0.019510 0.337984 -0.181595
v -0.018583 0.338033 -0.180655
v -0.017312 0.338099 -0.180305
v -0.016317 0.344177 -0.180639
v -0.015380 0.344234 -0.181566
v -0.015031 0.344255 -0.182840
v -0.015364 0.344235 -0.184117
v -0.016290 0.344178 -0.185057
v -0.017561 0.344101 -0.185406
v -0.018836 0.344023 -0.185072
v -0.019774 0.343966 -0.184145
v -0.020123 0.343944 -0.182871
v -0.019790 0.343965 -0.181594
v -0.018863 0.344021 -0.180654
v -0.017592 0.344099 -0.180305
v -0.016701 0.349282 -0.180639
v -0.015769 0.349399 -0.181568
v -0.015423 0.349442 -0.182841
v -0.015755 0.349400 -0.184118
v -0.016676 0.349285 -0.185057
v -0.017940 0.349126 -0.185406
v -0.019207 0.348967 -0.185072
v -0.020139 0.348851 -0.184143
v -0.020485 0.348807 -0.182870
v -0.020153 0.348849 -0.181593
v -0.019232 0.348964 -0.180654
v -0.017968 0.349123 -0.180305
v -0.017468 0.353632 -0.180640
v -0.016557 0.353856 -0.181569
v -0.016219 0.353938 -0.182843
v -0.016544 0.353857 -0.184120
v -0.017446 0.353634 -0.185058
v -0.018682 0.353328 -0.185406
v -0.019922 0.353022 -0.185071
v -0.020833 0.352797 -0.184142
v -0.021172 0.352715 -0.182869
v -0.020846 0.352796 -0.181592
v -0.019945 0.353020 -0.180653
v -0.018708 0.353326 -0.180305
v -0.018715 0.357539 -0.180647
v -0.017822 0.357826 -0.181577
v -0.017490 0.357928 -0.182851
v -0.017807 0.357817 -0.184128
v -0.018689 0.357523 -0.185065
v -0.019899 0.357126 -0.185413
v -0.021114 0.356731 -0.185076
v -0.022006 0.356444 -0.184147
v -0.022339 0.356342 -0.182873
v -0.022021 0.356453 -0.181596
v -0.021139 0.356746 -0.180658
v -0.019929 0.357144 -0.180311
v -0.019898 0.361064 -0.180680
v -0.018975 0.361232 -0.181609
v -0.018629 0.361278 -0.182882
v -0.018953 0.361189 -0.184159
v -0.019860 0.360990 -0.185097
v -0.021108 0.360733 -0.185446
v -0.022361 0.360488 -0.185111
v -0.023285 0.360320 -0.184182
v -0.023631 0.360274 -0.182909
v -0.023307 0.360363 -0.181632
v -0.022399 0.360562 -0.180693
v -0.021152 0.360819 -0.180345
v -0.020139 0.364153 -0.180764
v -0.019205 0.363995 -0.181684
v -0.018854 0.363899 -0.182954
v -0.019182 0.363891 -0.184233
v -0.020099 0.363973 -0.185179
v -0.021361 0.364123 -0.185538
v -0.022629 0.364300 -0.185215
v -0.023563 0.364458 -0.184295
v -0.023913 0.364554 -0.183026
v -0.023586 0.364562 -0.181747
v -0.022668 0.364480 -0.180801
v -0.021407 0.364331 -0.180441
v -0.019121 0.367050 -0.180918
v -0.018271 0.366600 -0.181824
v -0.017959 0.366376 -0.183087
v -0.018267 0.366438 -0.184369
v -0.019112 0.366769 -0.185327
v -0.020269 0.367282 -0.185705
v -0.021428 0.367838 -0.185400
v -0.022277 0.368288 -0.184495
v -0.022589 0.368512 -0.183231
v -0.022281 0.368450 -0.181949
v -0.021436 0.368119 -0.180991
v -0.020279 0.367606 -0.180613
v -0.017331 0.370054 -0.181142
v -0.016515 0.369540 -0.182043
v -0.016221 0.369281 -0.183304
v -0.016528 0.369346 -0.184586
v -0.017354 0.369718 -0.185547
v -0.018477 0.370297 -0.185928
v -0.019597 0.370929 -0.185628
v -0.020414 0.371443 -0.184727
v -0.020708 0.371702 -0.183466
v -0.020401 0.371637 -0.182184
v -0.019575 0.371265 -0.181223
v -0.018451 0.370686 -0.180842
v -0.015738 0.373293 -0.181414
v -0.014872 0.372890 -0.182324
v -0.014562 0.372667 -0.183588
v -0.014892 0.372682 -0.184867
v -0.015774 0.372933 -0.185817
v -0.016971 0.373352 -0.186184
v -0.018162 0.373827 -0.185871
v -0.019029 0.374230 -0.184960
v -0.019339 0.374453 -0.183696
v -0.019009 0.374438 -0.182418
v -0.018127 0.374187 -0.181467
v -0.016930 0.373768 -0.181100
v -0.014770 0.376897 -0.181723
v -0.013867 0.376619 -0.182645
v -0.013545 0.376439 -0.183912
v -0.013890 0.376406 -0.185186
v -0.014810 0.376529 -0.186125
v -0.016059 0.376774 -0.186477
v -0.017302 0.377076 -0.186148
v -0.018205 0.377355 -0.185226
v -0.018527 0.377534 -0.183958
v -0.018182 0.377567 -0.182684
v -0.017261 0.377445 -0.181746
v -0.016013 0.377199 -0.181394
v -0.014047 0.381017 -0.182076
v -0.013144 0.380741 -0.182999
v -0.012822 0.380562 -0.184267
v -0.013168 0.380528 -0.185541
v -0.014090 0.380649 -0.186479
v -0.015339 0.380892 -0.186830
v -0.016582 0.381192 -0.186500
v -0.017485 0.381468 -0.185577
v -0.017807 0.381647 -0.184309
v -0.017461 0.381681 -0.183036
v -0.016539 0.381560 -0.182097
v -0.015290 0.381317 -0.181746
v -0.012912 0.385377 -0.182450
v -0.012059 0.384943 -0.183360
v -0.011756 0.384709 -0.184624
v -0.012083 0.384736 -0.185902
v -0.012955 0.385018 -0.186854
v -0.014136 0.385478 -0.187223
v -0.015310 0.385994 -0.186911
v -0.016164 0.386428 -0.186001
v -0.016467 0.386662 -0.184738
v -0.016139 0.386635 -0.183459
v -0.015268 0.386354 -0.182508
v -0.014087 0.385893 -0.182138
v -0.010744 0.389091 -0.182769
v -0.010071 0.388381 -0.183656
v -0.009831 0.388050 -0.184911
v -0.010089 0.388186 -0.186199
v -0.010776 0.388752 -0.187174
v -0.011708 0.389598 -0.187575
v -0.012634 0.390496 -0.187295
v -0.013308 0.391205 -0.186408
v -0.013548 0.391537 -0.185153
v -0.013290 0.391401 -0.183865
v -0.012603 0.390834 -0.182890
v -0.011671 0.389989 -0.182489
v -0.007131 0.391504 -0.182965
v -0.006762 0.390582 -0.183836
v -0.006626 0.390179 -0.185086
v -0.006759 0.390403 -0.186380
v -0.007125 0.391193 -0.187372
v -0.007627 0.392339 -0.187796
v -0.008130 0.393532 -0.187538
v -0.008498 0.394454 -0.186668
v -0.008634 0.394857 -0.185418
v -0.008501 0.394633 -0.184123
v -0.008135 0.393843 -0.183131
v -0.007633 0.392697 -0.182707
v -0.002115 0.392591 -0.183003
v -0.002008 0.391603 -0.183871
v -0.001955 0.391179 -0.185121
v -0.001971 0.391434 -0.186416
v -0.002050 0.392299 -0.187411
v -0.002172 0.393542 -0.187838
v -0.002304 0.394831 -0.187583
v -0.002411 0.395820 -0.186714
v -0.002464 0.396244 -0.185465
v -0.002449 0.395989 -0.184169
v -0.002369 0.395124 -0.183175
v -0.002247 0.393880 -0.182748
v 0.003475 0.392511 -0.182873
v 0.003341 0.391531 -0.183747
v 0.003315 0.391111 -0.184999
v 0.003404 0.391362 -0.186292
v 0.003584 0.392219 -0.187280
v 0.003808 0.393452 -0.187699
v 0.004014 0.394729 -0.187436
v 0.004148 0.395709 -0.186561
v 0.004174 0.396130 -0.185310
v 0.004085 0.395878 -0.184017
v 0.003905 0.395021 -0.183028
v 0.003681 0.393789 -0.182610
v 0.008564 0.390857 -0.182621
v 0.008067 0.390020 -0.183513
v 0.007903 0.389654 -0.184772
v 0.008115 0.389859 -0.186059
v 0.008647 0.390578 -0.187030
v 0.009357 0.391619 -0.187425
v 0.010054 0.392703 -0.187138
v 0.010551 0.393540 -0.186246
v 0.010715 0.393905 -0.184988
v 0.010502 0.393701 -0.183700
v 0.009970 0.392982 -0.182729
v 0.009260 0.391941 -0.182334
v 0.012513 0.386382 -0.182316
v 0.011705 0.385878 -0.183232
v 0.011415 0.385649 -0.184499
v 0.011720 0.385755 -0.185779
v 0.012539 0.386167 -0.186729
v 0.013653 0.386775 -0.187094
v 0.014762 0.387417 -0.186777
v 0.015570 0.387920 -0.185862
v 0.015860 0.388150 -0.184594
v 0.015555 0.388044 -0.183314
v 0.014736 0.387632 -0.182364
v 0.013622 0.387023 -0.181999
v 0.015058 0.378114 -0.181993
v 0.014145 0.377891 -0.182921
v 0.013812 0.377776 -0.184194
v 0.014149 0.377801 -0.185470
v 0.015064 0.377959 -0.186409
v 0.016313 0.378207 -0.186758
v 0.017561 0.378480 -0.186423
v 0.018474 0.378703 -0.185496
v 0.018806 0.378817 -0.184223
v 0.018470 0.378792 -0.182946
v 0.017555 0.378634 -0.182008
v 0.016306 0.378386 -0.181659
v 0.016294 0.366905 -0.181641
v 0.015364 0.366806 -0.182573
v 0.015025 0.366739 -0.183848
v 0.015368 0.366723 -0.185123
v 0.016301 0.366761 -0.186057
v 0.017573 0.366844 -0.186399
v 0.018845 0.366949 -0.186059
v 0.019774 0.367048 -0.185126
v 0.020113 0.367115 -0.183852
v 0.019770 0.367131 -0.182577
v 0.018838 0.367093 -0.181643
v 0.017565 0.367010 -0.181300
v 0.016742 0.354746 -0.181231
v 0.015810 0.354695 -0.182165
v 0.015472 0.354643 -0.183440
v 0.015816 0.354605 -0.184714
v 0.016752 0.354590 -0.185646
v 0.018028 0.354602 -0.185985
v 0.019302 0.354638 -0.185642
v 0.020233 0.354689 -0.184707
v 0.020572 0.354741 -0.183432
v 0.020228 0.354779 -0.182158
v 0.019292 0.354794 -0.181227
v 0.018016 0.354782 -0.180887
v 0.016752 0.343139 -0.180801
v 0.015821 0.343123 -0.181738
v 0.015483 0.343084 -0.183013
v 0.015828 0.343033 -0.184287
v 0.016764 0.342984 -0.185217
v 0.018040 0.342949 -0.185554
v 0.019315 0.342938 -0.185208
v 0.020246 0.342955 -0.184272
v 0.020584 0.342993 -0.182996
v 0.020239 0.343044 -0.181723
v 0.019303 0.343094 -0.180793
v 0.018026 0.343129 -0.180455
v 0.016373 0.332881 -0.180460
v 0.015445 0.332916 -0.181399
v 0.015108 0.332904 -0.182675
v 0.015454 0.332845 -0.183949
v 0.016389 0.332758 -0.184877
v 0.017663 0.332664 -0.185212
v 0.018934 0.332589 -0.184863
v 0.019862 0.332553 -0.183925
v 0.020199 0.332566 -0.182648
v 0.019853 0.332624 -0.181375
v 0.018918 0.332712 -0.180447
v 0.017644 0.332806 -0.180112
v 0.015552 0.324349 -0.180274
v 0.014633 0.324468 -0.181215
v 0.014302 0.324496 -0.182493
v 0.014646 0.324426 -0.183765
v 0.015575 0.324277 -0.184692
v 0.016839 0.324089 -0.185024
v 0.018100 0.323912 -0.184673
v 0.019019 0.323793 -0.183732
v 0.019350 0.323765 -0.182454
v 0.019005 0.323835 -0.181181
v 0.018076 0.323984 -0.180255
v 0.016812 0.324172 -0.179923
v 0.014255 0.317669 -0.180214
v 0.013363 0.317912 -0.181156
v 0.013043 0.317994 -0.182435
v 0.013382 0.317892 -0.183707
v 0.014289 0.317635 -0.184632
v 0.015520 0.317290 -0.184961
v 0.016746 0.316950 -0.184608
v 0.017638 0.316707 -0.183665
v 0.017958 0.316625 -0.182387
v 0.017619 0.316727 -0.181115
v 0.016712 0.316985 -0.180190
v 0.015481 0.317329 -0.179860
v 0.012478 0.312803 -0.180205
v 0.011661 0.313234 -0.181149
v 0.011370 0.313386 -0.182428
v 0.011684 0.313219 -0.183700
v 0.012518 0.312778 -0.184623
v 0.013649 0.312181 -0.184951
v 0.014774 0.311587 -0.184596
v 0.015591 0.311157 -0.183653
v 0.015882 0.311005 -0.182374
v 0.015568 0.311172 -0.181102
v 0.014734 0.311613 -0.180178
v 0.013603 0.312210 -0.179850
v 0.010316 0.309708 -0.180205
v 0.009750 0.310439 -0.181148
v 0.009553 0.310702 -0.182427
v 0.009778 0.310428 -0.183699
v 0.010364 0.309689 -0.184623
v 0.011155 0.308684 -0.184952
v 0.011938 0.307682 -0.184597
v 0.012504 0.306952 -0.183654
v 0.012701 0.306688 -0.182375
v 0.012477 0.306963 -0.181103
v 0.011890 0.307701 -0.180179
v 0.011100 0.308706 -0.179850
v 0.006364 0.308155 -0.180251
v 0.006234 0.309076 -0.181188
v 0.006206 0.309413 -0.182465
v 0.006287 0.309075 -0.183739
v 0.006456 0.308153 -0.184669
v 0.006668 0.306894 -0.185005
v 0.006865 0.305635 -0.184659
v 0.006995 0.304714 -0.183722
v 0.007024 0.304377 -0.182445
v 0.006942 0.304715 -0.181171
v 0.006773 0.305637 -0.180242
v 0.006562 0.306896 -0.179905
vn 0.1414 0.4344 0.8895
vn 0.2782 0.8039 0.5257
vn 0.3350 0.9422 0.0023
vn 0.2939 0.8021 -0.5198
vn 0.1695 0.4351 -0.8843
vn 0.0005 -0.0423 -0.9991
vn -0.1661 -0.4992 -0.8504
vn -0.2885 -0.8237 -0.4882
vn -0.3383 -0.9410 -0.0068
vn -0.3045 -0.8252 0.4758
vn -0.1944 -0.5025 0.8424
vn -0.0325 -0.0459 0.9984
vn 0.3600 0.2718 0.8925
vn 0.6768 0.5070 0.5338
vn 0.8011 0.5985 0.0094
vn 0.6839 0.5131 -0.5187
vn 0.3712 0.2807 -0.8851
vn -0.0314 -0.0248 -0.9992
vn -0.4155 -0.3194 -0.8517
vn -0.6908 -0.5307 -0.4910
vn -0.7932 -0.6089 -0.0085
vn -0.6975 -0.5352 0.4765
vn -0.4265 -0.3269 0.8434
vn -0.0438 -0.0337 0.9985
vn 0.4683 0.1268 0.8744
vn 0.8311 0.2223 0.5098
vn 0.9663 0.2572 0.0083
vn 0.8391 0.2244 -0.4955
vn 0.4824 0.1305 -0.8662
vn -0.0060 -0.0022 -1.0000
vn -0.4880 -0.1367 -0.8621
vn -0.8348 -0.2349 -0.4979
vn -0.9625 -0.2713 -0.0081
vn -0.8425 -0.2371 0.4838
vn -0.5016 -0.1405 0.8536
vn -0.0220 -0.0066 0.9997
vn 0.4837 0.0673 0.8726
vn 0.8523 0.1184 0.5094
vn 0.9905 0.1375 0.0078
vn 0.8601 0.1195 -0.4960
vn 0.4971 0.0692 -0.8649
vn 0.0010 0.0001 -1.0000
vn -0.4938 -0.0691 -0.8668
vn -0.8556 -0.1199 -0.5035
vn -0.9903 -0.1388 -0.0077
vn -0.8632 -0.1210 0.4902
vn -0.5069 -0.0710 0.8591
vn -0.0143 -0.0021 0.9999
vn 0.4898 0.0380 0.8710
vn 0.8590 0.0666 0.5076
vn 0.9970 0.0773 0.0072
vn 0.8662 0.0672 -0.4951
vn 0.5023 0.0390 -0.8638
vn 0.0039 0.0003 -1.0000
vn -0.4948 -0.0385 -0.8682
vn -0.8607 -0.0669 -0.5047
vn -0.9970 -0.0776 -0.0072
vn -0.8678 -0.0675 0.4923
vn -0.5072 -0.0394 0.8609
vn -0.0105 -0.0008 0.9999
vn 0.4929 0.0257 0.8697
vn 0.8613 0.0449 0.5061
vn 0.9986 0.0521 0.0067
vn 0.8680 0.0453 -0.4945
vn 0.5045 0.0263 -0.8630
vn 0.0058 0.0003 -1.0000
vn -0.4942 -0.0258 -0.8690
vn -0.8617 -0.0450 -0.5054
vn -0.9986 -0.0521 -0.0067
vn -0.8684 -0.0453 0.4938
vn -0.5058 -0.0264 0.8623
vn -0.0075 -0.0004 1.0000
vn 0.4956 0.0303 0.8680
vn 0.8619 0.0528 0.5042
vn 0.9981 0.0612 0.0062
vn 0.8681 0.0532 -0.4936
vn 0.5062 0.0310 -0.8619
vn 0.0085 0.0005 -1.0000
vn -0.4921 -0.0299 -0.8700
vn -0.8608 -0.0523 -0.5062
vn -0.9981 -0.0606 -0.0062
vn -0.8670 -0.0527 0.4955
vn -0.5028 -0.0306 0.8639
vn -0.0039 -0.0002 1.0000
vn 0.4973 0.0626 0.8653
vn 0.8585 0.1081 0.5014
vn 0.9921 0.1250 0.0056
vn 0.8640 0.1088 -0.4916
vn 0.5070 0.0637 -0.8596
vn 0.0137 0.0017 -0.9999
vn -0.4851 -0.0607 -0.8724
vn -0.8544 -0.1067 -0.5085
vn -0.9923 -0.1238 -0.0057
vn -0.8601 -0.1074 0.4987
vn -0.4949 -0.0619 0.8668
vn 0.0025 0.0004 1.0000
vn 0.4887 0.1213 0.8640
vn 0.8407 0.2078 0.5000
vn 0.9709 0.2395 0.0051
vn 0.8458 0.2082 -0.4911
vn 0.4976 0.1221 -0.8588
vn 0.0159 0.0031 -0.9999
vn -0.4724 -0.1175 -0.8735
vn -0.8352 -0.2070 -0.5095
vn -0.9707 -0.2402 -0.0050
vn -0.8403 -0.2075 0.5009
vn -0.4813 -0.1183 0.8685
vn 0.0057 0.0022 1.0000
vn 0.4716 0.1593 0.8673
vn 0.8205 0.2723 0.5026
vn 0.9499 0.3126 0.0047
vn 0.8265 0.2693 -0.4944
vn 0.4820 0.1537 -0.8626
vn 0.0068 -0.0030 -1.0000
vn -0.4708 -0.1583 -0.8679
vn -0.8212 -0.2701 -0.5027
vn -0.9509 -0.3093 -0.0036
vn -0.8264 -0.2661 0.4962
vn -0.4804 -0.1517 0.8638
vn -0.0049 0.0039 1.0000
vn 0.4669 0.1114 0.8773
vn 0.8382 0.1831 0.5138
vn 0.9788 0.2049 0.0067
vn 0.8482 0.1675 -0.5025
vn 0.4834 0.0834 -0.8714
vn -0.0114 -0.0203 -0.9997
vn -0.4990 -0.1140 -0.8591
vn -0.8514 -0.1754 -0.4943
vn -0.9816 -0.1910 -0.0037
vn -0.8587 -0.1582 0.4875
vn -0.5126 -0.0844 0.8544
vn -0.0289 0.0132 0.9995
vn 0.4582 -0.0246 0.8885
vn 0.8418 -0.0891 0.5324
vn 0.9914 -0.1293 0.0174
vn 0.8536 -0.1318 -0.5040
vn 0.4755 -0.0967 -0.8744
vn -0.0245 -0.0364 -0.9990
vn -0.5107 0.0320 -0.8592
vn -0.8618 0.0916 -0.4990
vn -0.9918 0.1276 -0.0124
vn -0.8689 0.1311 0.4773
vn -0.5238 0.1012 0.8458
vn -0.0414 0.0448 0.9981
vn 0.4405 -0.1503 0.8851
vn 0.7790 -0.3338 0.5308
vn 0.9041 -0.4263 0.0304
vn 0.7816 -0.3998 -0.4788
vn 0.4447 -0.2628 -0.8562
vn -0.0134 -0.0571 -0.9983
vn -0.4656 0.1591 -0.8705
vn -0.7917 0.3298 -0.5143
vn -0.9100 0.4137 -0.0264
vn -0.7925 0.3912 0.4678
vn -0.4679 0.2670 0.8425
vn -0.0173 0.0701 0.9974
vn 0.4488 -0.1741 0.8765
vn 0.7658 -0.3742 0.5230
vn 0.8795 -0.4749 0.0323
vn 0.7611 -0.4503 -0.4669
vn 0.4406 -0.3061 -0.8439
vn 0.0007 -0.0792 -0.9969
vn -0.4409 0.1697 -0.8814
vn -0.7635 0.3728 -0.5273
vn -0.8795 0.4749 -0.0309
vn -0.7579 0.4486 0.4736
vn -0.4318 0.3013 0.8502
vn 0.0105 0.0731 0.9973
vn 0.4855 -0.1090 0.8674
vn 0.8181 -0.2642 0.5107
vn 0.9365 -0.3501 0.0213
vn 0.8104 -0.3447 -0.4737
vn 0.4719 -0.2490 -0.8458
vn 0.0071 -0.0871 -0.9962
vn -0.4629 0.0994 -0.8808
vn -0.8107 0.2604 -0.5243
vn -0.9364 0.3504 -0.0208
vn -0.8023 0.3431 0.4884
vn -0.4487 0.2417 0.8604
vn 0.0232 0.0758 0.9969
vn 0.5017 -0.0371 0.8643
vn 0.8520 -0.1459 0.5028
vn 0.9764 -0.2158 0.0092
vn 0.8430 -0.2286 -0.4869
vn 0.4860 -0.1808 -0.8551
vn -0.0022 -0.0849 -0.9964
vn -0.4915 0.0335 -0.8702
vn -0.8491 0.1426 -0.5086
vn -0.9770 0.2133 -0.0088
vn -0.8399 0.2264 0.4933
vn -0.4756 0.1783 0.8614
vn 0.0161 0.0817 0.9965
vn 0.4929 -0.0325 0.8695
vn 0.8502 -0.1405 0.5073
vn 0.9776 -0.2105 0.0081
vn 0.8405 -0.2241 -0.4933
vn 0.4761 -0.1772 -0.8614
vn -0.0163 -0.0816 -0.9965
vn -0.5024 0.0365 -0.8638
vn -0.8527 0.1449 -0.5019
vn -0.9767 0.2147 -0.0086
vn -0.8432 0.2275 0.4871
vn -0.4859 0.1801 0.8553
vn 0.0030 0.0848 0.9964
vn 0.4556 -0.1124 0.8830
vn 0.8018 -0.2834 0.5261
vn 0.9262 -0.3764 0.0216
vn 0.7918 -0.3663 -0.4887
vn 0.4385 -0.2548 -0.8618
vn -0.0304 -0.0721 -0.9969
vn -0.4849 0.1304 -0.8648
vn -0.8080 0.2979 -0.5083
vn -0.9215 0.3876 -0.0231
vn -0.7989 0.3775 0.4682
vn -0.4688 0.2695 0.8412
vn -0.0111 0.0903 0.9958
vn 0.3485 -0.2526 0.9026
vn 0.6278 -0.5432 0.5575
vn 0.7302 -0.6816 0.0464
vn 0.6197 -0.6225 -0.4780
vn 0.3354 -0.3877 -0.8586
vn -0.0336 -0.0514 -0.9981
vn -0.3874 0.2937 -0.8739
vn -0.6386 0.5607 -0.5271
vn -0.7273 0.6847 -0.0479
vn -0.6321 0.6355 0.4434
vn -0.3758 0.4243 0.8238
vn -0.0195 0.1017 0.9946
vn 0.1855 -0.3753 0.9082
vn 0.3341 -0.7523 0.5679
vn 0.3891 -0.9190 0.0639
vn 0.3349 -0.8235 -0.4579
vn 0.1873 -0.4981 -0.8467
vn -0.0112 -0.0421 -0.9991
vn -0.2057 0.4178 -0.8849
vn -0.3457 0.7648 -0.5437
vn -0.3969 0.9155 -0.0659
vn -0.3472 0.8341 0.4287
vn -0.2082 0.5385 0.8165
vn -0.0137 0.0986 0.9950
vn 0.0353 -0.4260 0.9040
vn 0.0773 -0.8229 0.5629
vn 0.0982 -0.9930 0.0663
vn 0.0924 -0.8891 -0.4484
vn 0.0611 -0.5409 -0.8389
vn 0.0127 -0.0473 -0.9988
vn -0.0393 0.4543 -0.8900
vn -0.0806 0.8318 -0.5491
vn -0.1009 0.9925 -0.0687
vn -0.0951 0.8980 0.4296
vn -0.0645 0.5692 0.8197
vn -0.0168 0.0855 0.9962
vn -0.1017 -0.4171 0.9032
vn -0.1531 -0.8141 0.5601
vn -0.1617 -0.9850 0.0606
vn -0.1273 -0.8811 -0.4555
vn -0.0580 -0.5330 -0.8441
vn 0.0292 -0.0418 -0.9987
vn 0.1103 0.4544 -0.8840
vn 0.1626 0.8257 -0.5402
vn 0.1730 0.9830 -0.0611
vn 0.1390 0.8904 0.4334
vn 0.0687 0.5679 0.8202
vn -0.0199 0.0911 0.9956
vn -0.2714 -0.3294 0.9044
vn -0.4777 -0.6771 0.5597
vn -0.5488 -0.8348 0.0444
vn -0.4582 -0.7448 -0.4850
vn -0.2378 -0.4422 -0.8648
vn 0.0429 -0.0270 -0.9987
vn 0.3082 0.3866 -0.8692
vn 0.4928 0.6976 -0.5200
vn 0.5529 0.8322 -0.0411
vn 0.4741 0.7579 0.4482
vn 0.2755 0.4922 0.8257
vn 0.0047 0.0983 0.9951
vn -0.4169 -0.1879 0.8893
vn -0.7505 -0.3914 0.5326
vn -0.8740 -0.4855 0.0203
vn -0.7459 -0.4420 -0.4983
vn -0.4074 -0.2739 -0.8712
vn 0.0365 -0.0310 -0.9989
vn 0.4623 0.2179 -0.8595
vn 0.7634 0.4081 -0.5006
vn 0.8694 0.4938 -0.0173
vn 0.7563 0.4548 0.4703
vn 0.4503 0.2999 0.8410
vn 0.0238 0.0658 0.9975
vn -0.4801 -0.0687 0.8745
vn -0.8456 -0.1563 0.5105
vn -0.9795 -0.2012 0.0061
vn -0.8446 -0.1916 -0.4999
vn -0.4783 -0.1297 -0.8685
vn 0.0166 -0.0317 -0.9994
vn 0.5032 0.0755 -0.8609
vn 0.8527 0.1624 -0.4964
vn 0.9784 0.2066 -0.0051
vn 0.8507 0.1970 0.4873
vn 0.5004 0.1358 0.8551
vn 0.0141 0.0385 0.9992
vn -0.4958 -0.0081 0.8684
vn -0.8632 -0.0470 0.5026
vn -0.9973 -0.0731 0.0006
vn -0.8615 -0.0796 -0.5015
vn -0.4930 -0.0646 -0.8676
vn 0.0075 -0.0321 -0.9995
vn 0.5046 0.0092 -0.8633
vn 0.8660 0.0480 -0.4977
vn 0.9973 0.0740 -0.0010
vn 0.8646 0.0804 0.4960
vn 0.5022 0.0654 0.8623
vn 0.0045 0.0330 0.9994
vn -0.4998 0.0212 0.8659
vn -0.8664 0.0013 0.4994
vn -0.9998 -0.0190 -0.0018
vn -0.8639 -0.0342 -0.5025
vn -0.4957 -0.0401 -0.8676
vn 0.0052 -0.0353 -0.9994
vn 0.5040 -0.0210 -0.8635
vn 0.8676 -0.0011 -0.4972
vn 0.9998 0.0191 0.0013
vn 0.8656 0.0342 0.4995
vn 0.5004 0.0402 0.8649
vn 0.0008 0.0354 0.9994
vn -0.4998 0.0394 0.8652
vn -0.8664 0.0331 0.4983
vn -0.9998 0.0178 -0.0031
vn -0.8639 -0.0022 -0.5037
vn -0.4954 -0.0217 -0.8684
vn 0.0058 -0.0353 -0.9994
vn 0.5048 -0.0394 -0.8624
vn 0.8682 -0.0330 -0.4952
vn 0.9998 -0.0178 0.0037
vn 0.8652 0.0021 0.5015
vn 0.4998 0.0215 0.8659
vn 0.0004 0.0351 0.9994
vn -0.4980 0.0570 0.8653
vn -0.8643 0.0711 0.4979
vn -0.9978 0.0661 -0.0045
vn -0.8615 0.0432 -0.5059
vn -0.4926 0.0087 -0.8702
vn 0.0084 -0.0282 -0.9996
vn 0.5061 -0.0574 -0.8606
vn 0.8675 -0.0713 -0.4923
vn 0.9978 -0.0663 0.0063
vn 0.8632 -0.0436 0.5031
vn 0.4991 -0.0093 0.8665
vn 0.0013 0.0275 0.9996
vn -0.4933 0.0849 0.8657
vn -0.8575 0.1317 0.4974
vn -0.9897 0.1429 -0.0066
vn -0.8530 0.1153 -0.5091
vn -0.4848 0.0565 -0.8728
vn 0.0132 -0.0175 -0.9998
vn 0.5058 -0.0868 -0.8583
vn 0.8621 -0.1329 -0.4891
vn 0.9896 -0.1437 0.0086
vn 0.8560 -0.1165 0.5038
vn 0.4957 -0.0585 0.8665
vn 0.0025 0.0152 0.9999
vn -0.4790 0.1378 0.8669
vn -0.8353 0.2341 0.4975
vn -0.9638 0.2665 -0.0089
vn -0.8280 0.2263 -0.5131
vn -0.4661 0.1244 -0.8760
vn 0.0203 -0.0114 -0.9997
vn 0.4980 -0.1441 -0.8551
vn 0.8411 -0.2383 -0.4855
vn 0.9629 -0.2697 0.0099
vn 0.8333 -0.2304 0.5026
vn 0.4844 -0.1305 0.8650
vn 0.0049 0.0042 1.0000
vn -0.4389 0.2294 0.8687
vn -0.7714 0.3973 0.4972
vn -0.8903 0.4553 -0.0108
vn -0.7623 0.3912 -0.5156
vn -0.4236 0.2193 -0.8789
vn 0.0280 -0.0167 -0.9995
vn 0.4646 -0.2497 -0.8496
vn 0.7728 -0.4159 -0.4793
vn 0.8805 -0.4739 0.0106
vn 0.7641 -0.4104 0.4978
vn 0.4494 -0.2401 0.8604
vn 0.0105 -0.0053 0.9999
vn -0.2925 0.3631 0.8846
vn -0.5328 0.6680 0.5195
vn -0.6220 0.7830 -0.0095
vn -0.5222 0.6635 -0.5358
vn -0.2739 0.3556 -0.8936
vn 0.0393 -0.0411 -0.9984
vn 0.3347 -0.4212 -0.8430
vn 0.5427 -0.6922 -0.4757
vn 0.6142 -0.7891 0.0104
vn 0.5318 -0.6880 0.4938
vn 0.3159 -0.4139 0.8538
vn 0.0176 -0.0327 0.9993
vn -0.0937 0.4706 0.8774
vn -0.1456 0.8480 0.5096
vn -0.1564 0.9877 -0.0024
vn -0.1242 0.8482 -0.5148
vn -0.0570 0.4685 -0.8816
vn 0.0268 -0.0378 -0.9989
vn 0.1032 -0.5239 -0.8455
vn 0.1520 -0.8653 -0.4776
vn 0.1622 -0.9867 0.0052
vn 0.1319 -0.8634 0.4870
vn 0.0678 -0.5200 0.8515
vn -0.0149 -0.0335 0.9993
vt 0.000000 1.000000
vt 0.029412 1.000000
vt 0.029412 0.916667
vt 0.000000 0.916667
vt 0.000000 0.083333
vt 0.029412 0.083333
vt 0.029412 0.000000
vt 0.000000 0.000000
vt 0.000000 0.166667
vt 0.029412 0.166667
vt 0.000000 0.250000
vt 0.029412 0.250000
vt 0.000000 0.333333
vt 0.029412 0.333333
vt 0.000000 0.416667
vt 0.029412 0.416667
vt 0.000000 0.500000
vt 0.029412 0.500000
vt 0.000000 0.583333
vt 0.029412 0.583333
vt 0.000000 0.666667
vt 0.029412 0.666667
vt 0.000000 0.750000
vt 0.029412 0.750000
vt 0.000000 0.833333
vt 0.029412 0.833333
vt 0.058824 1.000000
vt 0.058824 0.916667
vt 0.058824 0.083333
vt 0.058824 0.000000
vt 0.058824 0.166667
vt 0.058824 0.250000
vt 0.058824 0.333333
vt 0.058824 0.416667
vt 0.058824 0.500000
vt 0.058824 0.583333
vt 0.058824 0.666667
vt 0.058824 0.750000
vt 0.058824 0.833333
vt 0.088235 1.000000
vt 0.088235 0.916667
vt 0.088235 0.083333
vt 0.088235 0.000000
vt 0.088235 0.166667
vt 0.088235 0.250000
vt 0.088235 0.333333
vt 0.088235 0.416667
vt 0.088235 0.500000
vt 0.088235 0.583333
vt 0.088235 0.666667
vt 0.088235 0.750000
vt 0.088235 0.833333
vt 0.117647 1.000000
vt 0.117647 0.916667
vt 0.117647 0.083333
vt 0.117647 0.000000
vt 0.117647 0.166667
vt 0.117647 0.250000
vt 0.117647 0.333333
vt 0.117647 0.416667
vt 0.117647 0.500000
vt 0.117647 0.583333
vt 0.117647 0.666667
vt 0.117647 0.750000
vt 0.117647 0.833333
vt 0.147059 1.000000
vt 0.147059 0.916667
vt 0.147059 0.083333
vt 0.147059 0.000000
vt 0.147059 0.166667
vt 0.147059 0.250000
vt 0.147059 0.333333
vt 0.147059 0.416667
vt 0.147059 0.500000
vt 0.147059 0.583333
vt 0.147059 0.666667
vt 0.147059 0.750000
vt 0.147059 0.833333
vt 0.176471 1.000000
vt 0.176471 0.916667
vt 0.176471 0.083333
vt 0.176471 0.000000
vt 0.176471 0.166667
vt 0.176471 0.250000
vt 0.176471 0.333333
vt 0.176471 0.416667
vt 0.176471 0.500000
vt 0.176471 0.583333
vt 0.176471 0.666667
vt 0.176471 0.750000
vt 0.176471 0.833333
vt 0.205882 1.000000
vt 0.205882 0.916667
vt 0.205882 0.083333
vt 0.205882 0.000000
vt 0.205882 0.166667
vt 0.205882 0.250000
vt 0.205882 0.333333
vt 0.205882 0.416667
vt 0.205882 0.500000
vt 0.205882 0.583333
vt 0.205882 0.666667
vt 0.205882 0.750000
vt 0.205882 0.833333
vt 0.235294 1.000000
vt 0.235294 0.916667
vt 0.235294 0.083333
vt 0.235294 0.000000
vt 0.235294 0.166667
vt 0.235294 0.250000
vt 0.235294 0.333333
vt 0.235294 0.416667
vt 0.235294 0.500000
vt 0.235294 0.583333
vt 0.235294 0.666667
vt 0.235294 0.750000
vt 0.235294 0.833333
vt 0.264706 1.000000
vt 0.264706 0.916667
vt 0.264706 0.083333
vt 0.264706 0.000000
vt 0.264706 0.166667
vt 0.264706 0.250000
vt 0.264706 0.333333
vt 0.264706 0.416667
vt 0.264706 0.500000
vt 0.264706 0.583333
vt 0.264706 0.666667
vt 0.264706 0.750000
vt 0.264706 0.833333
vt 0.294118 1.000000
vt 0.294118 0.916667
vt 0.294118 0.083333
vt 0.294118 0.000000
vt 0.294118 0.166667
vt 0.294118 0.250000
vt 0.294118 0.333333
vt 0.294118 0.416667
vt 0.294118 0.500000
vt 0.294118 0.583333
vt 0.294118 0.666667
vt 0.294118 0.750000
vt 0.294118 0.833333
vt 0.323529 1.000000
vt 0.323529 0.916667
vt 0.323529 0.083333
vt 0.323529 0.000000
vt 0.323529 0.166667
vt 0.323529 0.250000
vt 0.323529 0.333333
vt 0.323529 0.416667
vt 0.323529 0.500000
vt 0.323529 0.583333
vt 0.323529 0.666667
vt 0.323529 0.750000
vt 0.323529 0.833333
vt 0.352941 1.000000
vt 0.352941 0.916667
vt 0.352941 0.083333
vt 0.352941 0.000000
vt 0.352941 0.166667
vt 0.352941 0.250000
vt 0.352941 0.333333
vt 0.352941 0.416667
vt 0.352941 0.500000
vt 0.352941 0.583333
vt 0.352941 0.666667
vt 0.352941 0.750000
vt 0.352941 0.833333
vt 0.382353 1.000000
vt 0.382353 0.916667
vt 0.382353 0.083333
vt 0.382353 0.000000
vt 0.382353 0.166667
vt 0.382353 0.250000
vt 0.382353 0.333333
vt 0.382353 0.416667
vt 0.382353 0.500000
vt 0.382353 0.583333
vt 0.382353 0.666667
vt 0.382353 0.750000
vt 0.382353 0.833333
vt 0.411765 1.000000
vt 0.411765 0.916667
vt 0.411765 0.083333
vt 0.411765 0.000000
vt 0.411765 0.166667
vt 0.411765 0.250000
vt 0.411765 0.333333
vt 0.411765 0.416667
vt 0.411765 0.500000
vt 0.411765 0.583333
vt 0.411765 0.666667
vt 0.411765 0.750000
vt 0.411765 0.833333
vt 0.441176 1.000000
vt 0.441176 0.916667
vt 0.441176 0.083333
vt 0.441176 0.000000
vt 0.441176 0.166667
vt 0.441176 0.250000
vt 0.441176 0.333333
vt 0.441176 0.416667
vt 0.441176 0.500000
vt 0.441176 0.583333
vt 0.441176 0.666667
vt 0.441176 0.750000
vt 0.441176 0.833333
vt 0.470588 1.000000
vt 0.470588 0.916667
vt 0.470588 0.083333
vt 0.470588 0.000000
vt 0.470588 0.166667
vt 0.470588 0.250000
vt 0.470588 0.333333
vt 0.470588 0.416667
vt 0.470588 0.500000
vt 0.470588 0.583333
vt 0.470588 0.666667
vt 0.470588 0.750000
vt 0.470588 0.833333
vt 0.500000 1.000000
vt 0.500000 0.916667
vt 0.500000 0.083333
vt 0.500000 0.000000
vt 0.500000 0.166667
vt 0.500000 0.250000
vt 0.500000 0.333333
vt 0.500000 0.416667
vt 0.500000 0.500000
vt 0.500000 0.583333
vt 0.500000 0.666667
vt 0.500000 0.750000
vt 0.500000 0.833333
vt 0.529412 1.000000
vt 0.529412 0.916667
vt 0.529412 0.083333
vt 0.529412 0.000000
vt 0.529412 0.166667
vt 0.529412 0.250000
vt 0.529412 0.333333
vt 0.529412 0.416667
vt 0.529412 0.500000
vt 0.529412 0.583333
vt 0.529412 0.666667
vt 0.529412 0.750000
vt 0.529412 0.833333
vt 0.558824 1.000000
vt 0.558824 0.916667
vt 0.558824 0.083333
vt 0.558824 0.000000
vt 0.558824 0.166667
vt 0.558824 0.250000
vt 0.558824 0.333333
vt 0.558824 0.416667
vt 0.558824 0.500000
vt 0.558824 0.583333
vt 0.558824 0.666667
vt 0.558824 0.750000
vt 0.558824 0.833333
vt 0.588235 1.000000
vt 0.588235 0.916667
vt 0.588235 0.083333
vt 0.588235 0.000000
vt 0.588235 0.166667
vt 0.588235 0.250000
vt 0.588235 0.333333
vt 0.588235 0.416667
vt 0.588235 0.500000
vt 0.588235 0.583333
vt 0.588235 0.666667
vt 0.588235 0.750000
vt 0.588235 0.833333
vt 0.617647 1.000000
vt 0.617647 0.916667
vt 0.617647 0.083333
vt 0.617647 0.000000
vt 0.617647 0.166667
vt 0.617647 0.250000
vt 0.617647 0.333333
vt 0.617647 0.416667
vt 0.617647 0.500000
vt 0.617647 0.583333
vt 0.617647 0.666667
vt 0.617647 0.750000
vt 0.617647 0.833333
vt 0.647059 1.000000
vt 0.647059 0.916667
vt 0.647059 0.083333
vt 0.647059 0.000000
vt 0.647059 0.166667
vt 0.647059 0.250000
vt 0.647059 0.333333
vt 0.647059 0.416667
vt 0.647059 0.500000
vt 0.647059 0.583333
vt 0.647059 0.666667
vt 0.647059 0.750000
vt 0.647059 0.833333
vt 0.676471 1.000000
vt 0.676471 0.916667
vt 0.676471 0.083333
vt 0.676471 0.000000
vt 0.676471 0.166667
vt 0.676471 0.250000
vt 0.676471 0.333333
vt 0.676471 0.416667
vt 0.676471 0.500000
vt 0.676471 0.583333
vt 0.676471 0.666667
vt 0.676471 0.750000
vt 0.676471 0.833333
vt 0.705882 1.000000
vt 0.705882 0.916667
vt 0.705882 0.083333
vt 0.705882 0.000000
vt 0.705882 0.166667
vt 0.705882 0.250000
vt 0.705882 0.333333
vt 0.705882 0.416667
vt 0.705882 0.500000
vt 0.705882 0.583333
vt 0.705882 0.666667
vt 0.705882 0.750000
vt 0.705882 0.833333
vt 0.735294 1.000000
vt 0.735294 0.916667
vt 0.735294 0.083333
vt 0.735294 0.000000
vt 0.735294 0.166667
vt 0.735294 0.250000
vt 0.735294 0.333333
vt 0.735294 0.416667
vt 0.735294 0.500000
vt 0.735294 0.583333
vt 0.735294 0.666667
vt 0.735294 0.750000
vt 0.735294 0.833333
vt 0.764706 1.000000
vt 0.764706 0.916667
vt 0.764706 0.083333
vt 0.764706 0.000000
vt 0.764706 0.166667
vt 0.764706 0.250000
vt 0.764706 0.333333
vt 0.764706 0.416667
vt 0.764706 0.500000
vt 0.764706 0.583333
vt 0.764706 0.666667
vt 0.764706 0.750000
vt 0.764706 0.833333
vt 0.794118 1.000000
vt 0.794118 0.916667
vt 0.794118 0.083333
vt 0.794118 0.000000
vt 0.794118 0.166667
vt 0.794118 0.250000
vt 0.794118 0.333333
vt 0.794118 0.416667
vt 0.794118 0.500000
vt 0.794118 0.583333
vt 0.794118 0.666667
vt 0.794118 0.750000
vt 0.794118 0.833333
vt 0.823529 1.000000
vt 0.823529 0.916667
vt 0.823529 0.083333
vt 0.823529 0.000000
vt 0.823529 0.166667
vt 0.823529 0.250000
vt 0.823529 0.333333
vt 0.823529 0.416667
vt 0.823529 0.500000
vt 0.823529 0.583333
vt 0.823529 0.666667
vt 0.823529 0.750000
vt 0.823529 0.833333
vt 0.852941 1.000000
vt 0.852941 0.916667
vt 0.852941 0.083333
vt 0.852941 0.000000
vt 0.852941 0.166667
vt 0.852941 0.250000
vt 0.852941 0.333333
vt 0.852941 0.416667
vt 0.852941 0.500000
vt 0.852941 0.583333
vt 0.852941 0.666667
vt 0.852941 0.750000
vt 0.852941 0.833333
vt 0.882353 1.000000
vt 0.882353 0.916667
vt 0.882353 0.083333
vt 0.882353 0.000000
vt 0.882353 0.166667
vt 0.882353 0.250000
vt 0.882353 0.333333
vt 0.882353 0.416667
vt 0.882353 0.500000
vt 0.882353 0.583333
vt 0.882353 0.666667
vt 0.882353 0.750000
vt 0.882353 0.833333
vt 0.911765 1.000000
vt 0.911765 0.916667
vt 0.911765 0.083333
vt 0.911765 0.000000
vt 0.911765 0.166667
vt 0.911765 0.250000
vt 0.911765 0.333333
vt 0.911765 0.416667
vt 0.911765 0.500000
vt 0.911765 0.583333
vt 0.911765 0.666667
vt 0.911765 0.750000
vt 0.911765 0.833333
vt 0.941176 1.000000
vt 0.941176 0.916667
vt 0.941176 0.083333
vt 0.941176 0.000000
vt 0.941176 0.166667
vt 0.941176 0.250000
vt 0.941176 0.333333
vt 0.941176 0.416667
vt 0.941176 0.500000
vt 0.941176 0.583333
vt 0.941176 0.666667
vt 0.941176 0.750000
vt 0.941176 0.833333
vt 0.970588 1.000000
vt 0.970588 0.916667
vt 0.970588 0.083333
vt 0.970588 0.000000
vt 0.970588 0.166667
vt 0.970588 0.250000
vt 0.970588 0.333333
vt 0.970588 0.416667
vt 0.970588 0.500000
vt 0.970588 0.583333
vt 0.970588 0.666667
vt 0.970588 0.750000
vt 0.970588 0.833333
vt 1.000000 1.000000
vt 1.000000 0.916667
vt 1.000000 0.083333
vt 1.000000 0.000000
vt 1.000000 0.166667
vt 1.000000 0.250000
vt 1.000000 0.333333
vt 1.000000 0.416667
vt 1.000000 0.500000
vt 1.000000 0.583333
vt 1.000000 0.666667
vt 1.000000 0.750000
vt 1.000000 0.833333
s 1
f 2715/2859/2670 2727/2860/2682 2738/2861/2693 2726/2862/2681
f 2716/2863/2671 2728/2864/2683 2727/2865/2682 2715/2866/2670
f 2717/2867/2672 2729/2868/2684 2728/2864/2683 2716/2863/2671
f 2718/2869/2673 2730/2870/2685 2729/2868/2684 2717/2867/2672
f 2719/2871/2674 2731/2872/2686 2730/2870/2685 2718/2869/2673
f 2720/2873/2675 2732/2874/2687 2731/2872/2686 2719/2871/2674
f 2721/2875/2676 2733/2876/2688 2732/2874/2687 2720/2873/2675
f 2722/2877/2677 2734/2878/2689 2733/2876/2688 2721/2875/2676
f 2723/2879/2678 2735/2880/2690 2734/2878/2689 2722/2877/2677
f 2724/2881/2679 2736/2882/2691 2735/2880/2690 2723/2879/2678
f 2725/2883/2680 2737/2884/2692 2736/2882/2691 2724/2881/2679
f 2726/2862/2681 2738/2861/2693 2737/2884/2692 2725/2883/2680
f 2727/2860/2682 2739/2885/2694 2750/2886/2705 2738/2861/2693
f 2728/2864/2683 2740/2887/2695 2739/2888/2694 2727/2865/2682
f 2729/2868/2684 2741/2889/2696 2740/2887/2695 2728/2864/2683
f 2730/2870/2685 2742/2890/2697 2741/2889/2696 2729/2868/2684
f 2731/2872/2686 2743/2891/2698 2742/2890/2697 2730/2870/2685
f 2732/2874/2687 2744/2892/2699 2743/2891/2698 2731/2872/2686
f 2733/2876/2688 2745/2893/2700 2744/2892/2699 2732/2874/2687
f 2734/2878/2689 2746/2894/2701 2745/2893/2700 2733/2876/2688
f 2735/2880/2690 2747/2895/2702 2746/2894/2701 2734/2878/2689
f 2736/2882/2691 2748/2896/2703 2747/2895/2702 2735/2880/2690
f 2737/2884/2692 2749/2897/2704 2748/2896/2703 2736/2882/2691
f 2738/2861/2693 2750/2886/2705 2749/2897/2704 2737/2884/2692
f 2739/2885/2694 2751/2898/2706 2762/2899/2717 2750/2886/2705
f 2740/2887/2695 2752/2900/2707 2751/2901/2706 2739/2888/2694
f 2741/2889/2696 2753/2902/2708 2752/2900/2707 2740/2887/2695
f 2742/2890/2697 2754/2903/2709 2753/2902/2708 2741/2889/2696
f 2743/2891/2698 2755/2904/2710 2754/2903/2709 2742/2890/2697
f 2744/2892/2699 2756/2905/2711 2755/2904/2710 2743/2891/2698
f 2745/2893/2700 2757/2906/2712 2756/2905/2711 2744/2892/2699
f 2746/2894/2701 2758/2907/2713 2757/2906/2712 2745/2893/2700
f 2747/2895/2702 2759/2908/2714 2758/2907/2713 2746/2894/2701
f 2748/2896/2703 2760/2909/2715 2759/2908/2714 2747/2895/2702
f 2749/2897/2704 2761/2910/2716 2760/2909/2715 2748/2896/2703
f 2750/2886/2705 2762/2899/2717 2761/2910/2716 2749/2897/2704
f 2751/2898/2706 2763/2911/2718 2774/2912/2729 2762/2899/2717
f 2752/2900/2707 2764/2913/2719 2763/2914/2718 2751/2901/2706
f 2753/2902/2708 2765/2915/2720 2764/2913/2719 2752/2900/2707
f 2754/2903/2709 2766/2916/2721 2765/2915/2720 2753/2902/2708
f 2755/2904/2710 2767/2917/2722 2766/2916/2721 2754/2903/2709
f 2756/2905/2711 2768/2918/2723 2767/2917/2722 2755/2904/2710
f 2757/2906/2712 2769/2919/2724 2768/2918/2723 2756/2905/2711
f 2758/2907/2713 2770/2920/2725 2769/2919/2724 2757/2906/2712
f 2759/2908/2714 2771/2921/2726 2770/2920/2725 2758/2907/2713
f 2760/2909/2715 2772/2922/2727 2771/2921/2726 2759/2908/2714
f 2761/2910/2716 2773/2923/2728 2772/2922/2727 2760/2909/2715
f 2762/2899/2717 2774/2912/2729 2773/2923/2728 2761/2910/2716
f 2763/2911/2718 2775/2924/2730 2786/2925/2741 2774/2912/2729
f 2764/2913/2719 2776/2926/2731 2775/2927/2730 2763/2914/2718
f 2765/2915/2720 2777/2928/2732 2776/2926/2731 2764/2913/2719
f 2766/2916/2721 2778/2929/2733 2777/2928/2732 2765/2915/2720
f 2767/2917/2722 2779/2930/2734 2778/2929/2733 2766/2916/2721
f 2768/2918/2723 2780/2931/2735 2779/2930/2734 2767/2917/2722
f 2769/2919/2724 2781/2932/2736 2780/2931/2735 2768/2918/2723
f 2770/2920/2725 2782/2933/2737 2781/2932/2736 2769/2919/2724
f 2771/2921/2726 2783/2934/2738 2782/2933/2737 2770/2920/2725
f 2772/2922/2727 2784/2935/2739 2783/2934/2738 2771/2921/2726
f 2773/2923/2728 2785/2936/2740 2784/2935/2739 2772/2922/2727
f 2774/2912/2729 2786/2925/2741 2785/2936/2740 2773/2923/2728
f 2775/2924/2730 2787/2937/2742 2798/2938/2753 2786/2925/2741
f 2776/2926/2731 2788/2939/2743 2787/2940/2742 2775/2927/2730
f 2777/2928/2732 2789/2941/2744 2788/2939/2743 2776/2926/2731
f 2778/2929/2733 2790/2942/2745 2789/2941/2744 2777/2928/2732
f 2779/2930/2734 2791/2943/2746 2790/2942/2745 2778/2929/2733
f 2780/2931/2735 2792/2944/2747 2791/2943/2746 2779/2930/2734
f 2781/2932/2736 2793/2945/2748 2792/2944/2747 2780/2931/2735
f 2782/2933/2737 2794/2946/2749 2793/2945/2748 2781/2932/2736
f 2783/2934/2738 2795/2947/2750 2794/2946/2749 2782/2933/2737
f 2784/2935/2739 2796/2948/2751 2795/2947/2750 2783/2934/2738
f 2785/2936/2740 2797/2949/2752 2796/2948/2751 2784/2935/2739
f 2786/2925/2741 2798/2938/2753 2797/2949/2752 2785/2936/2740
f 2787/2937/2742 2799/2950/2754 2810/2951/2765 2798/2938/2753
f 2788/2939/2743 2800/2952/2755 2799/2953/2754 2787/2940/2742
f 2789/2941/2744 2801/2954/2756 2800/2952/2755 2788/2939/2743
f 2790/2942/2745 2802/2955/2757 2801/2954/2756 2789/2941/2744
f 2791/2943/2746 2803/2956/2758 2802/2955/2757 2790/2942/2745
f 2792/2944/2747 2804/2957/2759 2803/2956/2758 2791/2943/2746
f 2793/2945/2748 2805/2958/2760 2804/2957/2759 2792/2944/2747
f 2794/2946/2749 2806/2959/2761 2805/2958/2760 2793/2945/2748
f 2795/2947/2750 2807/2960/2762 2806/2959/2761 2794/2946/2749
f 2796/2948/2751 2808/2961/2763 2807/2960/2762 2795/2947/2750
f 2797/2949/2752 2809/2962/2764 2808/2961/2763 2796/2948/2751
f 2798/2938/2753 2810/2951/2765 2809/2962/2764 2797/2949/2752
f 2799/2950/2754 2811/2963/2766 2822/2964/2777 2810/2951/2765
f 2800/2952/2755 2812/2965/2767 2811/2966/2766 2799/2953/2754
f 2801/2954/2756 2813/2967/2768 2812/2965/2767 2800/2952/2755
f 2802/2955/2757 2814/2968/2769 2813/2967/2768 2801/2954/2756
f 2803/2956/2758 2815/2969/2770 2814/2968/2769 2802/2955/2757
f 2804/2957/2759 2816/2970/2771 2815/2969/2770 2803/2956/2758
f 2805/2958/2760 2817/2971/2772 2816/2970/2771 2804/2957/2759
f 2806/2959/2761 2818/2972/2773 2817/2971/2772 2805/2958/2760
f 2807/2960/2762 2819/2973/2774 2818/2972/2773 2806/2959/2761
f 2808/2961/2763 2820/2974/2775 2819/2973/2774 2807/2960/2762
f 2809/2962/2764 2821/2975/2776 2820/2974/2775 2808/2961/2763
f 2810/2951/2765 2822/2964/2777 2821/2975/2776 2809/2962/2764
f 2811/2963/2766 2823/2976/2778 2834/2977/2789 2822/2964/2777
f 2812/2965/2767 2824/2978/2779 2823/2979/2778 2811/2966/2766
f 2813/2967/2768 2825/2980/2780 2824/2978/2779 2812/2965/2767
f 2814/2968/2769 2826/2981/2781 2825/2980/2780 2813/2967/2768
f 2815/2969/2770 2827/2982/2782 2826/2981/2781 2814/2968/2769
f 2816/2970/2771 2828/2983/2783 2827/2982/2782 2815/2969/2770
f 2817/2971/2772 2829/2984/2784 2828/2983/2783 2816/2970/2771
f 2818/2972/2773 2830/2985/2785 2829/2984/2784 2817/2971/2772
f 2819/2973/2774 2831/2986/2786 2830/2985/2785 2818/2972/2773
f 2820/2974/2775 2832/2987/2787 2831/2986/2786 2819/2973/2774
f 2821/2975/2776 2833/2988/2788 2832/2987/2787 2820/2974/2775
f 2822/2964/2777 2834/2977/2789 2833/2988/2788 2821/2975/2776
f 2823/2976/2778 2835/2989/2790 2846/2990/2801 2834/2977/2789
f 2824/2978/2779 2836/2991/2791 2835/2992/2790 2823/2979/2778
f 2825/2980/2780 2837/2993/2792 2836/2991/2791 2824/2978/2779
f 2826/2981/2781 2838/2994/2793 2837/2993/2792 2825/2980/2780
f 2827/2982/2782 2839/2995/2794 2838/2994/2793 2826/2981/2781
f 2828/2983/2783 2840/2996/2795 2839/2995/2794 2827/2982/2782
f 2829/2984/2784 2841/2997/2796 2840/2996/2795 2828/2983/2783
f 2830/2985/2785 2842/2998/2797 2841/2997/2796 2829/2984/2784
f 2831/2986/2786 2843/2999/2798 2842/2998/2797 2830/2985/2785
f 2832/2987/2787 2844/3000/2799 2843/2999/2798 2831/2986/2786
f 2833/2988/2788 2845/3001/2800 2844/3000/2799 2832/2987/2787
f 2834/2977/2789 2846/2990/2801 2845/3001/2800 2833/2988/2788
f 2835/2989/2790 2847/3002/2802 2858/3003/2813 2846/2990/2801
f 2836/2991/2791 2848/3004/2803 2847/3005/2802 2835/2992/2790
f 2837/2993/2792 2849/3006/2804 2848/3004/2803 2836/2991/2791
f 2838/2994/2793 2850/3007/2805 2849/3006/2804 2837/2993/2792
f 2839/2995/2794 2851/3008/2806 2850/3007/2805 2838/2994/2793
f 2840/2996/2795 2852/3009/2807 2851/3008/2806 2839/2995/2794
f 2841/2997/2796 2853/3010/2808 2852/3009/2807 2840/2996/2795
f 2842/2998/2797 2854/3011/2809 2853/3010/2808 2841/2997/2796
f 2843/2999/2798 2855/3012/2810 2854/3011/2809 2842/2998/2797
f 2844/3000/2799 2856/3013/2811 2855/3012/2810 2843/2999/2798
f 2845/3001/2800 2857/3014/2812 2856/3013/2811 2844/3000/2799
f 2846/2990/2801 2858/3003/2813 2857/3014/2812 2845/3001/2800
f 2847/3002/2802 2859/3015/2814 2870/3016/2825 2858/3003/2813
f 2848/3004/2803 2860/3017/2815 2859/3018/2814 2847/3005/2802
f 2849/3006/2804 2861/3019/2816 2860/3017/2815 2848/3004/2803
f 2850/3007/2805 2862/3020/2817 2861/3019/2816 2849/3006/2804
f 2851/3008/2806 2863/3021/2818 2862/3020/2817 2850/3007/2805
f 2852/3009/2807 2864/3022/2819 2863/3021/2818 2851/3008/2806
f 2853/3010/2808 2865/3023/2820 2864/3022/2819 2852/3009/2807
f 2854/3011/2809 2866/3024/2821 2865/3023/2820 2853/3010/2808
f 2855/3012/2810 2867/3025/2822 2866/3024/2821 2854/3011/2809
f 2856/3013/2811 2868/3026/2823 2867/3025/2822 2855/3012/2810
f 2857/3014/2812 2869/3027/2824 2868/3026/2823 2856/3013/2811
f 2858/3003/2813 2870/3016/2825 2869/3027/2824 2857/3014/2812
f 2859/3015/2814 2871/3028/2826 2882/3029/2837 2870/3016/2825
f 2860/3017/2815 2872/3030/2827 2871/3031/2826 2859/3018/2814
f 2861/3019/2816 2873/3032/2828 2872/3030/2827 2860/3017/2815
f 2862/3020/2817 2874/3033/2829 2873/3032/2828 2861/3019/2816
f 2863/3021/2818 2875/3034/2830 2874/3033/2829 2862/3020/2817
f 2864/3022/2819 2876/3035/2831 2875/3034/2830 2863/3021/2818
f 2865/3023/2820 2877/3036/2832 2876/3035/2831 2864/3022/2819
f 2866/3024/2821 2878/3037/2833 2877/3036/2832 2865/3023/2820
f 2867/3025/2822 2879/3038/2834 2878/3037/2833 2866/3024/2821
f 2868/3026/2823 2880/3039/2835 2879/3038/2834 2867/3025/2822
f 2869/3027/2824 2881/3040/2836 2880/3039/2835 2868/3026/2823
f 2870/3016/2825 2882/3029/2837 2881/3040/2836 2869/3027/2824
f 2871/3028/2826 2883/3041/2838 2894/3042/2849 2882/3029/2837
f 2872/3030/2827 2884/3043/2839 2883/3044/2838 2871/3031/2826
f 2873/3032/2828 2885/3045/2840 2884/3043/2839 2872/3030/2827
f 2874/3033/2829 2886/3046/2841 2885/3045/2840 2873/3032/2828
f 2875/3034/2830 2887/3047/2842 2886/3046/2841 2874/3033/2829
f 2876/3035/2831 2888/3048/2843 2887/3047/2842 2875/3034/2830
f 2877/3036/2832 2889/3049/2844 2888/3048/2843 2876/3035/2831
f 2878/3037/2833 2890/3050/2845 2889/3049/2844 2877/3036/2832
f 2879/3038/2834 2891/3051/2846 2890/3050/2845 2878/3037/2833
f 2880/3039/2835 2892/3052/2847 2891/3051/2846 2879/3038/2834
f 2881/3040/2836 2893/3053/2848 2892/3052/2847 2880/3039/2835
f 2882/3029/2837 2894/3042/2849 2893/3053/2848 2881/3040/2836
f 2883/3041/2838 2895/3054/2850 2906/3055/2861 2894/3042/2849
f 2884/3043/2839 2896/3056/2851 2895/3057/2850 2883/3044/2838
f 2885/3045/2840 2897/3058/2852 2896/3056/2851 2884/3043/2839
f 2886/3046/2841 2898/3059/2853 2897/3058/2852 2885/3045/2840
f 2887/3047/2842 2899/3060/2854 2898/3059/2853 2886/3046/2841
f 2888/3048/2843 2900/3061/2855 2899/3060/2854 2887/3047/2842
f 2889/3049/2844 2901/3062/2856 2900/3061/2855 2888/3048/2843
f 2890/3050/2845 2902/3063/2857 2901/3062/2856 2889/3049/2844
f 2891/3051/2846 2903/3064/2858 2902/3063/2857 2890/3050/2845
f 2892/3052/2847 2904/3065/2859 2903/3064/2858 2891/3051/2846
f 2893/3053/2848 2905/3066/2860 2904/3065/2859 2892/3052/2847
f 2894/3042/2849 2906/3055/2861 2905/3066/2860 2893/3053/2848
f 2895/3054/2850 2907/3067/2862 2918/3068/2873 2906/3055/2861
f 2896/3056/2851 2908/3069/2863 2907/3070/2862 2895/3057/2850
f 2897/3058/2852 2909/3071/2864 2908/3069/2863 2896/3056/2851
f 2898/3059/2853 2910/3072/2865 2909/3071/2864 2897/3058/2852
f 2899/3060/2854 2911/3073/2866 2910/3072/2865 2898/3059/2853
f 2900/3061/2855 2912/3074/2867 2911/3073/2866 2899/3060/2854
f 2901/3062/2856 2913/3075/2868 2912/3074/2867 2900/3061/2855
f 2902/3063/2857 2914/3076/2869 2913/3075/2868 2901/3062/2856
f 2903/3064/2858 2915/3077/2870 2914/3076/2869 2902/3063/2857
f 2904/3065/2859 2916/3078/2871 2915/3077/2870 2903/3064/2858
f 2905/3066/2860 2917/3079/2872 2916/3078/2871 2904/3065/2859
f 2906/3055/2861 2918/3068/2873 2917/3079/2872 2905/3066/2860
f 2907/3067/2862 2919/3080/2874 2930/3081/2885 2918/3068/2873
f 2908/3069/2863 2920/3082/2875 2919/3083/2874 2907/3070/2862
f 2909/3071/2864 2921/3084/2876 2920/3082/2875 2908/3069/2863
f 2910/3072/2865 2922/3085/2877 2921/3084/2876 2909/3071/2864
f 2911/3073/2866 2923/3086/2878 2922/3085/2877 2910/3072/2865
f 2912/3074/2867 2924/3087/2879 2923/3086/2878 2911/3073/2866
f 2913/3075/2868 2925/3088/2880 2924/3087/2879 2912/3074/2867
f 2914/3076/2869 2926/3089/2881 2925/3088/2880 2913/3075/2868
f 2915/3077/2870 2927/3090/2882 2926/3089/2881 2914/3076/2869
f 2916/3078/2871 2928/3091/2883 2927/3090/2882 2915/3077/2870
f 2917/3079/2872 2929/3092/2884 2928/3091/2883 2916/3078/2871
f 2918/3068/2873 2930/3081/2885 2929/3092/2884 2917/3079/2872
f 2919/3080/2874 2931/3093/2886 2942/3094/2897 2930/3081/2885
f 2920/3082/2875 2932/3095/2887 2931/3096/2886 2919/3083/2874
f 2921/3084/2876 2933/3097/2888 2932/3095/2887 2920/3082/2875
f 2922/3085/2877 2934/3098/2889 2933/3097/2888 2921/3084/2876
f 2923/3086/2878 2935/3099/2890 2934/3098/2889 2922/3085/2877
f 2924/3087/2879 2936/3100/2891 2935/3099/2890 2923/3086/2878
f 2925/3088/2880 2937/3101/2892 2936/3100/2891 2924/3087/2879
f 2926/3089/2881 2938/3102/2893 2937/3101/2892 2925/3088/2880
f 2927/3090/2882 2939/3103/2894 2938/3102/2893 2926/3089/2881
f 2928/3091/2883 2940/3104/2895 2939/3103/2894 2927/3090/2882
f 2929/3092/2884 2941/3105/2896 2940/3104/2895 2928/3091/2883
f 2930/3081/2885 2942/3094/2897 2941/3105/2896 2929/3092/2884
f 2931/3093/2886 2943/3106/2898 2954/3107/2909 2942/3094/2897
f 2932/3095/2887 2944/3108/2899 2943/3109/2898 2931/3096/2886
f 2933/3097/2888 2945/3110/2900 2944/3108/2899 2932/3095/2887
f 2934/3098/2889 2946/3111/2901 2945/3110/2900 2933/3097/2888
f 2935/3099/2890 2947/3112/2902 2946/3111/2901 2934/3098/2889
f 2936/3100/2891 2948/3113/2903 2947/3112/2902 2935/3099/2890
f 2937/3101/2892 2949/3114/2904 2948/3113/2903 2936/3100/2891
f 2938/3102/2893 2950/3115/2905 2949/3114/2904 2937/3101/2892
f 2939/3103/2894 2951/3116/2906 2950/3115/2905 2938/3102/2893
f 2940/3104/2895 2952/3117/2907 2951/3116/2906 2939/3103/2894
f 2941/3105/2896 2953/3118/2908 2952/3117/2907 2940/3104/2895
f 2942/3094/2897 2954/3107/2909 2953/3118/2908 2941/3105/2896
f 2943/3106/2898 2955/3119/2910 2966/3120/2921 2954/3107/2909
f 2944/3108/2899 2956/3121/2911 2955/3122/2910 2943/3109/2898
f 2945/3110/2900 2957/3123/2912 2956/3121/2911 2944/3108/2899
f 2946/3111/2901 2958/3124/2913 2957/3123/2912 2945/3110/2900
f 2947/3112/2902 2959/3125/2914 2958/3124/2913 2946/3111/2901
f 2948/3113/2903 2960/3126/2915 2959/3125/2914 2947/3112/2902
f 2949/3114/2904 2961/3127/2916 2960/3126/2915 2948/3113/2903
f 2950/3115/2905 2962/3128/2917 2961/3127/2916 2949/3114/2904
f 2951/3116/2906 2963/3129/2918 2962/3128/2917 2950/3115/2905
f 2952/3117/2907 2964/3130/2919 2963/3129/2918 2951/3116/2906
f 2953/3118/2908 2965/3131/2920 2964/3130/2919 2952/3117/2907
f 2954/3107/2909 2966/3120/2921 2965/3131/2920 2953/3118/2908
f 2955/3119/2910 2967/3132/2922 2978/3133/2933 2966/3120/2921
f 2956/3121/2911 2968/3134/2923 2967/3135/2922 2955/3122/2910
f 2957/3123/2912 2969/3136/2924 2968/3134/2923 2956/3121/2911
f 2958/3124/2913 2970/3137/2925 2969/3136/2924 2957/3123/2912
f 2959/3125/2914 2971/3138/2926 2970/3137/2925 2958/3124/2913
f 2960/3126/2915 2972/3139/2927 2971/3138/2926 2959/3125/2914
f 2961/3127/2916 2973/3140/2928 2972/3139/2927 2960/3126/2915
f 2962/3128/2917 2974/3141/2929 2973/3140/2928 2961/3127/2916
f 2963/3129/2918 2975/3142/2930 2974/3141/2929 2962/3128/2917
f 2964/3130/2919 2976/3143/2931 2975/3142/2930 2963/3129/2918
f 2965/3131/2920 2977/3144/2932 2976/3143/2931 2964/3130/2919
f 2966/3120/2921 2978/3133/2933 2977/3144/2932 2965/3131/2920
f 2967/3132/2922 2979/3145/2934 2990/3146/2945 2978/3133/2933
f 2968/3134/2923 2980/3147/2935 2979/3148/2934 2967/3135/2922
f 2969/3136/2924 2981/3149/2936 2980/3147/2935 2968/3134/2923
f 2970/3137/2925 2982/3150/2937 2981/3149/2936 2969/3136/2924
f 2971/3138/2926 2983/3151/2938 2982/3150/2937 2970/3137/2925
f 2972/3139/2927 2984/3152/2939 2983/3151/2938 2971/3138/2926
f 2973/3140/2928 2985/3153/2940 2984/3152/2939 2972/3139/2927
f 2974/3141/2929 2986/3154/2941 2985/3153/2940 2973/3140/2928
f 2975/3142/2930 2987/3155/2942 2986/3154/2941 2974/3141/2929
f 2976/3143/2931 2988/3156/2943 2987/3155/2942 2975/3142/2930
f 2977/3144/2932 2989/3157/2944 2988/3156/2943 2976/3143/2931
f 2978/3133/2933 2990/3146/2945 2989/3157/2944 2977/3144/2932
f 2979/3145/2934 2991/3158/2946 3002/3159/2957 2990/3146/2945
f 2980/3147/2935 2992/3160/2947 2991/3161/2946 2979/3148/2934
f 2981/3149/2936 2993/3162/2948 2992/3160/2947 2980/3147/2935
f 2982/3150/2937 2994/3163/2949 2993/3162/2948 2981/3149/2936
f 2983/3151/2938 2995/3164/2950 2994/3163/2949 2982/3150/2937
f 2984/3152/2939 2996/3165/2951 2995/3164/2950 2983/3151/2938
f 2985/3153/2940 2997/3166/2952 2996/3165/2951 2984/3152/2939
f 2986/3154/2941 2998/3167/2953 2997/3166/2952 2985/3153/2940
f 2987/3155/2942 2999/3168/2954 2998/3167/2953 2986/3154/2941
f 2988/3156/2943 3000/3169/2955 2999/3168/2954 2987/3155/2942
f 2989/3157/2944 3001/3170/2956 3000/3169/2955 2988/3156/2943
f 2990/3146/2945 3002/3159/2957 3001/3170/2956 2989/3157/2944
f 2991/3158/2946 3003/3171/2958 3014/3172/2969 3002/3159/2957
f 2992/3160/2947 3004/3173/2959 3003/3174/2958 2991/3161/2946
f 2993/3162/2948 3005/3175/2960 3004/3173/2959 2992/3160/2947
f 2994/3163/2949 3006/3176/2961 3005/3175/2960 2993/3162/2948
f 2995/3164/2950 3007/3177/2962 3006/3176/2961 2994/3163/2949
f 2996/3165/2951 3008/3178/2963 3007/3177/2962 2995/3164/2950
f 2997/3166/2952 3009/3179/2964 3008/3178/2963 2996/3165/2951
f 2998/3167/2953 3010/3180/2965 3009/3179/2964 2997/3166/2952
f 2999/3168/2954 3011/3181/2966 3010/3180/2965 2998/3167/2953
f 3000/3169/2955 3012/3182/2967 3011/3181/2966 2999/3168/2954
f 3001/3170/2956 3013/3183/2968 3012/3182/2967 3000/3169/2955
f 3002/3159/2957 3014/3172/2969 3013/3183/2968 3001/3170/2956
f 3003/3171/2958 3015/3184/2970 3026/3185/2981 3014/3172/2969
f 3004/3173/2959 3016/3186/2971 3015/3187/2970 3003/3174/2958
f 3005/3175/2960 3017/3188/2972 3016/3186/2971 3004/3173/2959
f 3006/3176/2961 3018/3189/2973 3017/3188/2972 3005/3175/2960
f 3007/3177/2962 3019/3190/2974 3018/3189/2973 3006/3176/2961
f 3008/3178/2963 3020/3191/2975 3019/3190/2974 3007/3177/2962
f 3009/3179/2964 3021/3192/2976 3020/3191/2975 3008/3178/2963
f 3010/3180/2965 3022/3193/2977 3021/3192/2976 3009/3179/2964
f 3011/3181/2966 3023/3194/2978 3022/3193/2977 3010/3180/2965
f 3012/3182/2967 3024/3195/2979 3023/3194/2978 3011/3181/2966
f 3013/3183/2968 3025/3196/2980 3024/3195/2979 3012/3182/2967
f 3014/3172/2969 3026/3185/2981 3025/3196/2980 3013/3183/2968
f 3015/3184/2970 3027/3197/2982 3038/3198/2993 3026/3185/2981
f 3016/3186/2971 3028/3199/2983 3027/3200/2982 3015/3187/2970
f 3017/3188/2972 3029/3201/2984 3028/3199/2983 3016/3186/2971
f 3018/3189/2973 3030/3202/2985 3029/3201/2984 3017/3188/2972
f 3019/3190/2974 3031/3203/2986 3030/3202/2985 3018/3189/2973
f 3020/3191/2975 3032/3204/2987 3031/3203/2986 3019/3190/2974
f 3021/3192/2976 3033/3205/2988 3032/3204/2987 3020/3191/2975
f 3022/3193/2977 3034/3206/2989 3033/3205/2988 3021/3192/2976
f 3023/3194/2978 3035/3207/2990 3034/3206/2989 3022/3193/2977
f 3024/3195/2979 3036/3208/2991 3035/3207/2990 3023/3194/2978
f 3025/3196/2980 3037/3209/2992 3036/3208/2991 3024/3195/2979
f 3026/3185/2981 3038/3198/2993 3037/3209/2992 3025/3196/2980
f 3027/3197/2982 3039/3210/2994 3050/3211/3005 3038/3198/2993
f 3028/3199/2983 3040/3212/2995 3039/3213/2994 3027/3200/2982
f 3029/3201/2984 3041/3214/2996 3040/3212/2995 3028/3199/2983
f 3030/3202/2985 3042/3215/2997 3041/3214/2996 3029/3201/2984
f 3031/3203/2986 3043/3216/2998 3042/3215/2997 3030/3202/2985
f 3032/3204/2987 3044/3217/2999 3043/3216/2998 3031/3203/2986
f 3033/3205/2988 3045/3218/3000 3044/3217/2999 3032/3204/2987
f 3034/3206/2989 3046/3219/3001 3045/3218/3000 3033/3205/2988
f 3035/3207/2990 3047/3220/3002 3046/3219/3001 3034/3206/2989
f 3036/3208/2991 3048/3221/3003 3047/3220/3002 3035/3207/2990
f 3037/3209/2992 3049/3222/3004 3048/3221/3003 3036/3208/2991
f 3038/3198/2993 3050/3211/3005 3049/3222/3004 3037/3209/2992
f 3039/3210/2994 3051/3223/3006 3062/3224/3017 3050/3211/3005
f 3040/3212/2995 3052/3225/3007 3051/3226/3006 3039/3213/2994
f 3041/3214/2996 3053/3227/3008 3052/3225/3007 3040/3212/2995
f 3042/3215/2997 3054/3228/3009 3053/3227/3008 3041/3214/2996
f 3043/3216/2998 3055/3229/3010 3054/3228/3009 3042/3215/2997
f 3044/3217/2999 3056/3230/3011 3055/3229/3010 3043/3216/2998
f 3045/3218/3000 3057/3231/3012 3056/3230/3011 3044/3217/2999
f 3046/3219/3001 3058/3232/3013 3057/3231/3012 3045/3218/3000
f 3047/3220/3002 3059/3233/3014 3058/3232/3013 3046/3219/3001
f 3048/3221/3003 3060/3234/3015 3059/3233/3014 3047/3220/3002
f 3049/3222/3004 3061/3235/3016 3060/3234/3015 3048/3221/3003
f 3050/3211/3005 3062/3224/3017 3061/3235/3016 3049/3222/3004
f 3051/3223/3006 3063/3236/3018 3074/3237/3029 3062/3224/3017
f 3052/3225/3007 3064/3238/3019 3063/3239/3018 3051/3226/3006
f 3053/3227/3008 3065/3240/3020 3064/3238/3019 3052/3225/3007
f 3054/3228/3009 3066/3241/3021 3065/3240/3020 3053/3227/3008
f 3055/3229/3010 3067/3242/3022 3066/3241/3021 3054/3228/3009
f 3056/3230/3011 3068/3243/3023 3067/3242/3022 3055/3229/3010
f 3057/3231/3012 3069/3244/3024 3068/3243/3023 3056/3230/3011
f 3058/3232/3013 3070/3245/3025 3069/3244/3024 3057/3231/3012
f 3059/3233/3014 3071/3246/3026 3070/3245/3025 3058/3232/3013
f 3060/3234/3015 3072/3247/3027 3071/3246/3026 3059/3233/3014
f 3061/3235/3016 3073/3248/3028 3072/3247/3027 3060/3234/3015
f 3062/3224/3017 3074/3237/3029 3073/3248/3028 3061/3235/3016
f 3063/3236/3018 3075/3249/3030 3086/3250/3041 3074/3237/3029
f 3064/3238/3019 3076/3251/3031 3075/3252/3030 3063/3239/3018
f 3065/3240/3020 3077/3253/3032 3076/3251/3031 3064/3238/3019
f 3066/3241/3021 3078/3254/3033 3077/3253/3032 3065/3240/3020
f 3067/3242/3022 3079/3255/3034 3078/3254/3033 3066/3241/3021
f 3068/3243/3023 3080/3256/3035 3079/3255/3034 3067/3242/3022
f 3069/3244/3024 3081/3257/3036 3080/3256/3035 3068/3243/3023
f 3070/3245/3025 3082/3258/3037 3081/3257/3036 3069/3244/3024
f 3071/3246/3026 3083/3259/3038 3082/3258/3037 3070/3245/3025
f 3072/3247/3027 3084/3260/3039 3083/3259/3038 3071/3246/3026
f 3073/3248/3028 3085/3261/3040 3084/3260/3039 3072/3247/3027
f 3074/3237/3029 3086/3250/3041 3085/3261/3040 3073/3248/3028
f 3075/3249/3030 3087/3262/3042 3098/3263/3053 3086/3250/3041
f 3076/3251/3031 3088/3264/3043 3087/3265/3042 3075/3252/3030
f 3077/3253/3032 3089/3266/3044 3088/3264/3043 3076/3251/3031
f 3078/3254/3033 3090/3267/3045 3089/3266/3044 3077/3253/3032
f 3079/3255/3034 3091/3268/3046 3090/3267/3045 3078/3254/3033
f 3080/3256/3035 3092/3269/3047 3091/3268/3046 3079/3255/3034
f 3081/3257/3036 3093/3270/3048 3092/3269/3047 3080/3256/3035
f 3082/3258/3037 3094/3271/3049 3093/3270/3048 3081/3257/3036
f 3083/3259/3038 3095/3272/3050 3094/3271/3049 3082/3258/3037
f 3084/3260/3039 3096/3273/3051 3095/3272/3050 3083/3259/3038
f 3085/3261/3040 3097/3274/3052 3096/3273/3051 3084/3260/3039
f 3086/3250/3041 3098/3263/3053 3097/3274/3052 3085/3261/3040
f 3087/3262/3042 3099/3275/3054 3110/3276/3065 3098/3263/3053
f 3088/3264/3043 3100/3277/3055 3099/3278/3054 3087/3265/3042
f 3089/3266/3044 3101/3279/3056 3100/3277/3055 3088/3264/3043
f 3090/3267/3045 3102/3280/3057 3101/3279/3056 3089/3266/3044
f 3091/3268/3046 3103/3281/3058 3102/3280/3057 3090/3267/3045
f 3092/3269/3047 3104/3282/3059 3103/3281/3058 3091/3268/3046
f 3093/3270/3048 3105/3283/3060 3104/3282/3059 3092/3269/3047
f 3094/3271/3049 3106/3284/3061 3105/3283/3060 3093/3270/3048
f 3095/3272/3050 3107/3285/3062 3106/3284/3061 3094/3271/3049
f 3096/3273/3051 3108/3286/3063 3107/3285/3062 3095/3272/3050
f 3097/3274/3052 3109/3287/3064 3108/3286/3063 3096/3273/3051
f 3098/3263/3053 3110/3276/3065 3109/3287/3064 3097/3274/3052
f 3099/3275/3054 3111/3288/3066 3122/3289/3077 3110/3276/3065
f 3100/3277/3055 3112/3290/3067 3111/3291/3066 3099/3278/3054
f 3101/3279/3056 3113/3292/3068 3112/3290/3067 3100/3277/3055
f 3102/3280/3057 3114/3293/3069 3113/3292/3068 3101/3279/3056
f 3103/3281/3058 3115/3294/3070 3114/3293/3069 3102/3280/3057
f 3104/3282/3059 3116/3295/3071 3115/3294/3070 3103/3281/3058
f 3105/3283/3060 3117/3296/3072 3116/3295/3071 3104/3282/3059
f 3106/3284/3061 3118/3297/3073 3117/3296/3072 3105/3283/3060
f 3107/3285/3062 3119/3298/3074 3118/3297/3073 3106/3284/3061
f 3108/3286/3063 3120/3299/3075 3119/3298/3074 3107/3285/3062
f 3109/3287/3064 3121/3300/3076 3120/3299/3075 3108/3286/3063
f 3110/3276/3065 3122/3289/3077 3121/3300/3076 3109/3287/3064
f 3111/3288/3066 2715/3301/2670 2726/3302/2681 3122/3289/3077
f 3112/3290/3067 2716/3303/2671 2715/3304/2670 3111/3291/3066
f 3113/3292/3068 2717/3305/2672 2716/3303/2671 3112/3290/3067
f 3114/3293/3069 2718/3306/2673 2717/3305/2672 3113/3292/3068
f 3115/3294/3070 2719/3307/2674 2718/3306/2673 3114/3293/3069
f 3116/3295/3071 2720/3308/2675 2719/3307/2674 3115/3294/3070
f 3117/3296/3072 2721/3309/2676 2720/3308/2675 3116/3295/3071
f 3118/3297/3073 2722/3310/2677 2721/3309/2676 3117/3296/3072
f 3119/3298/3074 2723/3311/2678 2722/3310/2677 3118/3297/3073
f 3120/3299/3075 2724/3312/2679 2723/3311/2678 3119/3298/3074
f 3121/3300/3076 2725/3313/2680 2724/3312/2679 3120/3299/3075
f 3122/3289/3077 2726/3302/2681 2725/3313/2680 3121/3300/3076
o Cylinder.002
v -0.007550 0.305743 -0.027037
v -0.006654 0.305569 -0.024276
v -0.006974 0.305743 -0.029932
v -0.005090 0.305569 -0.021935
v -0.005335 0.305743 -0.032385
v -0.002749 0.305569 -0.020370
v -0.002881 0.305743 -0.034025
v 0.000013 0.305569 -0.019821
v 0.000013 0.305743 -0.034600
v 0.002774 0.305569 -0.020370
v 0.002907 0.305743 -0.034025
v 0.005116 0.305569 -0.021935
v 0.005360 0.305743 -0.032385
v 0.006680 0.305569 -0.024276
v 0.007000 0.305743 -0.029932
v 0.007229 0.305569 -0.027037
v 0.007576 0.305743 -0.027037
v 0.006680 0.305569 -0.029799
v 0.007000 0.305743 -0.024143
v 0.005116 0.305569 -0.032140
v 0.005360 0.305743 -0.021690
v 0.002774 0.305569 -0.033705
v 0.002907 0.305743 -0.020050
v 0.000013 0.305569 -0.034254
v 0.000013 0.305743 -0.019475
v -0.002749 0.305569 -0.033705
v -0.002881 0.305743 -0.020050
v -0.005090 0.305569 -0.032140
v -0.005335 0.305743 -0.021690
v -0.006654 0.305569 -0.029799
v -0.006974 0.305743 -0.024143
v -0.007204 0.305569 -0.027037
v -0.003512 0.321366 -0.027037
v -0.003244 0.321366 -0.028386
v -0.002480 0.321366 -0.029530
v -0.001336 0.321366 -0.030294
v 0.000013 0.321366 -0.030562
v 0.001362 0.321366 -0.030294
v 0.002505 0.321366 -0.029530
v 0.003269 0.321366 -0.028386
v 0.003538 0.321366 -0.027037
v 0.003269 0.321366 -0.025689
v 0.002505 0.321366 -0.024545
v 0.001362 0.321366 -0.023781
v 0.000013 0.321366 -0.023512
v -0.001336 0.321366 -0.023781
v -0.002480 0.321366 -0.024545
v -0.003244 0.321366 -0.025689
v -0.006737 0.316455 -0.027037
v -0.006587 0.317583 -0.027037
v -0.006223 0.316455 -0.029620
v -0.006084 0.317583 -0.029563
v -0.004760 0.316455 -0.031810
v -0.004654 0.317583 -0.031704
v -0.002570 0.316455 -0.033273
v -0.002513 0.317583 -0.033135
v 0.000013 0.316455 -0.033787
v 0.000013 0.317583 -0.033637
v 0.002596 0.316455 -0.033273
v 0.002538 0.317583 -0.033135
v 0.004785 0.316455 -0.031810
v 0.004679 0.317583 -0.031704
v 0.006248 0.316455 -0.029620
v 0.006110 0.317583 -0.029563
v 0.006762 0.316455 -0.027037
v 0.006612 0.317583 -0.027037
v 0.006248 0.316455 -0.024455
v 0.006110 0.317583 -0.024512
v 0.004785 0.316455 -0.022265
v 0.004679 0.317583 -0.022371
v 0.002596 0.316455 -0.020802
v 0.002538 0.317583 -0.020940
v 0.000013 0.316455 -0.020288
v 0.000013 0.317583 -0.020438
v -0.002570 0.316455 -0.020802
v -0.002513 0.317583 -0.020940
v -0.004760 0.316455 -0.022265
v -0.004654 0.317583 -0.022371
v -0.006223 0.316455 -0.024455
v -0.006084 0.317583 -0.024512
v 0.004605 0.320393 -0.025135
v 0.005362 0.319360 -0.024822
v 0.004107 0.319360 -0.022943
v 0.003527 0.320393 -0.023523
v -0.003502 0.320393 -0.030552
v -0.004081 0.319360 -0.031132
v -0.002203 0.319360 -0.032387
v -0.001889 0.320393 -0.031629
v 0.002229 0.319360 -0.021688
v 0.001915 0.320393 -0.022445
v 0.000013 0.319360 -0.032828
v 0.000013 0.320393 -0.032008
v 0.000013 0.319360 -0.021247
v 0.000013 0.320393 -0.022067
v 0.002229 0.319360 -0.032387
v 0.001915 0.320393 -0.031629
v -0.002203 0.319360 -0.021688
v -0.001889 0.320393 -0.022445
v 0.004107 0.319360 -0.031132
v 0.003527 0.320393 -0.030552
v -0.004081 0.319360 -0.022943
v -0.003502 0.320393 -0.023523
v 0.005362 0.319360 -0.029253
v 0.004605 0.320393 -0.028940
v -0.005337 0.319360 -0.024822
v -0.004579 0.320393 -0.025135
v 0.005803 0.319360 -0.027037
v 0.004983 0.320393 -0.027037
v -0.004958 0.320393 -0.027037
v -0.005777 0.319360 -0.027037
v -0.005337 0.319360 -0.029253
v -0.004579 0.320393 -0.028940
v -0.007122 0.306684 -0.027037
v -0.006737 0.308461 -0.027037
v -0.006849 0.307556 -0.027037
v -0.006223 0.308461 -0.029620
v -0.006579 0.306684 -0.029768
v -0.006327 0.307556 -0.029664
v -0.004760 0.308461 -0.031810
v -0.005032 0.306684 -0.032083
v -0.004840 0.307556 -0.031890
v -0.002570 0.308461 -0.033273
v -0.002718 0.306684 -0.033629
v -0.002613 0.307556 -0.033377
v 0.000013 0.308461 -0.033787
v 0.000013 0.306684 -0.034172
v 0.000013 0.307556 -0.033900
v 0.002596 0.308461 -0.033273
v 0.002743 0.306684 -0.033629
v 0.002639 0.307556 -0.033377
v 0.004785 0.308461 -0.031810
v 0.005058 0.306684 -0.032083
v 0.004865 0.307556 -0.031890
v 0.006248 0.308461 -0.029620
v 0.006604 0.306684 -0.029768
v 0.006353 0.307556 -0.029664
v 0.006762 0.308461 -0.027037
v 0.007148 0.306684 -0.027037
v 0.006875 0.307556 -0.027037
v 0.006248 0.308461 -0.024455
v 0.006604 0.306684 -0.024307
v 0.006353 0.307556 -0.024411
v 0.004785 0.308461 -0.022265
v 0.005058 0.306684 -0.021992
v 0.004865 0.307556 -0.022185
v 0.002596 0.308461 -0.020802
v 0.002743 0.306684 -0.020446
v 0.002639 0.307556 -0.020698
v 0.000013 0.308461 -0.020288
v 0.000013 0.306684 -0.019903
v 0.000013 0.307556 -0.020175
v -0.002570 0.308461 -0.020802
v -0.002718 0.306684 -0.020446
v -0.002613 0.307556 -0.020698
v -0.004760 0.308461 -0.022265
v -0.005032 0.306684 -0.021992
v -0.004840 0.307556 -0.022185
v -0.006223 0.308461 -0.024455
v -0.006579 0.306684 -0.024307
v -0.006327 0.307556 -0.024411
v -0.006974 0.305569 -0.024143
v -0.007550 0.305569 -0.027037
v -0.002881 0.305569 -0.020050
v -0.005335 0.305569 -0.021690
v 0.000013 0.305569 -0.019475
v 0.005360 0.305569 -0.021690
v 0.002907 0.305569 -0.020050
v 0.007000 0.305569 -0.024143
v 0.007000 0.305569 -0.029932
v 0.007576 0.305569 -0.027037
v 0.005360 0.305569 -0.032385
v 0.000013 0.305569 -0.034600
v 0.002907 0.305569 -0.034025
v -0.002881 0.305569 -0.034025
v -0.006974 0.305569 -0.029932
v -0.005335 0.305569 -0.032385
v -0.005877 0.308468 -0.024598
v -0.006362 0.308468 -0.027037
v -0.002427 0.308468 -0.021148
v -0.004495 0.308468 -0.022530
v 0.000013 0.308468 -0.020663
v 0.004520 0.308468 -0.022530
v 0.002452 0.308468 -0.021148
v 0.005902 0.308468 -0.024598
v 0.005902 0.308468 -0.029477
v 0.006387 0.308468 -0.027037
v 0.004520 0.308468 -0.031545
v 0.000013 0.308468 -0.033412
v 0.002452 0.308468 -0.032927
v -0.002427 0.308468 -0.032927
v -0.005877 0.308468 -0.029477
v -0.004495 0.308468 -0.031545
v -0.004495 0.316398 -0.031545
v -0.005877 0.316398 -0.029477
v -0.002427 0.316398 -0.032927
v 0.002452 0.316398 -0.032927
v 0.000013 0.316398 -0.033412
v 0.004520 0.316398 -0.031545
v 0.006387 0.316398 -0.027037
v 0.005902 0.316398 -0.029477
v 0.005902 0.316398 -0.024598
v 0.002452 0.316398 -0.021148
v 0.004520 0.316398 -0.022530
v 0.000013 0.316398 -0.020663
v -0.004495 0.316398 -0.022530
v -0.002427 0.316398 -0.021148
v -0.006362 0.316398 -0.027037
v -0.005877 0.316398 -0.024598
v 0.006107 0.307039 -0.024513
v 0.006609 0.307039 -0.027037
v 0.006107 0.307039 -0.029562
v 0.004677 0.307039 -0.031702
v 0.002537 0.307039 -0.033132
v 0.000013 0.307039 -0.033634
v -0.006584 0.307039 -0.027037
v -0.006082 0.307039 -0.024513
v -0.002512 0.307039 -0.033132
v -0.004652 0.307039 -0.031702
v -0.004652 0.307039 -0.022373
v -0.002512 0.307039 -0.020943
v -0.006082 0.307039 -0.029562
v 0.000013 0.307039 -0.020441
v 0.002537 0.307039 -0.020943
v 0.004677 0.307039 -0.022373
v 0.000013 0.316398 -0.027037
v -0.002340 0.321366 -0.028012
v -0.002533 0.321366 -0.027037
v -0.001788 0.321366 -0.028838
v -0.001343 0.321366 -0.029390
v 0.000013 0.321366 -0.029378
v 0.001368 0.321366 -0.029390
v 0.001813 0.321366 -0.028838
v 0.002365 0.321366 -0.028012
v 0.002559 0.321366 -0.027037
v 0.002365 0.321366 -0.026063
v 0.001813 0.321366 -0.025237
v 0.001368 0.321366 -0.024685
v 0.000013 0.321366 -0.024697
v -0.001343 0.321366 -0.024685
v -0.001788 0.321366 -0.025237
v -0.002340 0.321366 -0.026063
v -0.001343 0.325060 -0.028624
v -0.001336 0.325874 -0.029234
v 0.000013 0.325951 -0.029415
v 0.001362 0.325874 -0.029234
v 0.001368 0.325060 -0.028624
v 0.000013 0.325060 -0.028616
v -0.001343 0.325060 -0.025451
v -0.001336 0.325874 -0.024841
v 0.000013 0.325951 -0.024660
v 0.001362 0.325874 -0.024841
v 0.001368 0.325060 -0.025451
v 0.000013 0.325060 -0.025459
v -0.001343 0.324780 -0.025189
v -0.001343 0.323076 -0.024685
v 0.001368 0.323076 -0.024685
v 0.001368 0.324780 -0.025189
v 0.000013 0.324781 -0.025199
v 0.000013 0.323078 -0.024697
v 0.001368 0.324780 -0.028886
v 0.001368 0.323076 -0.029390
v -0.001343 0.323076 -0.029390
v -0.001343 0.324780 -0.028886
v 0.000013 0.324781 -0.028876
v 0.000013 0.323078 -0.029378
v -0.001336 0.323662 -0.023781
v -0.001336 0.325332 -0.024336
v 0.001362 0.325332 -0.024336
v 0.001362 0.323662 -0.023781
v 0.000013 0.323664 -0.023512
v 0.000013 0.325325 -0.024077
v 0.001362 0.323662 -0.030294
v 0.001362 0.325332 -0.029739
v -0.001336 0.325332 -0.029739
v -0.001336 0.323662 -0.030294
v 0.000013 0.323664 -0.030562
v 0.000013 0.325325 -0.029998
v -0.001343 0.325390 -0.025934
v -0.001343 0.325390 -0.028141
v -0.001343 0.325597 -0.027037
v -0.001336 0.326457 -0.028142
v -0.001336 0.326457 -0.025933
v -0.001336 0.326654 -0.027037
v 0.000013 0.326611 -0.028141
v 0.000013 0.326611 -0.025934
v 0.000013 0.326807 -0.027037
v 0.001362 0.326457 -0.028142
v 0.001362 0.326457 -0.025933
v 0.001362 0.326654 -0.027037
v 0.001368 0.325390 -0.028141
v 0.001368 0.325390 -0.025934
v 0.001368 0.325597 -0.027037
v 0.000013 0.325389 -0.028139
v 0.000013 0.325389 -0.025936
v 0.000013 0.325596 -0.027037
v 0.000013 0.321366 -0.027037
v 0.001524 0.325056 -0.029312
v 0.001524 0.323369 -0.029842
v 0.001524 0.323369 -0.024233
v 0.001524 0.325056 -0.024763
v 0.001524 0.325467 -0.025146
v 0.001524 0.325467 -0.028929
v 0.001524 0.321366 -0.024233
v 0.002412 0.321366 -0.024891
v 0.003147 0.321366 -0.025876
v 0.003406 0.321366 -0.027037
v 0.003147 0.321366 -0.028199
v 0.002412 0.321366 -0.029184
v 0.001524 0.321366 -0.029842
v 0.001524 0.325924 -0.028141
v 0.001524 0.326126 -0.027037
v 0.001524 0.325924 -0.025934
v -0.003380 0.321366 -0.027037
v -0.003122 0.321366 -0.028199
v -0.002386 0.321366 -0.029184
v -0.001498 0.321366 -0.029842
v -0.001498 0.321366 -0.024233
v -0.002386 0.321366 -0.024891
v -0.003122 0.321366 -0.025876
v -0.001498 0.325467 -0.028929
v -0.001498 0.325467 -0.025146
v -0.001498 0.323369 -0.024233
v -0.001498 0.325056 -0.024763
v -0.001498 0.325056 -0.029312
v -0.001498 0.323369 -0.029842
v -0.001498 0.325924 -0.028141
v -0.001498 0.326126 -0.027037
v -0.001498 0.325924 -0.025934
vn 0.3744 0.2065 -0.9040
vn 0.6919 0.2065 -0.6919
vn 0.7071 -0.0000 -0.7071
vn 0.3827 -0.0000 -0.9239
vn -0.9040 0.2065 -0.3744
vn -0.6919 0.2065 -0.6919
vn -0.7071 -0.0000 -0.7071
vn -0.9239 -0.0000 -0.3827
vn -0.9040 0.2065 0.3744
vn -0.9784 0.2065 -0.0000
vn -1.0000 -0.0000 -0.0000
vn -0.9239 -0.0000 0.3827
vn 0.9040 0.2065 -0.3744
vn 0.9784 0.2065 -0.0000
vn 1.0000 -0.0000 -0.0000
vn 0.9239 -0.0000 -0.3827
vn -0.0000 0.2065 0.9784
vn -0.3744 0.2065 0.9040
vn -0.3827 -0.0000 0.9239
vn -0.0000 -0.0000 1.0000
vn -0.6919 0.2065 0.6919
vn -0.7071 -0.0000 0.7071
vn -0.3744 0.2065 -0.9040
vn -0.3827 -0.0000 -0.9239
vn -0.9219 0.0655 -0.3819
vn -0.9979 0.0655 -0.0000
vn -0.9625 0.2714 -0.0000
vn -0.8892 0.2714 -0.3683
vn -0.7918 0.5152 -0.3280
vn -0.6060 0.5152 -0.6060
vn -0.6806 0.2714 -0.6806
vn -0.7056 0.0655 -0.7056
vn -0.3280 0.5152 -0.7918
vn -0.3683 0.2714 -0.8892
vn -0.3819 0.0655 -0.9219
vn -0.0000 0.5152 -0.8571
vn -0.0000 0.2714 -0.9625
vn -0.0000 0.0655 -0.9979
vn 0.3280 0.5152 -0.7918
vn 0.3683 0.2714 -0.8892
vn 0.3819 0.0655 -0.9219
vn 0.6060 0.5152 -0.6060
vn 0.6806 0.2714 -0.6806
vn 0.7056 0.0655 -0.7056
vn 0.7918 0.5152 -0.3280
vn 0.8892 0.2714 -0.3683
vn 0.9219 0.0655 -0.3819
vn 0.8571 0.5152 -0.0000
vn 0.9625 0.2714 -0.0000
vn 0.9979 0.0655 -0.0000
vn 0.7918 0.5152 0.3280
vn 0.8892 0.2714 0.3683
vn 0.9219 0.0655 0.3819
vn 0.6060 0.5152 0.6060
vn 0.6806 0.2714 0.6806
vn 0.7056 0.0655 0.7056
vn 0.3280 0.5152 0.7918
vn 0.3683 0.2714 0.8892
vn 0.3819 0.0655 0.9219
vn -0.0000 0.5152 0.8571
vn -0.0000 0.2714 0.9625
vn -0.0000 0.0655 0.9979
vn -0.3280 0.5152 0.7918
vn -0.3683 0.2714 0.8892
vn -0.3819 0.0655 0.9219
vn -0.6060 0.5152 0.6060
vn -0.6806 0.2714 0.6806
vn -0.7056 0.0655 0.7056
vn -0.7918 0.5152 0.3280
vn -0.8892 0.2714 0.3683
vn -0.9219 0.0655 0.3819
vn -0.8571 0.5152 -0.0000
vn -0.9501 -0.0328 -0.3101
vn -0.9527 -0.0555 -0.2988
vn -0.9571 -0.1470 -0.2497
vn -0.9571 -0.1433 -0.2518
vn 0.9040 0.2065 0.3744
vn 0.6919 0.2065 0.6919
vn 0.7071 -0.0000 0.7071
vn 0.9239 -0.0000 0.3827
vn -0.0000 0.2065 -0.9784
vn -0.0000 -0.0000 -1.0000
vn 0.3744 0.2065 0.9040
vn 0.3827 -0.0000 0.9239
vn 0.6365 0.7249 0.2636
vn 0.6889 0.7249 -0.0000
vn -0.6889 0.7249 -0.0000
vn -0.6365 0.7249 0.2636
vn -0.6365 0.7249 -0.2636
vn 0.6365 0.7249 -0.2636
vn -0.4871 0.7249 0.4871
vn 0.4871 0.7249 -0.4871
vn -0.2636 0.7249 0.6365
vn 0.2636 0.7249 -0.6365
vn -0.0000 0.7249 0.6889
vn -0.0000 0.7249 -0.6889
vn 0.2636 0.7249 0.6365
vn -0.2636 0.7249 -0.6365
vn 0.4871 0.7249 0.4871
vn -0.4871 0.7249 -0.4871
vn 0.5582 0.8297 -0.0000
vn 0.5157 0.8297 0.2136
vn 0.3947 0.8297 0.3947
vn 0.2136 0.8297 0.5157
vn -0.5157 0.8297 -0.2136
vn -0.3947 0.8297 -0.3947
vn -0.2136 0.8297 -0.5157
vn -0.0000 0.8297 -0.5582
vn -0.0000 0.8297 0.5582
vn 0.2136 0.8297 -0.5157
vn -0.2136 0.8297 0.5157
vn 0.3947 0.8297 -0.3947
vn -0.3947 0.8297 0.3947
vn 0.5157 0.8297 -0.2136
vn -0.5157 0.8297 0.2136
vn -0.5582 0.8297 -0.0000
vn -0.8621 0.3595 -0.3571
vn -0.9332 0.3595 -0.0000
vn -0.9768 0.2144 -0.0000
vn -0.9024 0.2144 -0.3738
vn -0.9980 0.0625 -0.0000
vn -0.9221 0.0625 -0.3819
vn -0.6598 0.3595 -0.6598
vn -0.6907 0.2144 -0.6907
vn -0.7057 0.0625 -0.7057
vn -0.3571 0.3595 -0.8621
vn -0.3738 0.2144 -0.9024
vn -0.3819 0.0625 -0.9221
vn -0.0000 0.3595 -0.9332
vn -0.0000 0.2144 -0.9768
vn -0.0000 0.0625 -0.9980
vn 0.3571 0.3595 -0.8621
vn 0.3738 0.2144 -0.9024
vn 0.3819 0.0625 -0.9221
vn 0.6598 0.3595 -0.6598
vn 0.6907 0.2144 -0.6907
vn 0.7057 0.0625 -0.7057
vn 0.8621 0.3595 -0.3571
vn 0.9024 0.2144 -0.3738
vn 0.9221 0.0625 -0.3819
vn 0.9332 0.3595 -0.0000
vn 0.9768 0.2144 -0.0000
vn 0.9980 0.0625 -0.0000
vn 0.8621 0.3595 0.3571
vn 0.9024 0.2144 0.3738
vn 0.9221 0.0625 0.3819
vn 0.6598 0.3595 0.6598
vn 0.6907 0.2144 0.6907
vn 0.7057 0.0625 0.7057
vn 0.3571 0.3595 0.8621
vn 0.3738 0.2144 0.9024
vn 0.3819 0.0625 0.9221
vn -0.0000 0.3595 0.9332
vn -0.0000 0.2144 0.9768
vn -0.0000 0.0625 0.9980
vn -0.3571 0.3595 0.8621
vn -0.3738 0.2144 0.9024
vn -0.3819 0.0625 0.9221
vn -0.6598 0.3595 0.6598
vn -0.6907 0.2144 0.6907
vn -0.7057 0.0625 0.7057
vn -0.8621 0.3595 0.3571
vn -0.9024 0.2144 0.3738
vn -0.9221 0.0625 0.3819
vn -0.0000 -1.0000 -0.0000
vn -0.0000 -0.0777 -0.9970
vn 0.3815 -0.0777 -0.9211
vn -0.9211 -0.0777 0.3815
vn -0.9970 -0.0777 -0.0000
vn -0.9211 -0.0777 -0.3815
vn -0.7050 -0.0777 -0.7050
vn -0.3815 -0.0777 -0.9211
vn -0.0000 -0.0777 0.9970
vn -0.3815 -0.0777 0.9211
vn 0.7050 -0.0777 -0.7050
vn 0.3815 -0.0777 0.9211
vn 0.7050 -0.0777 0.7050
vn 0.9211 -0.0777 -0.3815
vn 0.9970 -0.0777 -0.0000
vn -0.7050 -0.0777 0.7050
vn 0.9211 -0.0777 0.3815
vn -0.8513 -0.3886 0.3526
vn -0.9214 -0.3886 -0.0000
vn -0.9608 -0.2771 -0.0000
vn -0.8877 -0.2771 0.3677
vn -0.0000 -0.2771 -0.9608
vn -0.3677 -0.2771 -0.8877
vn -0.3526 -0.3886 -0.8513
vn -0.0000 -0.3886 -0.9214
vn -0.6794 -0.2771 -0.6794
vn -0.8877 -0.2771 -0.3677
vn -0.8513 -0.3886 -0.3526
vn -0.6515 -0.3886 -0.6515
vn 0.8877 -0.2771 -0.3677
vn 0.6794 -0.2771 -0.6794
vn 0.6515 -0.3886 -0.6515
vn 0.8513 -0.3886 -0.3526
vn 0.8877 -0.2771 0.3677
vn 0.9608 -0.2771 -0.0000
vn 0.9214 -0.3886 -0.0000
vn 0.8513 -0.3886 0.3526
vn 0.3677 -0.2771 -0.8877
vn 0.3526 -0.3886 -0.8513
vn 0.6794 -0.2771 0.6794
vn 0.6515 -0.3886 0.6515
vn -0.0000 -0.2771 0.9608
vn 0.3677 -0.2771 0.8877
vn 0.3526 -0.3886 0.8513
vn -0.0000 -0.3886 0.9214
vn -0.3677 -0.2771 0.8877
vn -0.3526 -0.3886 0.8513
vn -0.6794 -0.2771 0.6794
vn -0.6515 -0.3886 0.6515
vn -0.0000 1.0000 -0.0000
vn -0.9538 0.1541 -0.2579
vn -0.9494 0.0602 -0.3082
vn -0.9466 0.0360 -0.3203
vn -0.9538 0.1510 -0.2597
vn -0.9494 0.0602 0.3082
vn -0.9538 0.1541 0.2579
vn -0.9538 0.1510 0.2597
vn -0.9466 0.0360 0.3203
vn 0.9538 0.1541 0.2579
vn 0.9494 0.0602 0.3082
vn 0.9466 0.0360 0.3203
vn 0.9538 0.1510 0.2597
vn 0.0062 -0.4957 -0.8685
vn 0.0081 -0.1428 -0.9897
vn -0.0000 -0.1433 -0.9897
vn -0.0000 -0.4968 -0.8679
vn -0.0000 -0.4968 0.8679
vn -0.0000 -0.1433 0.9897
vn 0.0081 -0.1428 0.9897
vn 0.0062 -0.4957 0.8685
vn -0.0062 -0.4957 0.8685
vn -0.0081 -0.1428 0.9897
vn -0.0000 0.1585 0.9874
vn -0.0000 0.5005 0.8657
vn -0.1609 0.5170 0.8407
vn -0.1907 0.1616 0.9683
vn 0.1609 0.5170 0.8407
vn 0.1907 0.1616 0.9683
vn -0.0000 0.1585 -0.9874
vn -0.0000 0.5005 -0.8657
vn 0.1609 0.5170 -0.8407
vn 0.1907 0.1616 -0.9683
vn -0.1609 0.5170 -0.8407
vn -0.1907 0.1616 -0.9683
vn 0.9494 0.0602 -0.3082
vn 0.9538 0.1541 -0.2579
vn 0.9538 0.1510 -0.2597
vn 0.9466 0.0360 -0.3203
vn -0.9412 -0.0000 0.3378
vn -0.9537 -0.2336 -0.1896
vn -0.9538 -0.2319 -0.1912
vn -0.0087 -0.0000 -1.0000
vn -0.0081 -0.1428 -0.9897
vn -0.0062 -0.4957 -0.8685
vn -0.0036 -0.7578 -0.6525
vn -0.0000 -0.7582 -0.6520
vn 0.0087 -0.0000 -1.0000
vn 0.9454 -0.0000 -0.3260
vn 0.9501 -0.0328 -0.3101
vn 0.9527 -0.0555 -0.2988
vn 0.0036 -0.7578 -0.6525
vn 0.9571 -0.1470 -0.2497
vn 0.9571 -0.1433 -0.2518
vn 0.9538 -0.2319 -0.1912
vn 0.9537 -0.2336 -0.1896
vn 0.9537 -0.2336 0.1896
vn 0.9538 -0.2319 0.1912
vn 0.9571 -0.1433 0.2518
vn 0.9571 -0.1470 0.2497
vn 0.0087 -0.0000 1.0000
vn 0.9412 -0.0000 -0.3378
vn -0.0000 -0.7582 0.6520
vn 0.0036 -0.7578 0.6525
vn -0.0087 -0.0000 1.0000
vn -0.9454 -0.0000 0.3260
vn -0.9501 -0.0328 0.3101
vn -0.9527 -0.0555 0.2988
vn -0.0036 -0.7578 0.6525
vn -0.9537 -0.2336 0.1896
vn -0.9571 -0.1470 0.2497
vn -0.9571 -0.1433 0.2518
vn -0.9538 -0.2319 0.1912
vn -0.0000 0.7903 0.6127
vn -0.1219 0.7936 0.5961
vn -0.1951 -0.0000 0.9808
vn 0.1951 -0.0000 0.9808
vn 0.1219 0.7936 0.5961
vn -0.0000 0.7903 -0.6127
vn 0.1219 0.7936 -0.5961
vn 0.1951 -0.0000 -0.9808
vn -0.1951 -0.0000 -0.9808
vn -0.1219 0.7936 -0.5961
vn -0.0018 -0.9234 0.3838
vn -0.0000 -0.9235 0.3835
vn -0.0010 -1.0000 -0.0000
vn -0.0000 -0.9235 -0.3835
vn -0.0018 -0.9234 -0.3838
vn 0.0018 -0.9234 0.3838
vn 0.0010 -1.0000 -0.0000
vn 0.0018 -0.9234 -0.3838
vn 0.9523 0.2836 -0.1130
vn 0.9536 0.2866 -0.0919
vn 0.9563 0.2923 -0.0000
vn 0.9536 0.2866 0.0919
vn 0.9523 0.2836 0.1130
vn 0.1098 0.9391 -0.3256
vn -0.0000 0.9472 -0.3207
vn 0.1129 0.9936 -0.0000
vn -0.0000 0.9472 0.3207
vn 0.1098 0.9391 0.3256
vn -0.1098 0.9391 -0.3256
vn -0.1129 0.9936 -0.0000
vn -0.1098 0.9391 0.3256
vn -0.9569 -0.2746 0.0942
vn -0.9553 -0.2704 0.1193
vn -0.9595 -0.2817 -0.0000
vn -0.9553 -0.2704 -0.1193
vn -0.9569 -0.2746 -0.0942
vn 0.9553 -0.2704 -0.1193
vn 0.9569 -0.2746 -0.0942
vn 0.9569 -0.2746 0.0942
vn 0.9553 -0.2704 0.1193
vn 0.9527 -0.0555 0.2988
vn 0.9501 -0.0328 0.3101
vn 0.9412 -0.0000 0.3378
vn 0.9510 0.2436 0.1904
vn 0.9510 0.2445 0.1894
vn 0.9510 0.2445 -0.1894
vn 0.9510 0.2436 -0.1904
vn 0.9454 -0.0000 0.3260
vn 0.9595 -0.2817 -0.0000
vn -0.9536 0.2866 -0.0919
vn -0.9510 0.2445 -0.1894
vn -0.9510 0.2436 -0.1904
vn -0.9523 0.2836 -0.1130
vn -0.9510 0.2445 0.1894
vn -0.9536 0.2866 0.0919
vn -0.9523 0.2836 0.1130
vn -0.9510 0.2436 0.1904
vn -0.9563 0.2923 -0.0000
vn -0.9412 -0.0000 -0.3378
vn -0.9454 -0.0000 -0.3260
vt 0.687500 0.500000
vt 0.625000 0.500000
vt 0.937500 0.500000
vt 0.875000 0.500000
vt 0.062500 0.500000
vt 0.000000 0.500000
vt 0.562500 0.500000
vt 0.500000 0.500000
vt 0.250000 0.500000
vt 0.187500 0.500000
vt 0.125000 0.500000
vt 0.812500 0.500000
vt 0.937500 1.000000
vt 1.000000 1.000000
vt 0.999306 1.000000
vt 0.937500 1.000000
vt 0.875000 1.000000
vt 0.812500 1.000000
vt 0.812500 1.000000
vt 0.750000 1.000000
vt 0.687500 1.000000
vt 0.687500 1.000000
vt 0.625000 1.000000
vt 0.562500 1.000000
vt 0.500000 1.000000
vt 0.437500 1.000000
vt 0.375000 1.000000
vt 0.375000 1.000000
vt 0.312500 1.000000
vt 0.250000 1.000000
vt 0.187500 1.000000
vt 0.125000 1.000000
vt 0.125000 1.000000
vt 0.062500 1.000000
vt 0.062500 1.000000
vt 0.000000 1.000000
vt 0.000694 1.000000
vt 0.089836 0.316342
vt 0.059053 0.329093
vt 0.114424 0.329093
vt 0.142502 0.316342
vt 0.437500 0.500000
vt 0.375000 0.500000
vt 0.750000 0.500000
vt 0.312500 0.500000
vt 1.000000 0.500000
vt 0.562500 1.000000
vt 0.187500 1.000000
vt 0.812500 1.000000
vt 0.937500 0.763063
vt 1.000000 0.763063
vt 0.875000 0.763063
vt 0.812500 0.763063
vt 0.750000 0.763063
vt 0.687500 0.763063
vt 0.625000 0.763063
vt 0.562500 0.763063
vt 0.500000 0.763063
vt 0.437500 0.763063
vt 0.375000 0.763063
vt 0.312500 0.763063
vt 0.250000 0.763063
vt 0.187500 0.763063
vt 0.125000 0.763063
vt 0.062500 0.763063
vt 0.000000 0.763063
vt 0.750000 0.479011
vt 0.662361 0.461579
vt 0.658156 0.471731
vt 0.750000 0.490000
vt 0.588064 0.411936
vt 0.538421 0.337639
vt 0.528269 0.341844
vt 0.580294 0.419706
vt 0.520988 0.250000
vt 0.510000 0.250000
vt 0.538421 0.162361
vt 0.588064 0.088064
vt 0.580294 0.080294
vt 0.528269 0.158156
vt 0.662361 0.038421
vt 0.658156 0.028269
vt 0.750000 0.020988
vt 0.837639 0.038421
vt 0.841844 0.028269
vt 0.750000 0.010000
vt 0.911935 0.088064
vt 0.919706 0.080294
vt 0.961579 0.162361
vt 0.979011 0.250000
vt 0.990000 0.250000
vt 0.971731 0.158156
vt 0.961579 0.337639
vt 0.971731 0.341844
vt 0.911936 0.411936
vt 0.837639 0.461579
vt 0.841844 0.471731
vt 0.919706 0.419706
vt 0.750000 0.020988
vt 0.837639 0.038421
vt 0.520989 0.250000
vt 0.538421 0.162361
vt 0.588064 0.088064
vt 0.662361 0.038421
vt 0.662361 0.461579
vt 0.837639 0.461579
vt 0.750000 0.479011
vt 0.911936 0.411936
vt 0.979011 0.250000
vt 0.961579 0.337639
vt 0.961579 0.162361
vt 0.911936 0.088064
vt 0.127416 0.372584
vt 0.250000 0.456680
vt 0.329093 0.440947
vt 0.341844 0.471731
vt 0.250000 0.490000
vt 0.396145 0.396145
vt 0.419706 0.419706
vt 0.440947 0.329093
vt 0.471731 0.341844
vt 0.440947 0.170907
vt 0.396145 0.103855
vt 0.419706 0.080294
vt 0.471731 0.158156
vt 0.329093 0.059053
vt 0.341844 0.028269
vt 0.250000 0.043320
vt 0.250000 0.010000
vt 0.170907 0.059053
vt 0.158156 0.028269
vt 0.103855 0.103855
vt 0.080294 0.080294
vt 0.059053 0.170907
vt 0.028269 0.158156
vt 0.103855 0.396145
vt 0.080294 0.419706
vt 0.028269 0.341844
vt 0.170907 0.440947
vt 0.158156 0.471731
vt 0.413655 0.341844
vt 0.385576 0.329093
vt 0.086345 0.341844
vt 0.361610 1.000000
vt 0.059053 0.170907
vt 0.252056 0.591829
vt 0.142502 0.183658
vt 0.089836 0.183658
vt 0.076640 0.250000
vt 0.133731 0.250000
vt 0.366269 0.250000
vt 0.423360 0.250000
vt 0.410164 0.183658
vt 0.357498 0.183658
vt 0.357498 0.316342
vt 0.410164 0.316342
vt 0.311467 1.000000
vt 0.688533 1.000000
vt 0.638390 1.000000
vt 0.497944 0.591829
vt 0.154526 0.329093
vt 0.169918 0.316342
vt 0.163320 0.250000
vt 0.089836 0.183658
vt 0.169918 0.183658
vt 0.288084 0.591829
vt 0.461916 0.591829
vt 0.330082 0.183658
vt 0.336680 0.250000
vt 0.410164 0.316342
vt 0.330082 0.316342
vt 0.345474 0.329093
vt 0.139134 0.341844
vt 0.406250 1.000000
vt 0.593750 1.000000
vt 0.360866 0.341844
vt 0.305715 0.316342
vt 0.310485 0.250000
vt 0.250000 0.250000
vt 0.250000 0.316342
vt 0.189515 0.250000
vt 0.194285 0.316342
vt 0.305715 0.183658
vt 0.250000 0.183658
vt 0.194285 0.183658
vt 0.426423 0.591829
vt 0.547132 1.000000
vt 0.466596 0.890925
vt 0.358298 0.537292
vt 0.452868 1.000000
vt 0.323577 0.591829
vt 0.558024 1.000000
vt 0.497123 0.992425
vt 0.441976 1.000000
vt 0.305737 0.341844
vt 0.250000 0.338437
vt 0.194263 0.341844
vt 0.305726 0.329093
vt 0.250000 0.327389
vt 0.194274 0.329093
vt 0.183658 0.089836
vt 0.127416 0.127416
vt 0.316342 0.089836
vt 0.372584 0.127416
vt 0.183658 0.410164
vt 0.250000 0.076640
vt 0.316342 0.410164
vt 0.250000 0.423360
vt 0.372584 0.372584
s 1
f 3133/3314/3078 3135/3315/3079 3293/3315/3080 3295/3314/3081
f 3125/3316/3082 3127/3317/3083 3298/3317/3084 3297/3316/3085
f 3153/3318/3086 3123/3319/3087 3284/3319/3088 3283/3318/3089
f 3137/3320/3090 3139/3321/3091 3292/3321/3092 3291/3320/3093
f 3147/3322/3094 3149/3323/3095 3285/3323/3096 3287/3322/3097
f 3151/3324/3098 3153/3318/3086 3283/3318/3089 3286/3324/3099
f 3127/3317/3083 3129/3325/3100 3296/3325/3101 3298/3317/3084
f 3173/3326/3102 3171/3327/3103 3172/3328/3104 3174/3329/3105
f 3174/3329/3105 3233/3326/3106 3208/3330/3107 3176/3330/3108
f 3175/3330/3109 3173/3326/3102 3174/3329/3105 3176/3330/3108
f 3176/3330/3108 3208/3330/3107 3209/3331/3110 3178/3332/3111
f 3177/3332/3112 3175/3330/3109 3176/3330/3108 3178/3332/3111
f 3178/3332/3111 3209/3331/3110 3213/3333/3113 3180/3333/3114
f 3179/3333/3115 3177/3332/3112 3178/3332/3111 3180/3333/3114
f 3180/3333/3114 3213/3333/3113 3217/3334/3116 3182/3335/3117
f 3181/3334/3118 3179/3333/3115 3180/3333/3114 3182/3335/3117
f 3182/3335/3117 3217/3334/3116 3221/3336/3119 3184/3336/3120
f 3183/3336/3121 3181/3334/3118 3182/3335/3117 3184/3336/3120
f 3184/3336/3120 3221/3336/3119 3225/3337/3122 3186/3337/3123
f 3185/3337/3124 3183/3336/3121 3184/3336/3120 3186/3337/3123
f 3186/3337/3123 3225/3337/3122 3229/3338/3125 3188/3338/3126
f 3187/3338/3127 3185/3337/3124 3186/3337/3123 3188/3338/3126
f 3188/3338/3126 3229/3338/3125 3204/3339/3128 3190/3339/3129
f 3189/3339/3130 3187/3338/3127 3188/3338/3126 3190/3339/3129
f 3190/3339/3129 3204/3339/3128 3205/3340/3131 3192/3341/3132
f 3191/3340/3133 3189/3339/3130 3190/3339/3129 3192/3341/3132
f 3192/3341/3132 3205/3340/3131 3211/3342/3134 3194/3342/3135
f 3193/3342/3136 3191/3340/3133 3192/3341/3132 3194/3342/3135
f 3194/3342/3135 3211/3342/3134 3215/3343/3137 3196/3343/3138
f 3195/3343/3139 3193/3342/3136 3194/3342/3135 3196/3343/3138
f 3196/3343/3138 3215/3343/3137 3219/3344/3140 3198/3344/3141
f 3197/3344/3142 3195/3343/3139 3196/3343/3138 3198/3344/3141
f 3198/3344/3141 3219/3344/3140 3223/3345/3143 3200/3346/3144
f 3199/3345/3145 3197/3344/3142 3198/3344/3141 3200/3346/3144
f 3200/3346/3144 3223/3345/3143 3227/3347/3146 3202/3348/3147
f 3201/3347/3148 3199/3345/3145 3200/3346/3144 3202/3348/3147
f 3202/3348/3147 3227/3347/3146 3232/3349/3149 3172/3350/3104
f 3171/3349/3103 3201/3347/3148 3202/3348/3147 3172/3350/3104
f 3377/3351/3150 3444/3352/3151 3445/3353/3152 3376/3354/3153
f 3141/3355/3154 3143/3356/3155 3288/3356/3156 3290/3355/3157
f 3131/3357/3158 3133/3314/3078 3295/3314/3081 3294/3357/3159
f 3145/3358/3160 3147/3322/3094 3287/3322/3097 3289/3358/3161
f 3135/3315/3079 3137/3320/3090 3291/3320/3093 3293/3315/3080
f 3149/3323/3095 3151/3324/3098 3286/3324/3099 3285/3323/3096
f 3139/3321/3091 3141/3355/3154 3290/3355/3157 3292/3321/3092
f 3143/3356/3155 3145/3358/3160 3289/3358/3161 3288/3356/3156
f 3123/3359/3087 3125/3316/3082 3297/3316/3085 3284/3359/3088
f 3129/3325/3100 3131/3357/3158 3294/3357/3159 3296/3325/3101
f 3203/3339/3162 3204/3339/3128 3229/3338/3125 3230/3338/3163
f 3231/3349/3164 3232/3349/3149 3227/3347/3146 3228/3347/3165
f 3234/3326/3166 3233/3326/3106 3232/3327/3149 3231/3327/3164
f 3230/3338/3163 3229/3338/3125 3225/3337/3122 3226/3360/3167
f 3228/3347/3165 3227/3347/3146 3223/3345/3143 3224/3345/3168
f 3226/3360/3167 3225/3337/3122 3221/3336/3119 3222/3336/3169
f 3224/3345/3168 3223/3345/3143 3219/3344/3140 3220/3361/3170
f 3222/3336/3169 3221/3336/3119 3217/3334/3116 3218/3334/3171
f 3220/3361/3170 3219/3344/3140 3215/3343/3137 3216/3343/3172
f 3218/3334/3171 3217/3334/3116 3213/3333/3113 3214/3333/3173
f 3216/3343/3172 3215/3343/3137 3211/3342/3134 3212/3342/3174
f 3214/3333/3173 3213/3333/3113 3209/3331/3110 3210/3362/3175
f 3212/3342/3174 3211/3342/3134 3205/3340/3131 3206/3340/3176
f 3210/3362/3175 3209/3331/3110 3208/3330/3107 3207/3330/3177
f 3206/3340/3176 3205/3340/3131 3204/3339/3128 3203/3339/3162
f 3172/3328/3104 3232/3327/3149 3233/3326/3106 3174/3329/3105
f 3203/3339/3162 3230/3338/3163 3163/3338/3178 3164/3339/3179
f 3206/3340/3176 3203/3339/3162 3164/3339/3179 3165/3340/3180
f 3212/3342/3174 3206/3340/3176 3165/3340/3180 3166/3342/3181
f 3207/3330/3177 3234/3326/3166 3156/3326/3182 3157/3330/3183
f 3210/3362/3175 3207/3330/3177 3157/3330/3183 3158/3332/3184
f 3214/3333/3173 3210/3362/3175 3158/3332/3184 3159/3333/3185
f 3216/3343/3172 3212/3342/3174 3166/3342/3181 3167/3343/3186
f 3218/3334/3171 3214/3333/3173 3159/3333/3185 3160/3334/3187
f 3220/3361/3170 3216/3343/3172 3167/3343/3186 3168/3344/3188
f 3222/3336/3169 3218/3334/3171 3160/3334/3187 3161/3336/3189
f 3224/3345/3168 3220/3361/3170 3168/3344/3188 3169/3345/3190
f 3226/3360/3167 3222/3336/3169 3161/3336/3189 3162/3337/3191
f 3228/3347/3165 3224/3345/3168 3169/3345/3190 3170/3347/3192
f 3230/3338/3163 3226/3360/3167 3162/3337/3191 3163/3338/3178
f 3231/3349/3164 3228/3347/3165 3170/3347/3192 3155/3349/3193
f 3234/3326/3166 3231/3327/3164 3155/3327/3193 3156/3326/3182
f 3239/3363/3194 3235/3364/3195 3237/3327/3196 3240/3326/3197
f 3240/3326/3197 3237/3327/3196 3236/3327/3198 3238/3326/3199
f 3242/3365/3200 3239/3363/3194 3240/3326/3197 3243/3330/3201
f 3243/3330/3201 3240/3326/3197 3238/3326/3199 3241/3330/3202
f 3245/3366/3203 3242/3365/3200 3243/3330/3201 3246/3332/3204
f 3246/3332/3204 3243/3330/3201 3241/3330/3202 3244/3332/3205
f 3248/3367/3206 3245/3366/3203 3246/3332/3204 3249/3333/3207
f 3249/3333/3207 3246/3332/3204 3244/3332/3205 3247/3333/3208
f 3251/3368/3209 3248/3367/3206 3249/3333/3207 3252/3334/3210
f 3252/3334/3210 3249/3333/3207 3247/3333/3208 3250/3334/3211
f 3254/3369/3212 3251/3368/3209 3252/3334/3210 3255/3336/3213
f 3255/3336/3213 3252/3334/3210 3250/3334/3211 3253/3336/3214
f 3257/3370/3215 3254/3369/3212 3255/3336/3213 3258/3337/3216
f 3258/3337/3216 3255/3336/3213 3253/3336/3214 3256/3337/3217
f 3260/3371/3218 3257/3370/3215 3258/3337/3216 3261/3338/3219
f 3261/3338/3219 3258/3337/3216 3256/3337/3217 3259/3338/3220
f 3263/3372/3221 3260/3371/3218 3261/3338/3219 3264/3339/3222
f 3264/3339/3222 3261/3338/3219 3259/3338/3220 3262/3339/3223
f 3266/3373/3224 3263/3372/3221 3264/3339/3222 3267/3340/3225
f 3267/3340/3225 3264/3339/3222 3262/3339/3223 3265/3340/3226
f 3269/3374/3227 3266/3373/3224 3267/3340/3225 3270/3342/3228
f 3270/3342/3228 3267/3340/3225 3265/3340/3226 3268/3342/3229
f 3272/3375/3230 3269/3374/3227 3270/3342/3228 3273/3343/3231
f 3273/3343/3231 3270/3342/3228 3268/3342/3229 3271/3343/3232
f 3275/3376/3233 3272/3375/3230 3273/3343/3231 3276/3344/3234
f 3276/3344/3234 3273/3343/3231 3271/3343/3232 3274/3344/3235
f 3278/3377/3236 3275/3376/3233 3276/3344/3234 3279/3345/3237
f 3279/3345/3237 3276/3344/3234 3274/3344/3235 3277/3345/3238
f 3281/3378/3239 3278/3377/3236 3279/3345/3237 3282/3347/3240
f 3282/3347/3240 3279/3345/3237 3277/3345/3238 3280/3347/3241
f 3235/3379/3195 3281/3378/3239 3282/3347/3240 3237/3349/3196
f 3237/3349/3196 3282/3347/3240 3280/3347/3241 3236/3349/3198
f 3238/3326/3199 3236/3327/3198 3171/3327/3103 3173/3326/3102
f 3123/3359/3087 3235/3364/3195 3239/3363/3194 3125/3316/3082
f 3153/3318/3086 3281/3378/3239 3235/3379/3195 3123/3319/3087
f 3236/3349/3198 3280/3347/3241 3201/3347/3148 3171/3349/3103
f 3125/3316/3082 3239/3363/3194 3242/3365/3200 3127/3317/3083
f 3241/3330/3202 3238/3326/3199 3173/3326/3102 3175/3330/3109
f 3127/3317/3083 3242/3365/3200 3245/3366/3203 3129/3325/3100
f 3244/3332/3205 3241/3330/3202 3175/3330/3109 3177/3332/3112
f 3129/3325/3100 3245/3366/3203 3248/3367/3206 3131/3357/3158
f 3247/3333/3208 3244/3332/3205 3177/3332/3112 3179/3333/3115
f 3131/3357/3158 3248/3367/3206 3251/3368/3209 3133/3314/3078
f 3250/3334/3211 3247/3333/3208 3179/3333/3115 3181/3334/3118
f 3133/3314/3078 3251/3368/3209 3254/3369/3212 3135/3315/3079
f 3253/3336/3214 3250/3334/3211 3181/3334/3118 3183/3336/3121
f 3135/3315/3079 3254/3369/3212 3257/3370/3215 3137/3320/3090
f 3256/3337/3217 3253/3336/3214 3183/3336/3121 3185/3337/3124
f 3137/3320/3090 3257/3370/3215 3260/3371/3218 3139/3321/3091
f 3259/3338/3220 3256/3337/3217 3185/3337/3124 3187/3338/3127
f 3139/3321/3091 3260/3371/3218 3263/3372/3221 3141/3355/3154
f 3262/3339/3223 3259/3338/3220 3187/3338/3127 3189/3339/3130
f 3141/3355/3154 3263/3372/3221 3266/3373/3224 3143/3356/3155
f 3265/3340/3226 3262/3339/3223 3189/3339/3130 3191/3340/3133
f 3143/3356/3155 3266/3373/3224 3269/3374/3227 3145/3358/3160
f 3268/3342/3229 3265/3340/3226 3191/3340/3133 3193/3342/3136
f 3145/3358/3160 3269/3374/3227 3272/3375/3230 3147/3322/3094
f 3271/3343/3232 3268/3342/3229 3193/3342/3136 3195/3343/3139
f 3147/3322/3094 3272/3375/3230 3275/3376/3233 3149/3323/3095
f 3274/3344/3235 3271/3343/3232 3195/3343/3139 3197/3344/3142
f 3149/3323/3095 3275/3376/3233 3278/3377/3236 3151/3324/3098
f 3277/3345/3238 3274/3344/3235 3197/3344/3142 3199/3345/3145
f 3151/3324/3098 3278/3377/3236 3281/3378/3239 3153/3318/3086
f 3280/3347/3241 3277/3345/3238 3199/3345/3145 3201/3347/3148
f 3154/3380/3242 3124/3381/3242 3283/3382/3242 3284/3383/3242
f 3126/3384/3242 3128/3385/3242 3285/3386/3242 3286/3387/3242
f 3128/3385/3242 3130/3388/3242 3287/3389/3242 3285/3386/3242
f 3132/3390/3242 3134/3391/3242 3288/3392/3242 3289/3393/3242
f 3134/3391/3242 3136/3394/3242 3290/3395/3242 3288/3392/3242
f 3138/3396/3242 3140/3397/3242 3291/3398/3242 3292/3399/3242
f 3140/3397/3242 3142/3400/3242 3293/3401/3242 3291/3398/3242
f 3144/3402/3242 3146/3403/3242 3294/3404/3242 3295/3405/3242
f 3146/3403/3242 3148/3406/3242 3296/3407/3242 3294/3404/3242
f 3150/3408/3242 3152/3409/3242 3297/3410/3242 3298/3411/3242
f 3152/3409/3242 3154/3380/3242 3284/3383/3242 3297/3410/3242
f 3124/3381/3242 3126/3384/3242 3286/3387/3242 3283/3382/3242
f 3130/3388/3242 3132/3390/3242 3289/3393/3242 3287/3389/3242
f 3136/3394/3242 3138/3396/3242 3292/3399/3242 3290/3395/3242
f 3142/3400/3242 3144/3402/3242 3295/3405/3242 3293/3401/3242
f 3148/3406/3242 3150/3408/3242 3298/3411/3242 3296/3407/3242
f 3303/3388/3243 3301/3385/3244 3328/3385/3081 3326/3388/3159
f 3307/3397/3245 3308/3396/3246 3321/3396/3088 3322/3397/3089
f 3306/3394/3247 3304/3391/3248 3325/3391/3084 3323/3394/3085
f 3304/3391/3248 3305/3390/3249 3324/3390/3101 3325/3391/3084
f 3329/3380/3242 3316/3409/3242 3347/3380/3242
f 3328/3385/3242 3327/3384/3242 3347/3385/3242
f 3323/3394/3242 3325/3391/3242 3347/3394/3242
f 3317/3406/3242 3319/3403/3242 3347/3406/3242
f 3327/3384/3242 3330/3381/3242 3347/3384/3242
f 3318/3402/3242 3320/3400/3242 3347/3402/3242
f 3322/3397/3242 3321/3396/3242 3347/3397/3242
f 3315/3408/3242 3317/3406/3242 3347/3408/3242
f 3310/3403/3250 3311/3402/3251 3318/3402/3096 3319/3403/3097
f 3301/3385/3244 3302/3384/3252 3327/3384/3080 3328/3385/3081
f 3312/3406/3253 3310/3403/3250 3319/3403/3097 3317/3406/3161
f 3314/3408/3254 3312/3406/3253 3317/3406/3161 3315/3408/3156
f 3299/3381/3255 3300/3380/3256 3329/3380/3092 3330/3381/3093
f 3311/3402/3251 3309/3400/3257 3320/3400/3099 3318/3402/3096
f 3309/3400/3257 3307/3397/3245 3322/3397/3089 3320/3400/3099
f 3308/3396/3246 3306/3394/3247 3323/3394/3085 3321/3396/3088
f 3305/3390/3249 3303/3388/3243 3326/3388/3159 3324/3390/3101
f 3302/3384/3252 3299/3381/3255 3330/3381/3093 3327/3384/3080
f 3300/3380/3256 3313/3409/3258 3316/3409/3157 3329/3380/3092
f 3325/3391/3242 3324/3390/3242 3347/3391/3242
f 3320/3400/3242 3322/3397/3242 3347/3400/3242
f 3326/3388/3242 3328/3385/3242 3347/3388/3242
f 3319/3403/3242 3318/3402/3242 3347/3403/3242
f 3316/3409/3242 3315/3408/3242 3347/3409/3242
f 3324/3390/3242 3326/3388/3242 3347/3390/3242
f 3321/3396/3242 3323/3394/3242 3347/3396/3242
f 3330/3381/3242 3329/3380/3242 3347/3381/3242
f 3313/3409/3258 3314/3408/3254 3315/3408/3156 3316/3409/3157
f 3140/3397/3259 3138/3396/3260 3332/3412/3261 3333/3413/3262
f 3344/3414/3263 3303/3388/3243 3305/3390/3249 3345/3415/3264
f 3132/3390/3265 3130/3388/3266 3344/3414/3263 3345/3415/3264
f 3346/3416/3267 3304/3391/3248 3306/3394/3247 3331/3417/3268
f 3136/3394/3269 3134/3391/3270 3346/3416/3267 3331/3417/3268
f 3338/3418/3271 3299/3381/3255 3302/3384/3252 3341/3384/3272
f 3126/3384/3273 3124/3381/3274 3338/3418/3271 3341/3384/3272
f 3345/3415/3264 3305/3390/3249 3304/3391/3248 3346/3416/3267
f 3134/3391/3270 3132/3390/3265 3345/3415/3264 3346/3416/3267
f 3343/3419/3275 3313/3409/3258 3300/3380/3256 3337/3420/3276
f 3154/3380/3277 3152/3409/3278 3343/3419/3275 3337/3420/3276
f 3342/3385/3279 3301/3385/3244 3303/3388/3243 3344/3414/3263
f 3130/3388/3266 3128/3385/3280 3342/3385/3279 3344/3414/3263
f 3340/3421/3281 3314/3408/3254 3313/3409/3258 3343/3419/3275
f 3152/3409/3278 3150/3408/3282 3340/3421/3281 3343/3419/3275
f 3341/3384/3272 3302/3384/3252 3301/3385/3244 3342/3385/3279
f 3128/3385/3280 3126/3384/3273 3341/3384/3272 3342/3385/3279
f 3336/3422/3283 3310/3403/3250 3312/3406/3253 3339/3423/3284
f 3148/3406/3285 3146/3403/3286 3336/3422/3283 3339/3423/3284
f 3339/3423/3284 3312/3406/3253 3314/3408/3254 3340/3421/3281
f 3150/3408/3282 3148/3406/3285 3339/3423/3284 3340/3421/3281
f 3337/3420/3276 3300/3380/3256 3299/3381/3255 3338/3418/3271
f 3124/3381/3274 3154/3380/3277 3337/3420/3276 3338/3418/3271
f 3335/3424/3287 3311/3402/3251 3310/3403/3250 3336/3422/3283
f 3146/3403/3286 3144/3402/3288 3335/3424/3287 3336/3422/3283
f 3334/3425/3289 3309/3400/3257 3311/3402/3251 3335/3424/3287
f 3144/3402/3288 3142/3400/3290 3334/3425/3289 3335/3424/3287
f 3333/3413/3262 3307/3397/3245 3309/3400/3257 3334/3425/3289
f 3142/3400/3290 3140/3397/3259 3333/3413/3262 3334/3425/3289
f 3331/3417/3268 3306/3394/3247 3308/3396/3246 3332/3412/3261
f 3138/3396/3260 3136/3394/3269 3331/3417/3268 3332/3412/3261
f 3207/3330/3177 3208/3330/3107 3233/3326/3106 3234/3326/3166
f 3362/3426/3291 3361/3351/3291 3418/3426/3291
f 3435/3427/3291 3436/3428/3291 3156/3429/3291 3155/3430/3291
f 3436/3428/3291 3437/3431/3291 3157/3432/3291 3156/3429/3291
f 3437/3431/3291 3438/3433/3291 3158/3434/3291 3157/3432/3291
f 3431/3435/3291 3430/3436/3291 3161/3437/3291 3160/3438/3291
f 3430/3436/3291 3429/3439/3291 3162/3440/3291 3161/3437/3291
f 3429/3439/3291 3428/3441/3291 3163/3442/3291 3162/3440/3291
f 3428/3441/3291 3427/3443/3291 3164/3444/3291 3163/3442/3291
f 3427/3443/3291 3426/3445/3291 3165/3446/3291 3164/3444/3291
f 3426/3445/3291 3425/3447/3291 3166/3448/3291 3165/3446/3291
f 3439/3352/3291 3440/3449/3291 3169/3450/3291 3168/3451/3291
f 3440/3449/3291 3441/3452/3291 3170/3453/3291 3169/3450/3291
f 3441/3452/3291 3435/3427/3291 3155/3430/3291 3170/3453/3291
f 3396/3454/3292 3397/3434/3293 3447/3433/3294 3446/3455/3295
f 3388/3451/3296 3389/3456/3297 3445/3353/3298 3444/3352/3299
f 3390/3457/3300 3391/3448/3301 3421/3458/3302 3422/3459/3303
f 3379/3460/3304 3378/3461/3305 3381/3462/3306 3380/3463/3307
f 3386/3464/3308 3387/3465/3309 3383/3466/3310 3382/3467/3311
f 3385/3468/3312 3384/3469/3313 3387/3465/3309 3386/3464/3308
f 3392/3343/3314 3393/3470/3315 3389/3456/3316 3388/3344/3317
f 3390/3457/3318 3393/3470/3315 3392/3343/3314 3391/3342/3319
f 3398/3333/3320 3399/3471/3321 3395/3472/3322 3394/3334/3323
f 3396/3454/3324 3399/3471/3321 3398/3333/3320 3397/3332/3325
f 3394/3438/3326 3395/3472/3327 3419/3473/3328 3420/3435/3329
f 3439/3352/3330 3168/3451/3330 3388/3451/3296 3444/3352/3299
f 3445/3353/3152 3443/3474/3331 3370/3475/3332 3376/3354/3153
f 3360/3462/3159 3361/3351/3333 3377/3351/3334 3381/3462/3306
f 3376/3354/3335 3370/3475/3336 3375/3476/3337 3380/3463/3307
f 3359/3477/3338 3360/3462/3159 3381/3462/3306 3378/3461/3305
f 3425/3447/3339 3359/3477/3339 3378/3461/3340 3421/3458/3341
f 3380/3463/3307 3375/3476/3337 3374/3478/3342 3379/3460/3304
f 3422/3459/3343 3379/3460/3344 3374/3478/3345 3423/3479/3346
f 3424/3480/3347 3368/3481/3348 3382/3467/3349 3419/3473/3350
f 3352/3465/3097 3353/3466/3351 3383/3466/3310 3387/3465/3309
f 3431/3435/3352 3160/3438/3352 3394/3438/3326 3420/3435/3329
f 3369/3482/3353 3386/3464/3308 3382/3467/3311 3368/3481/3354
f 3351/3483/3355 3352/3465/3097 3387/3465/3309 3384/3469/3313
f 3438/3433/3356 3351/3483/3356 3384/3469/3357 3447/3433/3358
f 3364/3484/3359 3385/3468/3312 3386/3464/3308 3369/3482/3353
f 3442/3485/3360 3446/3455/3361 3385/3468/3362 3364/3484/3363
f 3389/3456/3316 3393/3470/3315 3372/3340/3364 3371/3486/3365
f 3168/3344/3366 3167/3343/3097 3392/3343/3314 3388/3344/3317
f 3167/3343/3097 3166/3342/3367 3391/3342/3319 3392/3343/3314
f 3393/3470/3315 3390/3457/3318 3373/3487/3368 3372/3340/3364
f 3366/3336/3369 3367/3488/3370 3395/3472/3322 3399/3471/3321
f 3160/3334/3371 3159/3333/3159 3398/3333/3320 3394/3334/3323
f 3159/3333/3159 3158/3332/3372 3397/3332/3325 3398/3333/3320
f 3365/3489/3373 3366/3336/3369 3399/3471/3321 3396/3454/3324
f 3401/3490/3374 3415/3491/3375 3417/3492/3242 3402/3493/3376
f 3402/3493/3376 3417/3492/3242 3416/3494/3377 3400/3495/3378
f 3415/3491/3375 3412/3496/3379 3414/3497/3380 3417/3492/3242
f 3417/3492/3242 3414/3497/3380 3413/3498/3381 3416/3494/3377
f 3432/3499/3382 3409/3500/3383 3411/3501/3384 3433/3502/3384
f 3433/3502/3384 3411/3501/3384 3410/3503/3385 3434/3504/3386
f 3409/3500/3387 3406/3505/3388 3408/3506/3291 3411/3501/3389
f 3411/3501/3389 3408/3506/3291 3407/3507/3390 3410/3503/3391
f 3406/3505/3388 3403/3508/3392 3405/3509/3393 3408/3506/3291
f 3408/3506/3291 3405/3509/3393 3404/3510/3394 3407/3507/3390
f 3448/3511/3395 3401/3490/3396 3402/3493/3397 3449/3512/3397
f 3449/3512/3397 3402/3493/3397 3400/3495/3398 3450/3513/3399
f 3443/3474/3331 3450/3513/3399 3400/3495/3398 3370/3475/3332
f 3370/3475/3336 3400/3495/3378 3416/3494/3377 3375/3476/3337
f 3448/3511/3395 3442/3485/3360 3364/3484/3363 3401/3490/3396
f 3401/3490/3374 3364/3484/3359 3369/3482/3353 3415/3491/3375
f 3371/3486/3365 3372/3340/3364 3407/3507/3390 3404/3510/3394
f 3403/3508/3392 3406/3505/3388 3366/3336/3369 3365/3489/3373
f 3372/3340/3364 3373/3487/3368 3410/3503/3391 3407/3507/3390
f 3406/3505/3388 3409/3500/3387 3367/3488/3370 3366/3336/3369
f 3423/3479/3346 3374/3478/3345 3413/3498/3400 3434/3504/3401
f 3432/3499/3402 3412/3496/3403 3368/3481/3348 3424/3480/3347
f 3375/3476/3337 3416/3494/3377 3413/3498/3381 3374/3478/3342
f 3415/3491/3375 3369/3482/3353 3368/3481/3354 3412/3496/3379
f 3357/3514/3291 3358/3515/3291 3426/3445/3291 3427/3443/3291
f 3355/3516/3291 3354/3517/3291 3418/3516/3291
f 3363/3518/3291 3362/3426/3291 3418/3518/3291
f 3356/3519/3291 3355/3516/3291 3418/3519/3291
f 3348/3520/3291 3349/3521/3291 3418/3520/3291
f 3349/3521/3291 3363/3518/3291 3418/3521/3291
f 3357/3514/3291 3356/3519/3291 3418/3514/3291
f 3350/3522/3291 3348/3520/3291 3418/3522/3291
f 3358/3515/3291 3357/3514/3291 3418/3515/3291
f 3351/3483/3291 3350/3522/3291 3418/3483/3291
f 3359/3477/3291 3358/3515/3291 3418/3477/3291
f 3352/3465/3291 3351/3483/3291 3418/3465/3291
f 3360/3462/3291 3359/3477/3291 3418/3462/3291
f 3353/3466/3291 3352/3465/3291 3418/3466/3291
f 3361/3351/3291 3360/3462/3291 3418/3351/3291
f 3354/3517/3291 3353/3466/3291 3418/3517/3291
f 3358/3515/3291 3359/3477/3291 3425/3447/3291 3426/3445/3291
f 3420/3435/3404 3419/3473/3350 3382/3467/3349 3383/3466/3405
f 3385/3468/3362 3446/3455/3361 3447/3433/3358 3384/3469/3357
f 3166/3448/3406 3425/3447/3406 3421/3458/3302 3391/3448/3301
f 3390/3457/3300 3422/3459/3303 3423/3479/3407 3373/3487/3408
f 3367/3488/3409 3424/3480/3410 3419/3473/3328 3395/3472/3327
f 3353/3466/3411 3431/3435/3411 3420/3435/3404 3383/3466/3405
f 3412/3496/3403 3432/3499/3402 3433/3502/3412 3414/3497/3412
f 3414/3497/3412 3433/3502/3412 3434/3504/3401 3413/3498/3400
f 3373/3487/3408 3423/3479/3407 3434/3504/3386 3410/3503/3385
f 3409/3500/3383 3432/3499/3382 3424/3480/3410 3367/3488/3409
f 3356/3519/3291 3357/3514/3291 3427/3443/3291 3428/3441/3291
f 3355/3516/3291 3356/3519/3291 3428/3441/3291 3429/3439/3291
f 3354/3517/3291 3355/3516/3291 3429/3439/3291 3430/3436/3291
f 3353/3466/3291 3354/3517/3291 3430/3436/3291 3431/3435/3291
f 3403/3508/3413 3365/3489/3414 3442/3485/3415 3448/3511/3416
f 3371/3486/3417 3404/3510/3418 3450/3513/3419 3443/3474/3420
f 3405/3509/3421 3449/3512/3421 3450/3513/3419 3404/3510/3418
f 3403/3508/3413 3448/3511/3416 3449/3512/3421 3405/3509/3421
f 3365/3489/3414 3396/3454/3292 3446/3455/3295 3442/3485/3415
f 3158/3434/3422 3438/3433/3422 3447/3433/3294 3397/3434/3293
f 3389/3456/3297 3371/3486/3417 3443/3474/3420 3445/3353/3298
f 3361/3351/3423 3439/3352/3423 3444/3352/3151 3377/3351/3150
f 3380/3463/3307 3381/3462/3306 3377/3351/3334 3376/3354/3335
f 3422/3459/3343 3421/3458/3341 3378/3461/3340 3379/3460/3344
f 3363/3518/3291 3349/3521/3291 3435/3427/3291 3441/3452/3291
f 3362/3426/3291 3363/3518/3291 3441/3452/3291 3440/3449/3291
f 3361/3351/3291 3362/3426/3291 3440/3449/3291 3439/3352/3291
f 3350/3522/3291 3351/3483/3291 3438/3433/3291 3437/3431/3291
f 3348/3520/3291 3350/3522/3291 3437/3431/3291 3436/3428/3291
f 3349/3521/3291 3348/3520/3291 3436/3428/3291 3435/3427/3291
f 3332/3412/3261 3308/3396/3246 3307/3397/3245 3333/3413/3262
o Cylinder.001
v 0.000013 0.444802 0.122781
v 0.000013 0.442312 0.366235
v 0.005504 0.443932 0.122781
v 0.004735 0.441565 0.366235
v 0.010457 0.441408 0.122781
v 0.008994 0.439394 0.366235
v 0.014388 0.437477 0.122781
v 0.012375 0.436014 0.366235
v 0.016912 0.432523 0.122781
v 0.014545 0.431754 0.366235
v 0.017782 0.427032 0.122781
v 0.015293 0.427032 0.366235
v 0.016912 0.421541 0.122781
v 0.014545 0.422310 0.366235
v 0.014388 0.416588 0.122781
v 0.012375 0.418051 0.366235
v 0.010457 0.412656 0.122781
v 0.008994 0.414670 0.366235
v 0.005504 0.410133 0.122781
v 0.004735 0.412500 0.366235
v 0.000013 0.409263 0.122781
v 0.000013 0.411752 0.366235
v -0.005478 0.410133 0.122781
v -0.004709 0.412500 0.366235
v -0.010432 0.412656 0.122781
v -0.008969 0.414670 0.366235
v -0.014363 0.416588 0.122781
v -0.012349 0.418051 0.366235
v -0.016887 0.421541 0.122781
v -0.014520 0.422310 0.366235
v -0.017757 0.427032 0.122781
v -0.015268 0.427032 0.366235
v -0.016887 0.432523 0.122781
v -0.014520 0.431754 0.366235
v -0.014363 0.437477 0.122781
v -0.012349 0.436014 0.366235
v -0.010432 0.441408 0.122781
v -0.008969 0.439394 0.366235
v -0.005478 0.443932 0.122781
v -0.004709 0.441565 0.366235
v 0.000013 0.446073 0.119316
v 0.005897 0.445141 0.119316
v 0.011205 0.442436 0.119316
v 0.015417 0.438224 0.119316
v 0.018121 0.432916 0.119316
v 0.019053 0.427032 0.119316
v 0.018121 0.421148 0.119316
v 0.015417 0.415840 0.119316
v 0.011205 0.411628 0.119316
v 0.005897 0.408923 0.119316
v 0.000013 0.407992 0.119316
v -0.005871 0.408923 0.119316
v -0.011179 0.411628 0.119316
v -0.015391 0.415840 0.119316
v -0.018096 0.421148 0.119316
v -0.019028 0.427032 0.119316
v -0.018096 0.432916 0.119316
v -0.015391 0.438224 0.119316
v -0.011179 0.442436 0.119316
v -0.005871 0.445141 0.119316
v 0.000013 0.446073 0.013914
v 0.005897 0.445141 0.013914
v 0.011205 0.442436 0.013914
v 0.015417 0.438224 0.013914
v 0.018121 0.432916 0.013914
v 0.019053 0.427032 0.013914
v 0.018121 0.421148 0.013914
v 0.015417 0.415840 0.013914
v 0.011205 0.411628 0.013914
v 0.005897 0.408923 0.013914
v 0.000013 0.407992 0.013914
v -0.005871 0.408923 0.013914
v -0.011179 0.411628 0.013914
v -0.015391 0.415840 0.013914
v -0.018096 0.421148 0.013914
v -0.019028 0.427032 0.013914
v -0.018096 0.432916 0.013914
v -0.015391 0.438224 0.013914
v -0.011179 0.442436 0.013914
v -0.005871 0.445141 0.013914
v 0.005504 0.443932 0.366235
v 0.000013 0.444802 0.366235
v 0.010457 0.441408 0.366235
v 0.014388 0.437477 0.366235
v 0.016912 0.432523 0.366235
v 0.017782 0.427032 0.366235
v 0.016912 0.421541 0.366235
v 0.014388 0.416588 0.366235
v 0.010457 0.412656 0.366235
v 0.005504 0.410133 0.366235
v 0.000013 0.409263 0.366235
v -0.005478 0.410133 0.366235
v -0.010432 0.412656 0.366235
v -0.014363 0.416588 0.366235
v -0.016887 0.421541 0.366235
v -0.017757 0.427032 0.366235
v -0.016887 0.432523 0.366235
v -0.014363 0.437477 0.366235
v -0.010432 0.441408 0.366235
v -0.005478 0.443932 0.366235
v 0.004735 0.441565 0.337091
v 0.000013 0.442312 0.337091
v 0.008994 0.439394 0.337091
v 0.012375 0.436014 0.337091
v 0.014545 0.431754 0.337091
v 0.015293 0.427032 0.337091
v 0.014545 0.422310 0.337091
v 0.012375 0.418051 0.337091
v 0.008994 0.414670 0.337091
v 0.004735 0.412500 0.337091
v 0.000013 0.411752 0.337091
v -0.004709 0.412500 0.337091
v -0.008969 0.414670 0.337091
v -0.012349 0.418051 0.337091
v -0.014520 0.422310 0.337091
v -0.015268 0.427032 0.337091
v -0.014520 0.431754 0.337091
v -0.012349 0.436014 0.337091
v -0.008969 0.439394 0.337091
v -0.004709 0.441565 0.337091
v 0.000013 0.427032 0.337091
v -0.002849 0.443276 0.358936
v -0.002849 0.449001 0.353054
v -0.002849 0.443276 0.343954
v -0.002849 0.449001 0.348499
v 0.002875 0.443276 0.358936
v 0.002875 0.449001 0.353054
v 0.002875 0.443276 0.343954
v 0.002875 0.449001 0.348499
vn -0.0000 0.9840 0.1780
vn -0.0000 1.0000 -0.0000
vn 0.3090 0.9511 -0.0000
vn 0.3041 0.9359 0.1780
vn 0.5878 0.8090 -0.0000
vn 0.5784 0.7961 0.1780
vn 0.8090 0.5878 -0.0000
vn 0.7961 0.5784 0.1780
vn 0.9511 0.3090 -0.0000
vn 0.9359 0.3041 0.1780
vn 1.0000 -0.0000 -0.0000
vn 0.9840 -0.0000 0.1780
vn 0.9511 -0.3090 -0.0000
vn 0.9359 -0.3041 0.1780
vn 0.8090 -0.5878 -0.0000
vn 0.7961 -0.5784 0.1780
vn 0.5878 -0.8090 -0.0000
vn 0.5784 -0.7961 0.1780
vn 0.3090 -0.9511 -0.0000
vn 0.3041 -0.9359 0.1780
vn -0.0000 -1.0000 -0.0000
vn -0.0000 -0.9840 0.1780
vn -0.3090 -0.9511 -0.0000
vn -0.3041 -0.9359 0.1780
vn -0.5878 -0.8090 -0.0000
vn -0.5784 -0.7961 0.1780
vn -0.8090 -0.5878 -0.0000
vn -0.7961 -0.5784 0.1780
vn -0.9511 -0.3090 -0.0000
vn -0.9359 -0.3041 0.1780
vn -1.0000 -0.0000 -0.0000
vn -0.9840 -0.0000 0.1780
vn -0.9511 0.3090 -0.0000
vn -0.9359 0.3041 0.1780
vn -0.8090 0.5878 -0.0000
vn -0.7961 0.5784 0.1780
vn -0.5878 0.8090 -0.0000
vn -0.5784 0.7961 0.1780
vn -0.3090 0.9511 -0.0000
vn -0.3041 0.9359 0.1780
vn 0.9369 0.3044 0.1720
vn 0.7970 0.5790 0.1720
vn 0.3044 -0.9369 0.1720
vn -0.0000 -0.9851 0.1720
vn 0.5790 -0.7970 0.1720
vn -0.9369 -0.3044 0.1720
vn -0.7970 -0.5790 0.1720
vn -0.3044 0.9369 0.1720
vn -0.5790 0.7970 0.1720
vn 0.5790 0.7970 0.1720
vn 0.3044 0.9369 0.1720
vn 0.7970 -0.5790 0.1720
vn 0.9369 -0.3044 0.1720
vn -0.5790 -0.7970 0.1720
vn -0.3044 -0.9369 0.1720
vn -0.7970 0.5790 0.1720
vn -0.9369 0.3044 0.1720
vn 0.9851 -0.0000 0.1720
vn -0.9851 -0.0000 0.1720
vn -0.0000 0.9851 0.1720
vn -0.0000 -0.0000 1.0000
vn -0.0000 0.6218 -0.7832
vn -0.0000 0.7166 0.6975
vt 1.000000 0.500000
vt 1.000000 1.000000
vt 0.950000 1.000000
vt 0.950000 0.500000
vt 0.900000 1.000000
vt 0.900000 0.500000
vt 0.850000 1.000000
vt 0.850000 0.500000
vt 0.800000 1.000000
vt 0.800000 0.500000
vt 0.750000 1.000000
vt 0.750000 0.500000
vt 0.700000 1.000000
vt 0.700000 0.500000
vt 0.650000 1.000000
vt 0.650000 0.500000
vt 0.600000 1.000000
vt 0.600000 0.500000
vt 0.550000 1.000000
vt 0.550000 0.500000
vt 0.500000 1.000000
vt 0.500000 0.500000
vt 0.450000 1.000000
vt 0.450000 0.500000
vt 0.400000 1.000000
vt 0.400000 0.500000
vt 0.350000 1.000000
vt 0.350000 0.500000
vt 0.300000 1.000000
vt 0.300000 0.500000
vt 0.250000 1.000000
vt 0.250000 0.500000
vt 0.200000 1.000000
vt 0.200000 0.500000
vt 0.150000 1.000000
vt 0.150000 0.500000
vt 0.100000 1.000000
vt 0.100000 0.500000
vt 0.053719 0.186225
vt 0.083034 0.128692
vt 0.050000 1.000000
vt 0.050000 0.500000
vt -0.000000 1.000000
vt -0.000000 0.500000
vt 0.250000 0.456381
vt 0.313775 0.446281
vt 0.324164 0.478254
vt 0.250000 0.490000
vt 0.371308 0.416966
vt 0.391068 0.444164
vt 0.416966 0.371308
vt 0.444164 0.391068
vt 0.446281 0.313775
vt 0.478254 0.324164
vt 0.456382 0.250000
vt 0.490000 0.250000
vt 0.446280 0.186225
vt 0.478254 0.175836
vt 0.416966 0.128692
vt 0.444164 0.108932
vt 0.371308 0.083034
vt 0.391068 0.055836
vt 0.313775 0.053719
vt 0.324164 0.021746
vt 0.250000 0.043618
vt 0.250000 0.010000
vt 0.186225 0.053719
vt 0.175836 0.021746
vt 0.128692 0.083034
vt 0.108932 0.055836
vt 0.055836 0.108932
vt 0.021746 0.175836
vt 0.043618 0.250000
vt 0.010000 0.250000
vt 0.053719 0.313775
vt 0.021746 0.324164
vt 0.083034 0.371308
vt 0.055836 0.391068
vt 0.128692 0.416966
vt 0.108932 0.444164
vt 0.186225 0.446281
vt 0.175836 0.478254
vt 0.375000 0.000000
vt 0.625000 0.000000
vt 0.625000 0.250000
vt 0.375000 0.250000
vt 0.625000 0.500000
vt 0.375000 0.500000
vt 0.625000 0.750000
vt 0.375000 0.750000
vt 0.625000 1.000000
vt 0.375000 1.000000
vt 0.875000 0.500000
vt 0.875000 0.750000
s 1
f 3451/3523/3424 3532/3524/3425 3531/3525/3426 3453/3526/3427
f 3453/3526/3427 3531/3525/3426 3533/3527/3428 3455/3528/3429
f 3455/3528/3429 3533/3527/3428 3534/3529/3430 3457/3530/3431
f 3457/3530/3431 3534/3529/3430 3535/3531/3432 3459/3532/3433
f 3459/3532/3433 3535/3531/3432 3536/3533/3434 3461/3534/3435
f 3461/3534/3435 3536/3533/3434 3537/3535/3436 3463/3536/3437
f 3463/3536/3437 3537/3535/3436 3538/3537/3438 3465/3538/3439
f 3465/3538/3439 3538/3537/3438 3539/3539/3440 3467/3540/3441
f 3467/3540/3441 3539/3539/3440 3540/3541/3442 3469/3542/3443
f 3469/3542/3443 3540/3541/3442 3541/3543/3444 3471/3544/3445
f 3471/3544/3445 3541/3543/3444 3542/3545/3446 3473/3546/3447
f 3473/3546/3447 3542/3545/3446 3543/3547/3448 3475/3548/3449
f 3475/3548/3449 3543/3547/3448 3544/3549/3450 3477/3550/3451
f 3477/3550/3451 3544/3549/3450 3545/3551/3452 3479/3552/3453
f 3479/3552/3453 3545/3551/3452 3546/3553/3454 3481/3554/3455
f 3481/3554/3455 3546/3553/3454 3547/3555/3456 3483/3556/3457
f 3483/3556/3457 3547/3555/3456 3548/3557/3458 3485/3558/3459
f 3485/3558/3459 3548/3557/3458 3549/3559/3460 3487/3560/3461
f 3480/3561/3432 3478/3562/3430 3564/3562/3430 3565/3561/3432
f 3487/3560/3461 3549/3559/3460 3550/3563/3462 3489/3564/3463
f 3489/3564/3463 3550/3563/3462 3532/3565/3425 3451/3566/3424
f 3457/3530/3431 3459/3532/3433 3495/3532/3464 3494/3530/3465
f 3500/3542/3466 3501/3544/3467 3521/3544/3444 3520/3542/3442
f 3467/3540/3441 3469/3542/3443 3500/3542/3466 3499/3540/3468
f 3477/3550/3451 3479/3552/3453 3505/3552/3469 3504/3550/3470
f 3487/3560/3461 3489/3564/3463 3510/3564/3471 3509/3560/3472
f 3453/3526/3427 3455/3528/3429 3493/3528/3473 3492/3526/3474
f 3463/3536/3437 3465/3538/3439 3498/3538/3475 3497/3536/3476
f 3473/3546/3447 3475/3548/3449 3503/3548/3477 3502/3546/3478
f 3483/3556/3457 3485/3558/3459 3508/3558/3479 3507/3556/3480
f 3459/3532/3433 3461/3534/3435 3496/3534/3481 3495/3532/3464
f 3469/3542/3443 3471/3544/3445 3501/3544/3467 3500/3542/3466
f 3479/3552/3453 3481/3554/3455 3506/3554/3482 3505/3552/3469
f 3489/3564/3463 3451/3566/3424 3491/3566/3483 3510/3564/3471
f 3455/3528/3429 3457/3530/3431 3494/3530/3465 3493/3528/3473
f 3465/3538/3439 3467/3540/3441 3499/3540/3468 3498/3538/3475
f 3451/3523/3424 3453/3526/3427 3492/3526/3474 3491/3523/3483
f 3475/3548/3449 3477/3550/3451 3504/3550/3470 3503/3548/3477
f 3485/3558/3459 3487/3560/3461 3509/3560/3472 3508/3558/3479
f 3461/3534/3435 3463/3536/3437 3497/3536/3476 3496/3534/3481
f 3471/3544/3445 3473/3546/3447 3502/3546/3478 3501/3544/3467
f 3481/3554/3455 3483/3556/3457 3507/3556/3480 3506/3554/3482
f 3493/3528/3473 3494/3530/3465 3514/3530/3430 3513/3528/3428
f 3508/3558/3479 3509/3560/3472 3529/3560/3460 3528/3558/3458
f 3501/3544/3467 3502/3546/3478 3522/3546/3446 3521/3544/3444
f 3494/3530/3465 3495/3532/3464 3515/3532/3432 3514/3530/3430
f 3509/3560/3472 3510/3564/3471 3530/3564/3462 3529/3560/3460
f 3502/3546/3478 3503/3548/3477 3523/3548/3448 3522/3546/3446
f 3495/3532/3464 3496/3534/3481 3516/3534/3434 3515/3532/3432
f 3510/3564/3471 3491/3566/3483 3511/3566/3425 3530/3564/3462
f 3503/3548/3477 3504/3550/3470 3524/3550/3450 3523/3548/3448
f 3496/3534/3481 3497/3536/3476 3517/3536/3436 3516/3534/3434
f 3504/3550/3470 3505/3552/3469 3525/3552/3452 3524/3550/3450
f 3497/3536/3476 3498/3538/3475 3518/3538/3438 3517/3536/3436
f 3505/3552/3469 3506/3554/3482 3526/3554/3454 3525/3552/3452
f 3498/3538/3475 3499/3540/3468 3519/3540/3440 3518/3538/3438
f 3491/3523/3483 3492/3526/3474 3512/3526/3426 3511/3523/3425
f 3506/3554/3482 3507/3556/3480 3527/3556/3456 3526/3554/3454
f 3499/3540/3468 3500/3542/3466 3520/3542/3442 3519/3540/3440
f 3492/3526/3474 3493/3528/3473 3513/3528/3428 3512/3526/3426
f 3507/3556/3480 3508/3558/3479 3528/3558/3458 3527/3556/3456
f 3452/3567/3484 3454/3568/3484 3531/3569/3484 3532/3570/3484
f 3454/3568/3484 3456/3571/3484 3533/3572/3484 3531/3569/3484
f 3456/3571/3484 3458/3573/3484 3534/3574/3484 3533/3572/3484
f 3458/3573/3484 3460/3575/3484 3535/3576/3484 3534/3574/3484
f 3460/3575/3484 3462/3577/3484 3536/3578/3484 3535/3576/3484
f 3462/3577/3484 3464/3579/3484 3537/3580/3484 3536/3578/3484
f 3464/3579/3484 3466/3581/3484 3538/3582/3484 3537/3580/3484
f 3466/3581/3484 3468/3583/3484 3539/3584/3484 3538/3582/3484
f 3468/3583/3484 3470/3585/3484 3540/3586/3484 3539/3584/3484
f 3470/3585/3484 3472/3587/3484 3541/3588/3484 3540/3586/3484
f 3472/3587/3484 3474/3589/3484 3542/3590/3484 3541/3588/3484
f 3474/3589/3484 3476/3591/3484 3543/3592/3484 3542/3590/3484
f 3476/3591/3484 3478/3562/3484 3544/3593/3484 3543/3592/3484
f 3478/3562/3484 3480/3561/3484 3545/3594/3484 3544/3593/3484
f 3480/3561/3484 3482/3595/3484 3546/3596/3484 3545/3594/3484
f 3482/3595/3484 3484/3597/3484 3547/3598/3484 3546/3596/3484
f 3484/3597/3484 3486/3599/3484 3548/3600/3484 3547/3598/3484
f 3486/3599/3484 3488/3601/3484 3549/3602/3484 3548/3600/3484
f 3488/3601/3484 3490/3603/3484 3550/3604/3484 3549/3602/3484
f 3490/3603/3484 3452/3567/3484 3532/3570/3484 3550/3604/3484
f 3562/3589/3484 3561/3587/3484 3571/3589/3484
f 3466/3581/3458 3464/3579/3456 3557/3579/3456 3558/3581/3458
f 3482/3595/3434 3480/3561/3432 3565/3561/3432 3566/3595/3434
f 3468/3583/3460 3466/3581/3458 3558/3581/3458 3559/3583/3460
f 3454/3568/3446 3452/3567/3444 3552/3567/3444 3551/3568/3446
f 3484/3597/3436 3482/3595/3434 3566/3595/3434 3567/3597/3436
f 3470/3585/3462 3468/3583/3460 3559/3583/3460 3560/3585/3462
f 3456/3571/3448 3454/3568/3446 3551/3568/3446 3553/3571/3448
f 3486/3599/3438 3484/3597/3436 3567/3597/3436 3568/3599/3438
f 3472/3587/3425 3470/3585/3462 3560/3585/3462 3561/3587/3425
f 3458/3573/3450 3456/3571/3448 3553/3571/3448 3554/3573/3450
f 3488/3601/3440 3486/3599/3438 3568/3599/3438 3569/3601/3440
f 3474/3589/3426 3472/3587/3425 3561/3587/3425 3562/3589/3426
f 3460/3575/3452 3458/3573/3450 3554/3573/3450 3555/3575/3452
f 3490/3603/3442 3488/3601/3440 3569/3601/3440 3570/3603/3442
f 3476/3591/3428 3474/3589/3426 3562/3589/3426 3563/3591/3428
f 3462/3577/3454 3460/3575/3452 3555/3575/3452 3556/3577/3454
f 3452/3567/3444 3490/3603/3442 3570/3603/3442 3552/3567/3444
f 3478/3562/3430 3476/3591/3428 3563/3591/3428 3564/3562/3430
f 3464/3579/3456 3462/3577/3454 3556/3577/3454 3557/3579/3456
f 3555/3575/3484 3554/3573/3484 3571/3575/3484
f 3570/3603/3484 3569/3601/3484 3571/3603/3484
f 3563/3591/3484 3562/3589/3484 3571/3591/3484
f 3556/3577/3484 3555/3575/3484 3571/3577/3484
f 3552/3567/3484 3570/3603/3484 3571/3567/3484
f 3564/3562/3484 3563/3591/3484 3571/3562/3484
f 3557/3579/3484 3556/3577/3484 3571/3579/3484
f 3565/3561/3484 3564/3562/3484 3571/3561/3484
f 3558/3581/3484 3557/3579/3484 3571/3581/3484
f 3566/3595/3484 3565/3561/3484 3571/3595/3484
f 3559/3583/3484 3558/3581/3484 3571/3583/3484
f 3551/3568/3484 3552/3567/3484 3571/3568/3484
f 3567/3597/3484 3566/3595/3484 3571/3597/3484
f 3560/3585/3484 3559/3583/3484 3571/3585/3484
f 3553/3571/3484 3551/3568/3484 3571/3571/3484
f 3568/3599/3484 3567/3597/3484 3571/3599/3484
f 3561/3587/3484 3560/3585/3484 3571/3587/3484
f 3554/3573/3484 3553/3571/3484 3571/3573/3484
f 3569/3601/3484 3568/3599/3484 3571/3601/3484
f 3572/3605/3454 3573/3606/3454 3575/3607/3454 3574/3608/3454
f 3574/3608/3485 3575/3607/3485 3579/3609/3485 3578/3610/3485
f 3578/3610/3434 3579/3609/3434 3577/3611/3434 3576/3612/3434
f 3576/3612/3486 3577/3611/3486 3573/3613/3486 3572/3614/3486
f 3579/3609/3425 3575/3615/3425 3573/3616/3425 3577/3611/3425
o Cylinder
v 0.000013 0.404863 0.137650
v 0.000013 0.404863 0.189060
v 0.003219 0.404225 0.137650
v 0.003219 0.404225 0.189060
v 0.005937 0.402409 0.137650
v 0.005937 0.402409 0.189060
v 0.007754 0.399691 0.137650
v 0.007754 0.399691 0.189060
v 0.008391 0.396484 0.137650
v 0.008391 0.396484 0.189060
v 0.007754 0.393278 0.137650
v 0.007754 0.393278 0.189060
v 0.005937 0.390560 0.137650
v 0.005937 0.390560 0.189060
v 0.003219 0.388744 0.137650
v 0.003219 0.388744 0.189060
v 0.000013 0.388106 0.137650
v 0.000013 0.388106 0.189060
v -0.003194 0.388744 0.137650
v -0.003194 0.388744 0.189060
v -0.005912 0.390560 0.137650
v -0.005912 0.390560 0.189060
v -0.007728 0.393278 0.137650
v -0.007728 0.393278 0.189060
v -0.008366 0.396484 0.137650
v -0.008366 0.396484 0.189060
v -0.007728 0.399691 0.137650
v -0.007728 0.399691 0.189060
v -0.005912 0.402409 0.137650
v -0.005912 0.402409 0.189060
v -0.003194 0.404225 0.137650
v -0.003194 0.404225 0.189060
v 0.000013 0.401570 0.192236
v 0.001959 0.401183 0.192236
v 0.003609 0.400081 0.192236
v 0.004712 0.398431 0.192236
v 0.005099 0.396484 0.192236
v 0.004712 0.394538 0.192236
v 0.003609 0.392888 0.192236
v 0.001959 0.391785 0.192236
v 0.000013 0.391398 0.192236
v -0.001934 0.391785 0.192236
v -0.003584 0.392888 0.192236
v -0.004686 0.394538 0.192236
v -0.005073 0.396484 0.192236
v -0.004686 0.398431 0.192236
v -0.003584 0.400081 0.192236
v -0.001934 0.401183 0.192236
v 0.000013 0.401036 0.192236
v 0.001755 0.400689 0.192236
v 0.003231 0.399703 0.192236
v 0.004218 0.398226 0.192236
v 0.004564 0.396484 0.192236
v 0.004218 0.394743 0.192236
v 0.003231 0.393266 0.192236
v 0.001755 0.392279 0.192236
v 0.000013 0.391933 0.192236
v -0.001729 0.392279 0.192236
v -0.003206 0.393266 0.192236
v -0.004192 0.394743 0.192236
v -0.004539 0.396484 0.192236
v -0.004192 0.398226 0.192236
v -0.003206 0.399703 0.192236
v -0.001729 0.400689 0.192236
v 0.000013 0.401036 0.251700
v 0.001755 0.400689 0.251700
v 0.003231 0.399703 0.251700
v 0.004218 0.398226 0.251700
v 0.004564 0.396484 0.251700
v 0.004218 0.394743 0.251700
v 0.003231 0.393266 0.251700
v 0.001755 0.392279 0.251700
v 0.000013 0.391933 0.251700
v -0.001729 0.392279 0.251700
v -0.003206 0.393266 0.251700
v -0.004192 0.394743 0.251700
v -0.004539 0.396484 0.251700
v -0.004192 0.398226 0.251700
v -0.003206 0.399703 0.251700
v -0.001729 0.400689 0.251700
v 0.000013 0.404140 0.251701
v 0.002942 0.403557 0.251701
v 0.005426 0.401897 0.251701
v 0.007085 0.399414 0.251701
v 0.007668 0.396484 0.251701
v 0.007085 0.393555 0.251701
v 0.005426 0.391071 0.251701
v 0.002942 0.389412 0.251701
v 0.000013 0.388829 0.251701
v -0.002917 0.389412 0.251701
v -0.005400 0.391071 0.251701
v -0.007060 0.393555 0.251701
v -0.007643 0.396484 0.251701
v -0.007060 0.399414 0.251701
v -0.005400 0.401897 0.251701
v -0.002917 0.403557 0.251701
v 0.000013 0.404140 0.276266
v 0.002942 0.403557 0.276266
v 0.005426 0.401897 0.276266
v 0.007085 0.399414 0.276266
v 0.007668 0.396484 0.276266
v 0.007085 0.393555 0.276266
v 0.005426 0.391071 0.276266
v 0.002942 0.389412 0.276266
v 0.000013 0.388829 0.276266
v -0.002917 0.389412 0.276266
v -0.005400 0.391071 0.276266
v -0.007060 0.393555 0.276266
v -0.007643 0.396484 0.276266
v -0.007060 0.399414 0.276266
v -0.005400 0.401897 0.276266
v -0.002917 0.403557 0.276266
v 0.000013 0.401651 0.276266
v 0.001990 0.401258 0.276266
v 0.003666 0.400138 0.276266
v 0.004786 0.398462 0.276266
v 0.005180 0.396484 0.276266
v 0.004786 0.394507 0.276266
v 0.003666 0.392831 0.276266
v 0.001990 0.391711 0.276266
v 0.000013 0.391317 0.276266
v -0.001965 0.391711 0.276266
v -0.003641 0.392831 0.276266
v -0.004761 0.394507 0.276266
v -0.005154 0.396484 0.276266
v -0.004761 0.398462 0.276266
v -0.003641 0.400138 0.276266
v -0.001965 0.401258 0.276266
v 0.000013 0.401651 0.342582
v 0.001990 0.401258 0.342582
v 0.003666 0.400138 0.342582
v 0.004786 0.398462 0.342582
v 0.005180 0.396484 0.342582
v 0.004786 0.394507 0.342582
v 0.003666 0.392831 0.342582
v 0.001990 0.391711 0.342582
v 0.000013 0.391317 0.342582
v -0.001965 0.391711 0.342582
v -0.003641 0.392831 0.342582
v -0.004761 0.394507 0.342582
v -0.005154 0.396484 0.342582
v -0.004761 0.398462 0.342582
v -0.003641 0.400138 0.342582
v -0.001965 0.401258 0.342582
v 0.000013 0.403939 0.343696
v 0.002866 0.403372 0.343696
v 0.005284 0.401756 0.343696
v 0.006900 0.399337 0.343696
v 0.007467 0.396484 0.343696
v 0.006900 0.393632 0.343696
v 0.005284 0.391213 0.343696
v 0.002866 0.389597 0.343696
v 0.000013 0.389030 0.343696
v -0.002840 0.389597 0.343696
v -0.005259 0.391213 0.343696
v -0.006874 0.393632 0.343696
v -0.007442 0.396484 0.343696
v -0.006874 0.399337 0.343696
v -0.005259 0.401756 0.343696
v -0.002840 0.403372 0.343696
v 0.000013 0.403939 0.346621
v 0.002866 0.403372 0.346621
v 0.005284 0.401756 0.346621
v 0.006900 0.399337 0.346621
v 0.007467 0.396484 0.346621
v 0.006900 0.393632 0.346621
v 0.005284 0.391213 0.346621
v 0.002866 0.389597 0.346621
v 0.000013 0.389030 0.346621
v -0.002840 0.389597 0.346621
v -0.005259 0.391213 0.346621
v -0.006874 0.393632 0.346621
v -0.007442 0.396484 0.346621
v -0.006874 0.399337 0.346621
v -0.005259 0.401756 0.346621
v -0.002840 0.403372 0.346621
v 0.000013 0.402204 0.348570
v 0.002202 0.401769 0.348570
v 0.004057 0.400529 0.348570
v 0.005297 0.398673 0.348570
v 0.005733 0.396484 0.348570
v 0.005297 0.394295 0.348570
v 0.004057 0.392440 0.348570
v 0.002202 0.391200 0.348570
v 0.000013 0.390764 0.348570
v -0.002176 0.391200 0.348570
v -0.004032 0.392440 0.348570
v -0.005272 0.394295 0.348570
v -0.005707 0.396484 0.348570
v -0.005272 0.398673 0.348570
v -0.004032 0.400529 0.348570
v -0.002176 0.401769 0.348570
v 0.000013 0.396484 0.348570
vn -0.0000 1.0000 -0.0000
vn 0.3827 0.9239 -0.0000
vn 0.7071 0.7071 -0.0000
vn 0.9239 0.3827 -0.0000
vn 1.0000 -0.0000 -0.0000
vn 0.9239 -0.3827 -0.0000
vn 0.7071 -0.7071 -0.0000
vn 0.3827 -0.9239 -0.0000
vn -0.0000 -1.0000 -0.0000
vn -0.3827 -0.9239 -0.0000
vn -0.7071 -0.7071 -0.0000
vn -0.9239 -0.3827 -0.0000
vn -1.0000 -0.0000 -0.0000
vn -0.9239 0.3827 -0.0000
vn -0.7071 0.7071 -0.0000
vn 0.4910 0.4909 0.7197
vn 0.2657 0.6415 0.7197
vn 0.4909 0.4909 0.7197
vn -0.3827 0.9239 -0.0000
vn 0.2657 -0.6415 0.7197
vn 0.4909 -0.4909 0.7197
vn -0.6943 -0.0000 0.7197
vn -0.6415 -0.2657 0.7197
vn 0.6415 -0.2657 0.7197
vn 0.6943 -0.0000 0.7197
vn -0.4909 -0.4909 0.7197
vn -0.2657 -0.6415 0.7197
vn -0.2657 0.6415 0.7197
vn -0.4910 0.4909 0.7197
vn 0.6415 0.2657 0.7197
vn -0.0000 -0.6943 0.7197
vn -0.0000 0.6943 0.7197
vn -0.6415 0.2657 0.7197
vn -0.0000 -0.0000 1.0000
vn -0.0000 -0.0000 -1.0000
vn -0.1675 0.4045 -0.8991
vn -0.3096 0.3096 -0.8991
vn -0.0000 -0.4378 -0.8991
vn 0.1675 -0.4045 -0.8991
vn 0.1675 0.4045 -0.8991
vn -0.0000 0.4378 -0.8991
vn -0.1675 -0.4045 -0.8991
vn 0.3096 0.3096 -0.8991
vn -0.3096 -0.3096 -0.8991
vn 0.4045 0.1675 -0.8991
vn -0.4045 -0.1675 -0.8991
vn 0.4378 -0.0000 -0.8991
vn -0.4378 -0.0000 -0.8991
vn 0.4045 -0.1675 -0.8991
vn -0.4045 0.1675 -0.8991
vn 0.3096 -0.3096 -0.8991
vn -0.5283 -0.5283 0.6647
vn -0.2859 -0.6902 0.6647
vn 0.6902 0.2859 0.6647
vn 0.5283 0.5283 0.6647
vn -0.6902 -0.2859 0.6647
vn 0.7471 -0.0000 0.6647
vn -0.7471 -0.0000 0.6647
vn 0.6902 -0.2859 0.6647
vn -0.6902 0.2859 0.6647
vn 0.5283 -0.5283 0.6647
vn -0.5283 0.5283 0.6647
vn 0.2859 -0.6902 0.6647
vn -0.2859 0.6902 0.6647
vn -0.0000 -0.7471 0.6647
vn 0.2859 0.6902 0.6647
vn -0.0000 0.7471 0.6647
vt 1.000000 0.500000
vt 1.000000 1.000000
vt 0.937500 1.000000
vt 0.937500 0.500000
vt 0.875000 1.000000
vt 0.875000 0.500000
vt 0.812500 1.000000
vt 0.812500 0.500000
vt 0.750000 1.000000
vt 0.750000 0.500000
vt 0.687500 1.000000
vt 0.687500 0.500000
vt 0.625000 1.000000
vt 0.625000 0.500000
vt 0.562500 1.000000
vt 0.562500 0.500000
vt 0.500000 1.000000
vt 0.500000 0.500000
vt 0.437500 1.000000
vt 0.437500 0.500000
vt 0.375000 1.000000
vt 0.375000 0.500000
vt 0.312500 1.000000
vt 0.312500 0.500000
vt 0.250000 1.000000
vt 0.250000 0.500000
vt 0.187500 1.000000
vt 0.187500 0.500000
vt 0.125000 1.000000
vt 0.125000 0.500000
vt 0.062500 1.000000
vt 0.062500 0.500000
vt 0.000000 1.000000
vt 0.000000 0.500000
s 1
f 3580/3617/3487 3581/3618/3487 3583/3619/3488 3582/3620/3488
f 3582/3620/3488 3583/3619/3488 3585/3621/3489 3584/3622/3489
f 3584/3622/3489 3585/3621/3489 3587/3623/3490 3586/3624/3490
f 3586/3624/3490 3587/3623/3490 3589/3625/3491 3588/3626/3491
f 3588/3626/3491 3589/3625/3491 3591/3627/3492 3590/3628/3492
f 3590/3628/3492 3591/3627/3492 3593/3629/3493 3592/3630/3493
f 3592/3630/3493 3593/3629/3493 3595/3631/3494 3594/3632/3494
f 3594/3632/3494 3595/3631/3494 3597/3633/3495 3596/3634/3495
f 3596/3634/3495 3597/3633/3495 3599/3635/3496 3598/3636/3496
f 3598/3636/3496 3599/3635/3496 3601/3637/3497 3600/3638/3497
f 3600/3638/3497 3601/3637/3497 3603/3639/3498 3602/3640/3498
f 3602/3640/3498 3603/3639/3498 3605/3641/3499 3604/3642/3499
f 3604/3642/3499 3605/3641/3499 3607/3643/3500 3606/3644/3500
f 3606/3644/3500 3607/3643/3500 3609/3645/3501 3608/3646/3501
f 3585/3621/3502 3583/3619/3503 3613/3619/3503 3614/3621/3504
f 3608/3646/3501 3609/3645/3501 3611/3647/3505 3610/3648/3505
f 3610/3648/3505 3611/3647/3505 3581/3649/3487 3580/3650/3487
f 3595/3631/3506 3593/3629/3507 3618/3629/3507 3619/3631/3506
f 3605/3641/3508 3603/3639/3509 3623/3639/3509 3624/3641/3508
f 3591/3627/3510 3589/3625/3511 3616/3625/3511 3617/3627/3510
f 3601/3637/3512 3599/3635/3513 3621/3635/3513 3622/3637/3512
f 3611/3647/3514 3609/3645/3515 3626/3645/3515 3627/3647/3514
f 3587/3623/3516 3585/3621/3502 3614/3621/3504 3615/3623/3516
f 3597/3633/3517 3595/3631/3506 3619/3631/3506 3620/3633/3517
f 3583/3619/3503 3581/3618/3518 3612/3618/3518 3613/3619/3503
f 3607/3643/3519 3605/3641/3508 3624/3641/3508 3625/3643/3519
f 3593/3629/3507 3591/3627/3510 3617/3627/3510 3618/3629/3507
f 3603/3639/3509 3601/3637/3512 3622/3637/3512 3623/3639/3509
f 3581/3649/3518 3611/3647/3514 3627/3647/3514 3612/3649/3518
f 3589/3625/3511 3587/3623/3516 3615/3623/3516 3616/3625/3511
f 3599/3635/3513 3597/3633/3517 3620/3633/3517 3621/3635/3513
f 3609/3645/3515 3607/3643/3519 3625/3643/3519 3626/3645/3515
f 3619/3631/3520 3618/3629/3520 3634/3629/3520 3635/3631/3520
f 3627/3647/3520 3626/3645/3520 3642/3645/3520 3643/3647/3520
f 3620/3633/3520 3619/3631/3520 3635/3631/3520 3636/3633/3520
f 3613/3619/3520 3612/3618/3520 3628/3618/3520 3629/3619/3520
f 3612/3649/3520 3627/3647/3520 3643/3647/3520 3628/3649/3520
f 3621/3635/3520 3620/3633/3520 3636/3633/3520 3637/3635/3520
f 3614/3621/3520 3613/3619/3520 3629/3619/3520 3630/3621/3520
f 3622/3637/3520 3621/3635/3520 3637/3635/3520 3638/3637/3520
f 3615/3623/3520 3614/3621/3520 3630/3621/3520 3631/3623/3520
f 3623/3639/3520 3622/3637/3520 3638/3637/3520 3639/3639/3520
f 3616/3625/3520 3615/3623/3520 3631/3623/3520 3632/3625/3520
f 3624/3641/3520 3623/3639/3520 3639/3639/3520 3640/3641/3520
f 3617/3627/3520 3616/3625/3520 3632/3625/3520 3633/3627/3520
f 3625/3643/3520 3624/3641/3520 3640/3641/3520 3641/3643/3520
f 3618/3629/3520 3617/3627/3520 3633/3627/3520 3634/3629/3520
f 3626/3645/3520 3625/3643/3520 3641/3643/3520 3642/3645/3520
f 3640/3641/3499 3639/3639/3498 3655/3639/3498 3656/3641/3499
f 3633/3627/3492 3632/3625/3491 3648/3625/3491 3649/3627/3492
f 3641/3643/3500 3640/3641/3499 3656/3641/3499 3657/3643/3500
f 3634/3629/3493 3633/3627/3492 3649/3627/3492 3650/3629/3493
f 3642/3645/3501 3641/3643/3500 3657/3643/3500 3658/3645/3501
f 3635/3631/3494 3634/3629/3493 3650/3629/3493 3651/3631/3494
f 3643/3647/3505 3642/3645/3501 3658/3645/3501 3659/3647/3505
f 3636/3633/3495 3635/3631/3494 3651/3631/3494 3652/3633/3495
f 3629/3619/3488 3628/3618/3487 3644/3618/3487 3645/3619/3488
f 3628/3649/3487 3643/3647/3505 3659/3647/3505 3644/3649/3487
f 3637/3635/3496 3636/3633/3495 3652/3633/3495 3653/3635/3496
f 3630/3621/3489 3629/3619/3488 3645/3619/3488 3646/3621/3489
f 3638/3637/3497 3637/3635/3496 3653/3635/3496 3654/3637/3497
f 3631/3623/3490 3630/3621/3489 3646/3621/3489 3647/3623/3490
f 3639/3639/3498 3638/3637/3497 3654/3637/3497 3655/3639/3498
f 3632/3625/3491 3631/3623/3490 3647/3623/3490 3648/3625/3491
f 3654/3637/3521 3653/3635/3521 3669/3635/3521 3670/3637/3521
f 3647/3623/3521 3646/3621/3521 3662/3621/3521 3663/3623/3521
f 3655/3639/3521 3654/3637/3521 3670/3637/3521 3671/3639/3521
f 3648/3625/3521 3647/3623/3521 3663/3623/3521 3664/3625/3521
f 3656/3641/3521 3655/3639/3521 3671/3639/3521 3672/3641/3521
f 3649/3627/3521 3648/3625/3521 3664/3625/3521 3665/3627/3521
f 3657/3643/3521 3656/3641/3521 3672/3641/3521 3673/3643/3521
f 3650/3629/3521 3649/3627/3521 3665/3627/3521 3666/3629/3521
f 3658/3645/3521 3657/3643/3521 3673/3643/3521 3674/3645/3521
f 3651/3631/3521 3650/3629/3521 3666/3629/3521 3667/3631/3521
f 3659/3647/3521 3658/3645/3521 3674/3645/3521 3675/3647/3521
f 3652/3633/3521 3651/3631/3521 3667/3631/3521 3668/3633/3521
f 3645/3619/3521 3644/3618/3521 3660/3618/3521 3661/3619/3521
f 3644/3649/3521 3659/3647/3521 3675/3647/3521 3660/3649/3521
f 3653/3635/3521 3652/3633/3521 3668/3633/3521 3669/3635/3521
f 3646/3621/3521 3645/3619/3521 3661/3619/3521 3662/3621/3521
f 3675/3647/3505 3674/3645/3501 3690/3645/3501 3691/3647/3505
f 3668/3633/3495 3667/3631/3494 3683/3631/3494 3684/3633/3495
f 3661/3619/3488 3660/3618/3487 3676/3618/3487 3677/3619/3488
f 3660/3649/3487 3675/3647/3505 3691/3647/3505 3676/3649/3487
f 3669/3635/3496 3668/3633/3495 3684/3633/3495 3685/3635/3496
f 3662/3621/3489 3661/3619/3488 3677/3619/3488 3678/3621/3489
f 3670/3637/3497 3669/3635/3496 3685/3635/3496 3686/3637/3497
f 3663/3623/3490 3662/3621/3489 3678/3621/3489 3679/3623/3490
f 3671/3639/3498 3670/3637/3497 3686/3637/3497 3687/3639/3498
f 3664/3625/3491 3663/3623/3490 3679/3623/3490 3680/3625/3491
f 3672/3641/3499 3671/3639/3498 3687/3639/3498 3688/3641/3499
f 3665/3627/3492 3664/3625/3491 3680/3625/3491 3681/3627/3492
f 3673/3643/3500 3672/3641/3499 3688/3641/3499 3689/3643/3500
f 3666/3629/3493 3665/3627/3492 3681/3627/3492 3682/3629/3493
f 3674/3645/3501 3673/3643/3500 3689/3643/3500 3690/3645/3501
f 3667/3631/3494 3666/3629/3493 3682/3629/3493 3683/3631/3494
f 3681/3627/3520 3680/3625/3520 3696/3625/3520 3697/3627/3520
f 3689/3643/3520 3688/3641/3520 3704/3641/3520 3705/3643/3520
f 3682/3629/3520 3681/3627/3520 3697/3627/3520 3698/3629/3520
f 3690/3645/3520 3689/3643/3520 3705/3643/3520 3706/3645/3520
f 3683/3631/3520 3682/3629/3520 3698/3629/3520 3699/3631/3520
f 3691/3647/3520 3690/3645/3520 3706/3645/3520 3707/3647/3520
f 3684/3633/3520 3683/3631/3520 3699/3631/3520 3700/3633/3520
f 3677/3619/3520 3676/3618/3520 3692/3618/3520 3693/3619/3520
f 3676/3649/3520 3691/3647/3520 3707/3647/3520 3692/3649/3520
f 3685/3635/3520 3684/3633/3520 3700/3633/3520 3701/3635/3520
f 3678/3621/3520 3677/3619/3520 3693/3619/3520 3694/3621/3520
f 3686/3637/3520 3685/3635/3520 3701/3635/3520 3702/3637/3520
f 3679/3623/3520 3678/3621/3520 3694/3621/3520 3695/3623/3520
f 3687/3639/3520 3686/3637/3520 3702/3637/3520 3703/3639/3520
f 3680/3625/3520 3679/3623/3520 3695/3623/3520 3696/3625/3520
f 3688/3641/3520 3687/3639/3520 3703/3639/3520 3704/3641/3520
f 3702/3637/3497 3701/3635/3496 3717/3635/3496 3718/3637/3497
f 3695/3623/3490 3694/3621/3489 3710/3621/3489 3711/3623/3490
f 3703/3639/3498 3702/3637/3497 3718/3637/3497 3719/3639/3498
f 3696/3625/3491 3695/3623/3490 3711/3623/3490 3712/3625/3491
f 3704/3641/3499 3703/3639/3498 3719/3639/3498 3720/3641/3499
f 3697/3627/3492 3696/3625/3491 3712/3625/3491 3713/3627/3492
f 3705/3643/3500 3704/3641/3499 3720/3641/3499 3721/3643/3500
f 3698/3629/3493 3697/3627/3492 3713/3627/3492 3714/3629/3493
f 3706/3645/3501 3705/3643/3500 3721/3643/3500 3722/3645/3501
f 3699/3631/3494 3698/3629/3493 3714/3629/3493 3715/3631/3494
f 3707/3647/3505 3706/3645/3501 3722/3645/3501 3723/3647/3505
f 3700/3633/3495 3699/3631/3494 3715/3631/3494 3716/3633/3495
f 3693/3619/3488 3692/3618/3487 3708/3618/3487 3709/3619/3488
f 3692/3649/3487 3707/3647/3505 3723/3647/3505 3708/3649/3487
f 3701/3635/3496 3700/3633/3495 3716/3633/3495 3717/3635/3496
f 3694/3621/3489 3693/3619/3488 3709/3619/3488 3710/3621/3489
f 3723/3647/3522 3722/3645/3523 3738/3645/3523 3739/3647/3522
f 3716/3633/3524 3715/3631/3525 3731/3631/3525 3732/3633/3524
f 3709/3619/3526 3708/3618/3527 3724/3618/3527 3725/3619/3526
f 3708/3649/3527 3723/3647/3522 3739/3647/3522 3724/3649/3527
f 3717/3635/3528 3716/3633/3524 3732/3633/3524 3733/3635/3528
f 3710/3621/3529 3709/3619/3526 3725/3619/3526 3726/3621/3529
f 3718/3637/3530 3717/3635/3528 3733/3635/3528 3734/3637/3530
f 3711/3623/3531 3710/3621/3529 3726/3621/3529 3727/3623/3531
f 3719/3639/3532 3718/3637/3530 3734/3637/3530 3735/3639/3532
f 3712/3625/3533 3711/3623/3531 3727/3623/3531 3728/3625/3533
f 3720/3641/3534 3719/3639/3532 3735/3639/3532 3736/3641/3534
f 3713/3627/3535 3712/3625/3533 3728/3625/3533 3729/3627/3535
f 3721/3643/3536 3720/3641/3534 3736/3641/3534 3737/3643/3536
f 3714/3629/3537 3713/3627/3535 3729/3627/3535 3730/3629/3537
f 3722/3645/3523 3721/3643/3536 3737/3643/3536 3738/3645/3523
f 3715/3631/3525 3714/3629/3537 3730/3629/3537 3731/3631/3525
f 3729/3627/3492 3728/3625/3491 3744/3625/3491 3745/3627/3492
f 3737/3643/3500 3736/3641/3499 3752/3641/3499 3753/3643/3500
f 3730/3629/3493 3729/3627/3492 3745/3627/3492 3746/3629/3493
f 3738/3645/3501 3737/3643/3500 3753/3643/3500 3754/3645/3501
f 3731/3631/3494 3730/3629/3493 3746/3629/3493 3747/3631/3494
f 3739/3647/3505 3738/3645/3501 3754/3645/3501 3755/3647/3505
f 3732/3633/3495 3731/3631/3494 3747/3631/3494 3748/3633/3495
f 3725/3619/3488 3724/3618/3487 3740/3618/3487 3741/3619/3488
f 3724/3649/3487 3739/3647/3505 3755/3647/3505 3740/3649/3487
f 3733/3635/3496 3732/3633/3495 3748/3633/3495 3749/3635/3496
f 3726/3621/3489 3725/3619/3488 3741/3619/3488 3742/3621/3489
f 3734/3637/3497 3733/3635/3496 3749/3635/3496 3750/3637/3497
f 3727/3623/3490 3726/3621/3489 3742/3621/3489 3743/3623/3490
f 3735/3639/3498 3734/3637/3497 3750/3637/3497 3751/3639/3498
f 3728/3625/3491 3727/3623/3490 3743/3623/3490 3744/3625/3491
f 3736/3641/3499 3735/3639/3498 3751/3639/3498 3752/3641/3499
f 3750/3637/3538 3749/3635/3539 3765/3635/3539 3766/3637/3538
f 3743/3623/3540 3742/3621/3541 3758/3621/3541 3759/3623/3540
f 3751/3639/3542 3750/3637/3538 3766/3637/3538 3767/3639/3542
f 3744/3625/3543 3743/3623/3540 3759/3623/3540 3760/3625/3543
f 3752/3641/3544 3751/3639/3542 3767/3639/3542 3768/3641/3544
f 3745/3627/3545 3744/3625/3543 3760/3625/3543 3761/3627/3545
f 3753/3643/3546 3752/3641/3544 3768/3641/3544 3769/3643/3546
f 3746/3629/3547 3745/3627/3545 3761/3627/3545 3762/3629/3547
f 3754/3645/3548 3753/3643/3546 3769/3643/3546 3770/3645/3548
f 3747/3631/3549 3746/3629/3547 3762/3629/3547 3763/3631/3549
f 3755/3647/3550 3754/3645/3548 3770/3645/3548 3771/3647/3550
f 3748/3633/3551 3747/3631/3549 3763/3631/3549 3764/3633/3551
f 3741/3619/3552 3740/3618/3553 3756/3618/3553 3757/3619/3552
f 3740/3649/3553 3755/3647/3550 3771/3647/3550 3756/3649/3553
f 3749/3635/3539 3748/3633/3551 3764/3633/3551 3765/3635/3539
f 3742/3621/3541 3741/3619/3552 3757/3619/3552 3758/3621/3541
f 3771/3647/3520 3770/3645/3520 3772/3647/3520
f 3764/3633/3520 3763/3631/3520 3772/3633/3520
f 3757/3619/3520 3756/3618/3520 3772/3619/3520
f 3756/3649/3520 3771/3647/3520 3772/3649/3520
f 3765/3635/3520 3764/3633/3520 3772/3635/3520
f 3758/3621/3520 3757/3619/3520 3772/3621/3520
f 3766/3637/3520 3765/3635/3520 3772/3637/3520
f 3759/3623/3520 3758/3621/3520 3772/3623/3520
f 3767/3639/3520 3766/3637/3520 3772/3639/3520
f 3760/3625/3520 3759/3623/3520 3772/3625/3520
f 3768/3641/3520 3767/3639/3520 3772/3641/3520
f 3761/3627/3520 3760/3625/3520 3772/3627/3520
f 3769/3643/3520 3768/3641/3520 3772/3643/3520
f 3762/3629/3520 3761/3627/3520 3772/3629/3520
f 3770/3645/3520 3769/3643/3520 3772/3645/3520
f 3763/3631/3520 3762/3629/3520 3772/3631/3520
o Cube.009
v 0.000013 0.309439 -0.180945
v 0.000013 0.390924 -0.204743
v 0.016688 0.345969 -0.193265
v 0.016876 0.326752 -0.187551
v 0.003726 0.390486 -0.204743
v 0.006695 0.389996 -0.204506
v 0.000013 0.271802 -0.248089
v 0.000013 0.372996 -0.283428
v 0.022331 0.318975 -0.264495
v 0.021545 0.293804 -0.256116
v 0.010274 0.372096 -0.283061
v 0.005106 0.372558 -0.283428
v 0.009417 0.309439 -0.180945
v 0.013106 0.313266 -0.182246
v 0.011747 0.310560 -0.181326
v 0.013751 0.271802 -0.248089
v 0.018749 0.275633 -0.249364
v 0.016203 0.272924 -0.248462
v 0.015890 0.377763 -0.202201
v 0.009818 0.387351 -0.204257
v 0.014279 0.383125 -0.203521
v 0.020587 0.360174 -0.279348
v 0.015446 0.369444 -0.282668
v 0.018316 0.365342 -0.281491
v 0.000013 0.259982 -0.269123
v 0.000013 0.367186 -0.305265
v 0.023118 0.310161 -0.292008
v 0.023009 0.284321 -0.279121
v 0.010274 0.366286 -0.304897
v 0.005106 0.366748 -0.305265
v 0.015060 0.259982 -0.269123
v 0.018749 0.263813 -0.270399
v 0.017390 0.261104 -0.269497
v 0.020289 0.354364 -0.301184
v 0.015446 0.363634 -0.304505
v 0.018316 0.359533 -0.303327
v -0.016662 0.345969 -0.193265
v -0.016850 0.326752 -0.187551
v -0.003700 0.390486 -0.204743
v -0.006669 0.389996 -0.204506
v -0.022306 0.318975 -0.264495
v -0.021520 0.293804 -0.256116
v -0.010249 0.372096 -0.283061
v -0.005081 0.372558 -0.283428
v -0.009392 0.309439 -0.180945
v -0.013080 0.313266 -0.182246
v -0.011722 0.310560 -0.181326
v -0.013725 0.271802 -0.248089
v -0.018724 0.275633 -0.249364
v -0.016177 0.272924 -0.248462
v -0.015864 0.377763 -0.202201
v -0.009793 0.387351 -0.204257
v -0.014253 0.383125 -0.203521
v -0.020562 0.360174 -0.279348
v -0.015421 0.369444 -0.282668
v -0.018290 0.365342 -0.281491
v -0.023092 0.310161 -0.292008
v -0.022984 0.284321 -0.279121
v -0.010249 0.366286 -0.304897
v -0.005081 0.366748 -0.305265
v -0.015035 0.259982 -0.269123
v -0.018724 0.263813 -0.270399
v -0.017365 0.261104 -0.269497
v -0.020263 0.354364 -0.301184
v -0.015421 0.363634 -0.304505
v -0.018290 0.359533 -0.303327
vn -0.0000 0.9752 -0.2213
vn 0.1128 0.9693 -0.2184
vn 0.1032 0.9659 -0.2375
vn -0.0000 0.9710 -0.2391
vn 0.3397 0.9208 -0.1918
vn 0.3244 0.9207 -0.2172
vn 0.9976 0.0316 0.0614
vn 0.9922 -0.0634 0.1076
vn 0.9933 -0.0701 0.0918
vn 0.9988 0.0281 0.0410
vn 0.9260 -0.3087 0.2173
vn 0.9250 -0.2991 0.2343
vn 0.6643 -0.6305 0.4015
vn 0.6601 -0.6392 0.3947
vn 0.2226 -0.8441 0.4878
vn 0.2283 -0.8429 0.4873
vn -0.0000 -0.8723 0.4890
vn -0.0000 -0.8720 0.4894
vn 0.9810 0.1933 0.0162
vn 0.9804 0.1960 -0.0174
vn 0.8797 0.4664 -0.0927
vn 0.8657 0.4966 -0.0625
vn 0.6710 0.7242 -0.1591
vn 0.6515 0.7472 -0.1311
vn 0.0934 0.9622 -0.2560
vn -0.0000 0.9664 -0.2571
vn 0.9784 0.1998 -0.0522
vn 0.8870 0.4454 -0.1217
vn 0.9995 0.0268 0.0190
vn 0.2904 0.9247 -0.2460
vn 0.2333 -0.8418 0.4868
vn 0.6521 -0.6499 0.3904
vn 0.8186 -0.4906 0.2988
vn 0.9851 -0.1396 0.1003
vn 0.9952 -0.0669 0.0714
vn 0.6789 0.7095 -0.1888
vn -0.0000 -0.8718 0.4899
vn -0.1032 0.9659 -0.2375
vn -0.1128 0.9693 -0.2184
vn -0.3397 0.9208 -0.1918
vn -0.3244 0.9207 -0.2172
vn -0.9976 0.0316 0.0614
vn -0.9988 0.0281 0.0410
vn -0.9933 -0.0701 0.0918
vn -0.9922 -0.0634 0.1076
vn -0.9260 -0.3087 0.2173
vn -0.6601 -0.6392 0.3947
vn -0.6643 -0.6305 0.4015
vn -0.9250 -0.2991 0.2343
vn -0.2283 -0.8429 0.4873
vn -0.2226 -0.8441 0.4878
vn -0.9810 0.1933 0.0162
vn -0.8657 0.4966 -0.0625
vn -0.8797 0.4664 -0.0927
vn -0.9804 0.1960 -0.0174
vn -0.6515 0.7472 -0.1311
vn -0.6710 0.7242 -0.1591
vn -0.0934 0.9622 -0.2560
vn -0.8870 0.4454 -0.1217
vn -0.9784 0.1998 -0.0522
vn -0.9995 0.0268 0.0190
vn -0.2904 0.9247 -0.2460
vn -0.6521 -0.6499 0.3904
vn -0.2333 -0.8418 0.4868
vn -0.8186 -0.4906 0.2988
vn -0.9952 -0.0669 0.0714
vn -0.9851 -0.1396 0.1003
vn -0.6789 0.7095 -0.1888
vt 0.625000 0.375000
vt 0.625000 0.472322
vt 0.625000 0.472322
vt 0.625000 0.500000
vt 0.624417 0.498649
vt 0.375000 0.500000
vt 0.375000 0.500000
vt 0.375000 0.500000
vt 0.350903 0.500000
vt 0.352938 0.500000
vt 0.250000 0.500000
vt 0.569634 0.500000
vt 0.580396 0.500000
vt 0.610204 0.500000
vt 0.607363 0.500000
vt 0.618137 0.499246
vt 0.617316 0.500000
s 1
f 3774/3651/3554 3777/3652/3555 3784/3653/3556 3780/3651/3557
f 3778/3654/3558 3783/3655/3559 3784/3653/3556 3777/3652/3555
f 3775/3656/3560 3776/3657/3561 3782/3658/3562 3781/3658/3563
f 3789/3658/3564 3786/3658/3565 3787/3658/3566 3790/3658/3567
f 3790/3658/3567 3787/3658/3566 3785/3659/3568 3788/3660/3569
f 3776/3657/3561 3786/3658/3565 3789/3658/3564 3782/3658/3562
f 3785/3659/3568 3773/3661/3570 3779/3661/3571 3788/3660/3569
f 3791/3662/3572 3794/3663/3573 3796/3664/3574 3793/3665/3575
f 3793/3665/3575 3796/3664/3574 3795/3666/3576 3792/3667/3577
f 3792/3667/3577 3795/3666/3576 3783/3655/3559 3778/3654/3558
f 3791/3662/3572 3775/3656/3560 3781/3658/3563 3794/3663/3573
f 3780/3651/3557 3784/3653/3556 3802/3653/3578 3798/3651/3579
f 3796/3664/3574 3794/3663/3573 3806/3663/3580 3808/3664/3581
f 3794/3663/3573 3781/3658/3563 3799/3658/3582 3806/3663/3580
f 3784/3653/3556 3783/3655/3559 3801/3655/3583 3802/3653/3578
f 3790/3658/3567 3788/3660/3569 3803/3660/3584 3805/3658/3585
f 3789/3658/3564 3790/3658/3567 3805/3658/3585 3804/3658/3586
f 3782/3658/3562 3789/3658/3564 3804/3658/3587 3800/3658/3588
f 3781/3658/3563 3782/3658/3562 3800/3658/3588 3799/3658/3582
f 3795/3666/3576 3796/3664/3574 3808/3664/3581 3807/3666/3589
f 3783/3655/3559 3795/3666/3576 3807/3666/3589 3801/3655/3583
f 3788/3660/3569 3779/3661/3571 3797/3661/3590 3803/3660/3584
f 3774/3651/3554 3780/3651/3557 3816/3653/3591 3811/3652/3592
f 3812/3654/3593 3811/3652/3592 3816/3653/3591 3815/3655/3594
f 3809/3656/3595 3813/3658/3596 3814/3658/3597 3810/3657/3598
f 3821/3658/3599 3822/3658/3600 3819/3658/3601 3818/3658/3602
f 3822/3658/3600 3820/3660/3603 3817/3659/3604 3819/3658/3601
f 3810/3657/3598 3814/3658/3597 3821/3658/3599 3818/3658/3602
f 3817/3659/3604 3820/3660/3603 3779/3661/3571 3773/3661/3570
f 3823/3662/3605 3825/3665/3606 3828/3664/3607 3826/3663/3608
f 3825/3665/3606 3824/3667/3609 3827/3666/3610 3828/3664/3607
f 3824/3667/3609 3812/3654/3593 3815/3655/3594 3827/3666/3610
f 3823/3662/3605 3826/3663/3608 3813/3658/3596 3809/3656/3595
f 3780/3651/3557 3798/3651/3579 3832/3653/3611 3816/3653/3591
f 3828/3664/3607 3838/3664/3612 3836/3663/3613 3826/3663/3608
f 3826/3663/3608 3836/3663/3613 3829/3658/3614 3813/3658/3596
f 3816/3653/3591 3832/3653/3611 3831/3655/3615 3815/3655/3594
f 3822/3658/3600 3835/3658/3616 3833/3660/3617 3820/3660/3603
f 3821/3658/3599 3834/3658/3618 3835/3658/3616 3822/3658/3600
f 3814/3658/3597 3830/3658/3619 3834/3658/3620 3821/3658/3599
f 3813/3658/3596 3829/3658/3614 3830/3658/3619 3814/3658/3597
f 3827/3666/3610 3837/3666/3621 3838/3664/3612 3828/3664/3607
f 3815/3655/3594 3831/3655/3615 3837/3666/3621 3827/3666/3610
f 3820/3660/3603 3833/3660/3617 3797/3661/3590 3779/3661/3571
o Cube.008
v 0.000013 0.332174 -0.149587
v 0.000013 0.395865 -0.167404
v 0.013855 0.353214 -0.158362
v 0.000013 0.294650 -0.209638
v 0.000013 0.384715 -0.232035
v 0.016953 0.332663 -0.220141
v 0.013855 0.341418 -0.152980
v 0.016953 0.310413 -0.214219
v 0.004484 0.395474 -0.167508
v 0.007229 0.394978 -0.167354
v 0.003473 0.384208 -0.232035
v 0.007422 0.383640 -0.231789
v 0.011790 0.335496 -0.151102
v 0.010188 0.332174 -0.149587
v 0.011320 0.333147 -0.150031
v 0.011307 0.294650 -0.209638
v 0.013611 0.296910 -0.210485
v 0.012936 0.295948 -0.210033
v 0.010117 0.392553 -0.167695
v 0.013855 0.383474 -0.167596
v 0.012760 0.388594 -0.167848
v 0.016953 0.369476 -0.229401
v 0.011576 0.380578 -0.231531
v 0.015378 0.375684 -0.230768
v 0.000013 0.392228 -0.189441
v 0.014973 0.350163 -0.175217
v 0.000013 0.322738 -0.163557
v 0.014973 0.334679 -0.167336
v 0.007277 0.391378 -0.189189
v 0.004088 0.391823 -0.189441
v 0.012447 0.326148 -0.164946
v 0.011902 0.323737 -0.163964
v 0.010586 0.322738 -0.163557
v 0.014973 0.380141 -0.186720
v 0.013701 0.385056 -0.188136
v 0.010631 0.388940 -0.188923
v 0.013295 0.338457 -0.152041
v 0.015755 0.302409 -0.212352
v 0.014183 0.330413 -0.166141
v -0.013830 0.353214 -0.158362
v -0.016927 0.332663 -0.220141
v -0.013830 0.341418 -0.152980
v -0.016927 0.310413 -0.214219
v -0.004458 0.395474 -0.167508
v -0.007204 0.394978 -0.167354
v -0.003448 0.384208 -0.232035
v -0.007396 0.383640 -0.231789
v -0.011764 0.335496 -0.151102
v -0.010162 0.332174 -0.149587
v -0.011295 0.333147 -0.150031
v -0.011282 0.294650 -0.209638
v -0.013586 0.296910 -0.210485
v -0.012911 0.295948 -0.210033
v -0.010091 0.392553 -0.167695
v -0.013830 0.383474 -0.167596
v -0.012735 0.388594 -0.167848
v -0.016927 0.369476 -0.229401
v -0.011550 0.380578 -0.231531
v -0.015352 0.375684 -0.230768
v -0.014948 0.350163 -0.175217
v -0.014948 0.334679 -0.167336
v -0.007251 0.391378 -0.189189
v -0.004063 0.391823 -0.189441
v -0.012422 0.326148 -0.164946
v -0.011877 0.323737 -0.163964
v -0.010561 0.322738 -0.163557
v -0.014948 0.380141 -0.186720
v -0.013676 0.385056 -0.188136
v -0.010605 0.388940 -0.188923
v -0.013270 0.338457 -0.152041
v -0.015729 0.302409 -0.212352
v -0.014157 0.330413 -0.166141
vn 0.9574 -0.2253 0.1808
vn 0.9464 -0.2557 0.1974
vn 0.9389 -0.2803 0.1997
vn 0.9580 -0.2296 0.1718
vn 0.9986 0.0186 0.0491
vn 0.9945 -0.0561 0.0886
vn 0.9944 -0.0693 0.0796
vn 0.9992 0.0132 0.0388
vn 0.3994 0.9036 -0.1547
vn 0.3928 0.9050 -0.1632
vn 0.1342 0.9753 -0.1753
vn 0.1308 0.9768 -0.1694
vn 0.9464 -0.2489 0.2060
vn 0.9788 -0.1469 0.1429
vn 0.9631 -0.2109 0.1671
vn 0.6399 -0.6388 0.4273
vn 0.6509 -0.6183 0.4405
vn 0.6388 -0.6406 0.4260
vn -0.0000 0.9855 -0.1699
vn -0.0000 0.9844 -0.1757
vn 0.9914 0.1289 0.0232
vn 0.9919 0.1265 0.0134
vn 0.9072 0.4170 -0.0560
vn 0.9080 0.4167 -0.0442
vn 0.7065 0.6972 -0.1212
vn 0.7111 0.6944 -0.1101
vn 0.9914 0.1259 0.0348
vn 0.9978 0.0257 0.0604
vn 0.7086 0.6983 -0.1007
vn 0.3972 0.9058 -0.1474
vn 0.9044 0.4254 -0.0337
vn 0.9548 -0.2258 0.1935
vn -0.0000 -0.8287 0.5597
vn -0.0000 -0.8415 0.5402
vn -0.0000 -0.8417 0.5399
vn 0.6273 -0.6606 0.4125
vn -0.0000 0.9864 -0.1643
vn 0.1282 0.9782 -0.1632
vn 0.9936 -0.0518 0.1008
vn -0.0000 -0.8539 0.5205
vn 0.9466 -0.2630 0.1865
vn -0.9574 -0.2253 0.1808
vn -0.9580 -0.2296 0.1718
vn -0.9389 -0.2803 0.1997
vn -0.9464 -0.2557 0.1974
vn -0.9986 0.0186 0.0491
vn -0.9992 0.0132 0.0388
vn -0.9944 -0.0693 0.0796
vn -0.9945 -0.0561 0.0886
vn -0.3994 0.9036 -0.1547
vn -0.1308 0.9768 -0.1694
vn -0.1342 0.9753 -0.1753
vn -0.3928 0.9050 -0.1632
vn -0.9631 -0.2109 0.1671
vn -0.9788 -0.1469 0.1429
vn -0.9464 -0.2489 0.2060
vn -0.6399 -0.6388 0.4273
vn -0.6388 -0.6406 0.4260
vn -0.6509 -0.6183 0.4405
vn -0.9914 0.1289 0.0232
vn -0.9080 0.4167 -0.0442
vn -0.9072 0.4170 -0.0560
vn -0.9919 0.1265 0.0134
vn -0.7111 0.6944 -0.1101
vn -0.7065 0.6972 -0.1212
vn -0.9914 0.1259 0.0348
vn -0.9978 0.0257 0.0604
vn -0.7086 0.6983 -0.1007
vn -0.3972 0.9058 -0.1474
vn -0.9044 0.4254 -0.0337
vn -0.9548 -0.2258 0.1935
vn -0.6273 -0.6606 0.4125
vn -0.1282 0.9782 -0.1632
vn -0.9936 -0.0518 0.1008
vn -0.9466 -0.2630 0.1865
vt 0.375000 0.500000
vt 0.375000 0.500000
vt 0.375000 0.500000
vt 0.375000 0.500000
vt 0.375000 0.500000
vt 0.375000 0.500000
vt 0.375000 0.500000
vt 0.625000 0.500000
vt 0.625000 0.500000
vt 0.625000 0.472322
vt 0.625000 0.472322
vt 0.350901 0.500000
vt 0.350902 0.500000
vt 0.625000 0.375000
vt 0.565219 0.500000
vt 0.569634 0.500000
vt 0.607363 0.500000
vt 0.606026 0.500000
vt 0.617316 0.500000
vt 0.616753 0.500000
vt 0.562217 0.500000
vt 0.616371 0.500000
vt 0.605117 0.500000
vt 0.250000 0.500000
vt 0.350903 0.500000
s 1
f 3877/3668/3622 3869/3669/3623 3855/3670/3624 3876/3670/3625
f 3864/3671/3626 3866/3672/3627 3846/3673/3628 3844/3674/3629
f 3867/3675/3630 3850/3676/3631 3849/3677/3632 3868/3678/3633
f 3869/3669/3623 3851/3670/3634 3853/3670/3635 3870/3673/3636
f 3870/3673/3637 3853/3670/3638 3852/3679/3638 3871/3680/3639
f 3863/3681/3640 3868/3678/3633 3849/3677/3632 3843/3681/3641
f 3877/3668/3622 3876/3670/3625 3846/3673/3628 3866/3672/3627
f 3872/3682/3642 3860/3683/3643 3862/3684/3644 3873/3685/3645
f 3873/3685/3645 3862/3684/3644 3861/3686/3646 3874/3687/3647
f 3874/3687/3647 3861/3686/3646 3850/3676/3631 3867/3675/3630
f 3858/3688/3648 3841/3670/3649 3864/3671/3626 3872/3682/3642
f 3857/3689/3650 3874/3687/3647 3867/3675/3630 3848/3676/3651
f 3859/3690/3652 3873/3685/3645 3874/3687/3647 3857/3689/3650
f 3858/3688/3648 3872/3682/3642 3873/3685/3645 3859/3690/3652
f 3875/3673/3653 3851/3670/3634 3869/3669/3623 3877/3668/3622
f 3852/3679/3654 3839/3691/3654 3865/3691/3655 3871/3680/3656
f 3872/3682/3642 3864/3671/3626 3844/3674/3629 3860/3683/3643
f 3856/3670/3657 3870/3673/3637 3871/3680/3639 3854/3692/3657
f 3840/3681/3658 3847/3677/3659 3868/3678/3633 3863/3681/3640
f 3848/3676/3651 3867/3675/3630 3868/3678/3633 3847/3677/3659
f 3841/3670/3649 3845/3668/3660 3866/3672/3627 3864/3671/3626
f 3871/3680/3656 3865/3691/3655 3842/3691/3661 3854/3692/3661
f 3845/3668/3660 3875/3673/3653 3877/3668/3622 3866/3672/3627
f 3855/3670/3624 3869/3669/3623 3870/3673/3636 3856/3670/3662
f 3910/3668/3663 3909/3670/3664 3890/3670/3665 3902/3669/3666
f 3898/3671/3667 3879/3674/3668 3881/3673/3669 3899/3672/3670
f 3900/3675/3671 3901/3678/3672 3884/3677/3673 3885/3676/3674
f 3902/3669/3666 3903/3673/3675 3888/3670/3676 3886/3670/3677
f 3903/3673/3678 3904/3680/3679 3887/3679/3680 3888/3670/3680
f 3863/3681/3640 3843/3681/3641 3884/3677/3673 3901/3678/3672
f 3910/3668/3663 3899/3672/3670 3881/3673/3669 3909/3670/3664
f 3905/3682/3681 3906/3685/3682 3897/3684/3683 3895/3683/3684
f 3906/3685/3682 3907/3687/3685 3896/3686/3686 3897/3684/3683
f 3907/3687/3685 3900/3675/3671 3885/3676/3674 3896/3686/3686
f 3893/3688/3687 3905/3682/3681 3898/3671/3667 3878/3670/3688
f 3892/3689/3689 3883/3676/3690 3900/3675/3671 3907/3687/3685
f 3894/3690/3691 3892/3689/3689 3907/3687/3685 3906/3685/3682
f 3893/3688/3687 3894/3690/3691 3906/3685/3682 3905/3682/3681
f 3908/3673/3692 3910/3668/3663 3902/3669/3666 3886/3670/3677
f 3887/3679/3654 3904/3680/3656 3865/3691/3655 3839/3691/3654
f 3905/3682/3681 3895/3683/3684 3879/3674/3668 3898/3671/3667
f 3891/3670/3693 3889/3692/3693 3904/3680/3679 3903/3673/3678
f 3840/3681/3658 3863/3681/3640 3901/3678/3672 3882/3677/3694
f 3883/3676/3690 3882/3677/3694 3901/3678/3672 3900/3675/3671
f 3878/3670/3688 3898/3671/3667 3899/3672/3670 3880/3668/3695
f 3904/3680/3656 3889/3692/3661 3842/3691/3661 3865/3691/3655
f 3880/3668/3695 3899/3672/3670 3910/3668/3663 3908/3673/3692
f 3890/3670/3665 3891/3670/3696 3903/3673/3675 3902/3669/3666
o Cube.007
v 0.022626 0.455641 0.032829
v 0.022626 0.485725 0.034152
v 0.022626 0.469455 0.020086
v 0.022626 0.481023 0.025817
v 0.044042 0.455641 0.032829
v 0.044042 0.485725 0.034152
v 0.044042 0.469455 0.020086
v 0.044042 0.481023 0.025817
v 0.022626 0.443968 0.027599
v 0.022626 0.465277 0.008683
v 0.044042 0.443968 0.027599
v 0.044042 0.465277 0.008683
v 0.022626 0.440407 0.021044
v 0.022626 0.462744 0.002423
v 0.044042 0.440407 0.021044
v 0.044042 0.462744 0.002423
v 0.022626 0.448140 0.004550
v 0.022626 0.456863 -0.009642
v 0.044042 0.448140 0.004550
v 0.044042 0.456863 -0.009642
v 0.022626 0.439595 -0.003552
v 0.022626 0.448024 -0.010103
v 0.044042 0.439595 -0.003552
v 0.044042 0.448024 -0.010103
v 0.022626 0.433812 0.012254
v 0.044042 0.433812 0.012254
v 0.022626 0.425120 0.005622
v 0.044042 0.425120 0.005622
v 0.022626 0.439610 -0.017625
v 0.022626 0.433051 -0.012860
v 0.044042 0.439610 -0.017625
v 0.044042 0.433051 -0.012860
v 0.022626 0.426485 -0.007768
v 0.044042 0.426485 -0.007768
v 0.022626 0.452146 -0.013196
v 0.044042 0.452146 -0.013196
v 0.022626 0.449089 -0.016040
v 0.044042 0.449089 -0.016040
v 0.022626 0.413022 0.005802
v 0.044042 0.413022 0.005802
v 0.022626 0.422296 -0.011074
v 0.044042 0.422296 -0.011074
v 0.022626 0.399406 -0.007780
v 0.044042 0.399406 -0.007780
v 0.022626 0.415740 -0.026697
v 0.044042 0.415740 -0.026697
v 0.044042 0.403918 0.000457
v 0.044042 0.421867 -0.023606
v 0.022626 0.421867 -0.023606
v 0.022626 0.403918 0.000457
v 0.022626 0.399204 -0.019488
v 0.044042 0.399204 -0.019488
v 0.022626 0.404652 -0.026669
v 0.044042 0.404652 -0.026669
vn -1.0000 -0.0000 -0.0000
vn -0.0000 0.4440 -0.8960
vn 1.0000 -0.0000 -0.0000
vn -0.0000 -0.0439 0.9990
vn -0.0000 0.9390 -0.3440
vn -0.0000 0.8709 -0.4914
vn -0.0000 -0.8787 0.4774
vn -0.0000 -0.4089 0.9126
vn -0.0000 0.9270 -0.3750
vn -0.0000 -0.9054 -0.4245
vn -0.0000 0.8989 -0.4382
vn -0.0000 0.0520 -0.9986
vn -0.0000 -0.6066 0.7950
vn -0.0000 0.4736 0.8808
vn -0.0000 -0.5878 -0.8090
vn -0.0000 -0.6128 -0.7903
vn -0.0000 0.6812 -0.7321
vn -0.0000 0.6002 0.7998
vn -0.0000 0.1648 -0.9863
vn -0.0000 0.0149 0.9999
vn -0.0000 0.6195 -0.7850
vn -0.0000 -0.8771 0.4804
vn -0.0000 0.4505 -0.8928
vn -0.0000 0.9994 -0.0342
vn -0.0000 -0.5063 0.8623
vn -0.0000 -0.7967 -0.6043
vn -0.0000 -0.9999 0.0172
vn -0.0000 -0.0025 -1.0000
vt 0.375000 0.000000
vt 0.625000 0.000000
vt 0.625000 0.250000
vt 0.375000 0.250000
vt 0.625000 0.500000
vt 0.375000 0.500000
vt 0.625000 0.750000
vt 0.375000 0.750000
vt 0.625000 1.000000
vt 0.375000 1.000000
vt 0.875000 0.500000
vt 0.875000 0.750000
vt 0.375000 0.747236
vt 0.375000 0.002764
vt 0.375000 1.000000
vt 0.125000 0.500000
vt 0.125000 0.747236
s 0
f 3911/3693/3697 3912/3694/3697 3914/3695/3697 3913/3696/3697
f 3913/3696/3698 3914/3695/3698 3918/3697/3698 3917/3698/3698
f 3917/3698/3699 3918/3697/3699 3916/3699/3699 3915/3700/3699
f 3915/3700/3700 3916/3699/3700 3912/3701/3700 3911/3702/3700
f 3913/3696/3701 3917/3698/3701 3922/3698/3701 3920/3696/3701
f 3918/3697/3702 3914/3703/3702 3912/3704/3702 3916/3699/3702
f 3921/3700/3703 3919/3702/3703 3923/3702/3703 3925/3700/3703
f 3911/3693/3697 3913/3696/3697 3920/3696/3697 3919/3693/3697
f 3917/3698/3699 3915/3700/3699 3921/3700/3699 3922/3698/3699
f 3915/3700/3704 3911/3702/3704 3919/3702/3704 3921/3700/3704
f 3926/3698/3699 3925/3700/3699 3929/3705/3699 3930/3698/3699
f 3920/3696/3705 3922/3698/3705 3926/3698/3705 3924/3696/3705
f 3922/3698/3699 3921/3700/3699 3925/3700/3699 3926/3698/3699
f 3919/3693/3697 3920/3696/3697 3924/3696/3697 3923/3693/3697
f 3930/3698/3699 3929/3705/3699 3933/3705/3699 3934/3698/3699
f 3923/3693/3697 3924/3696/3697 3928/3696/3697 3927/3706/3697
f 3925/3700/3706 3923/3702/3706 3927/3707/3706 3929/3705/3706
f 3924/3696/3707 3926/3698/3707 3930/3698/3707 3928/3696/3707
f 3939/3696/3697 3932/3696/3697 3945/3696/3697 3947/3696/3697
f 3927/3706/3697 3928/3696/3697 3932/3696/3697 3931/3706/3697
f 3933/3705/3699 3938/3705/3699 3944/3705/3699 3942/3705/3699
f 3928/3696/3708 3930/3698/3708 3934/3698/3708 3932/3696/3708
f 3936/3705/3709 3935/3707/3709 3937/3707/3709 3938/3705/3709
f 3929/3705/3710 3927/3707/3710 3935/3707/3710 3936/3705/3710
f 3933/3705/3699 3929/3705/3699 3936/3705/3699 3938/3705/3699
f 3927/3706/3697 3931/3706/3697 3937/3706/3697 3935/3706/3697
f 3939/3708/3711 3941/3698/3711 3942/3705/3711 3940/3709/3711
f 3940/3709/3712 3942/3705/3712 3944/3705/3712 3943/3709/3712
f 3937/3706/3697 3931/3706/3697 3940/3706/3697 3943/3706/3697
f 3934/3698/3699 3933/3705/3699 3942/3705/3699 3941/3698/3699
f 3931/3706/3697 3932/3696/3697 3939/3696/3697 3940/3706/3697
f 3944/3705/3699 3938/3705/3699 3950/3705/3699 3952/3705/3699
f 3945/3696/3713 3946/3698/3713 3948/3698/3713 3947/3696/3713
f 3932/3696/3714 3934/3698/3714 3946/3698/3714 3945/3696/3714
f 3941/3698/3715 3939/3708/3715 3947/3708/3715 3948/3698/3715
f 3934/3698/3699 3941/3698/3699 3948/3698/3699 3946/3698/3699
f 3958/3705/3699 3957/3705/3699 3954/3705/3699 3956/3705/3699
f 3938/3705/3716 3937/3707/3716 3949/3707/3716 3950/3705/3716
f 3943/3709/3717 3944/3705/3717 3952/3705/3717 3951/3709/3717
f 3937/3706/3697 3943/3706/3697 3951/3706/3697 3949/3706/3697
f 3953/3706/3697 3955/3706/3697 3963/3706/3697 3961/3706/3697
f 3960/3706/3697 3959/3706/3697 3955/3706/3697 3953/3706/3697
f 3957/3705/3718 3960/3707/3718 3953/3707/3718 3954/3705/3718
f 3959/3709/3719 3958/3705/3719 3956/3705/3719 3955/3709/3719
f 3951/3709/3720 3952/3705/3720 3958/3705/3720 3959/3709/3720
f 3950/3705/3721 3949/3707/3721 3960/3707/3721 3957/3705/3721
f 3949/3706/3697 3951/3706/3697 3959/3706/3697 3960/3706/3697
f 3952/3705/3699 3950/3705/3699 3957/3705/3699 3958/3705/3699
f 3962/3705/3722 3961/3707/3722 3963/3707/3722 3964/3705/3722
f 3954/3705/3723 3953/3707/3723 3961/3707/3723 3962/3705/3723
f 3955/3709/3724 3956/3705/3724 3964/3705/3724 3963/3709/3724
f 3956/3705/3699 3954/3705/3699 3962/3705/3699 3964/3705/3699
o Cube.006
v 0.020368 0.425121 0.059950
v 0.024110 0.425121 0.059950
v 0.020368 0.425121 0.064612
v 0.024110 0.425121 0.064612
v 0.024110 0.415544 0.063211
v 0.020368 0.415544 0.063211
v 0.020368 0.418938 0.067352
v 0.024110 0.418938 0.067352
v 0.024110 0.412508 0.075183
v 0.020368 0.412508 0.075183
v 0.020368 0.417092 0.076717
v 0.024110 0.417092 0.076717
v 0.024110 0.410591 0.083858
v 0.020368 0.410591 0.083858
v 0.020368 0.415222 0.085765
v 0.024110 0.415222 0.085765
v 0.024110 0.408344 0.088768
v 0.020368 0.408344 0.088768
v 0.020368 0.410338 0.093060
v 0.024110 0.410338 0.093060
v 0.024110 0.404843 0.088628
v 0.020368 0.404843 0.088628
v 0.020368 0.402809 0.093479
v 0.024110 0.402809 0.093479
v 0.024110 0.403021 0.085713
v 0.020368 0.403021 0.085713
v 0.020368 0.399032 0.088484
v 0.024110 0.399032 0.088484
v 0.024110 0.403407 0.079681
v 0.020368 0.403407 0.079681
v 0.020368 0.398786 0.080302
v 0.024110 0.398786 0.080302
v 0.024110 0.403407 0.055404
v 0.020368 0.403407 0.055404
v 0.020368 0.398786 0.055404
v 0.024110 0.398786 0.055404
vn -0.0000 0.4050 0.9143
vn -0.0000 0.9811 0.1933
vn 1.0000 -0.0000 -0.0000
vn -0.0000 -0.3223 -0.9466
vn -0.0000 -0.9693 -0.2458
vn -0.0000 0.8310 0.5563
vn -0.0000 0.9793 0.2025
vn -0.0000 -0.9764 -0.2158
vn -0.0000 -0.9093 -0.4161
vn -0.0000 -0.7977 0.6031
vn -0.0000 0.0555 0.9985
vn -0.0000 0.0400 -0.9992
vn -0.0000 -0.0000 -1.0000
vn -0.0000 0.8479 -0.5301
vn -0.0000 -0.9995 0.0301
vn -0.0000 0.9980 0.0639
vn -0.0000 1.0000 -0.0000
vn -0.0000 -1.0000 -0.0000
vt 0.437500 1.000000
vt 0.437500 0.500000
vt 0.562500 1.000000
vt 0.562500 0.500000
s 1
f 3968/3710/3725 3967/3711/3725 3971/3711/3725 3972/3710/3725
f 3972/3710/3726 3971/3711/3726 3975/3711/3726 3976/3710/3726
f 3969/3712/3727 3972/3710/3727 3976/3710/3727 3973/3712/3727
f 3965/3713/3728 3966/3712/3728 3969/3712/3728 3970/3713/3728
f 3977/3712/3727 3980/3710/3727 3984/3710/3727 3981/3712/3727
f 3973/3712/3727 3976/3710/3727 3980/3710/3727 3977/3712/3727
f 3970/3713/3729 3969/3712/3729 3973/3712/3729 3974/3713/3729
f 3980/3710/3730 3979/3711/3730 3983/3711/3730 3984/3710/3730
f 3976/3710/3731 3975/3711/3731 3979/3711/3731 3980/3710/3731
f 3974/3713/3732 3973/3712/3732 3977/3712/3732 3978/3713/3732
f 3985/3712/3727 3988/3710/3727 3992/3710/3727 3989/3712/3727
f 3981/3712/3727 3984/3710/3727 3988/3710/3727 3985/3712/3727
f 3978/3713/3733 3977/3712/3733 3981/3712/3733 3982/3713/3733
f 3988/3710/3734 3987/3711/3734 3991/3711/3734 3992/3710/3734
f 3984/3710/3735 3983/3711/3735 3987/3711/3735 3988/3710/3735
f 3982/3713/3736 3981/3712/3736 3985/3712/3736 3986/3713/3736
f 3997/3712/3737 4000/3710/3737 3999/3711/3737 3998/3713/3737
f 3989/3712/3727 3992/3710/3727 3996/3710/3727 3993/3712/3727
f 3986/3713/3738 3985/3712/3738 3989/3712/3738 3990/3713/3738
f 3992/3710/3739 3991/3711/3739 3995/3711/3739 3996/3710/3739
f 3990/3713/3740 3989/3712/3740 3993/3712/3740 3994/3713/3740
f 3993/3712/3727 3996/3710/3727 4000/3710/3727 3997/3712/3727
f 3994/3713/3741 3993/3712/3741 3997/3712/3741 3998/3713/3741
f 3996/3710/3742 3995/3711/3742 3999/3711/3742 4000/3710/3742
f 3966/3712/3727 3968/3710/3727 3972/3710/3727 3969/3712/3727
o Cube.005
v 0.021350 0.436711 0.062980
v 0.021797 0.449002 0.058873
v 0.021350 0.433242 0.056943
v 0.021797 0.453576 0.052595
v 0.032334 0.436711 0.062980
v 0.032355 0.449002 0.058873
v 0.032355 0.433242 0.056943
v 0.032355 0.453576 0.052595
v 0.023936 0.469840 0.081558
v 0.023936 0.471848 0.078948
v 0.030217 0.469840 0.081558
v 0.030217 0.471848 0.078948
v 0.025119 0.473419 0.084097
v 0.025119 0.475315 0.082046
v 0.029034 0.473419 0.084097
v 0.029034 0.475315 0.082046
v 0.029641 0.474197 0.079490
v 0.029641 0.471853 0.083107
v 0.024511 0.471853 0.083107
v 0.024511 0.474197 0.079490
v 0.021350 0.434981 0.059962
v 0.020861 0.451289 0.055734
v 0.032322 0.434981 0.059962
v 0.033291 0.451289 0.055734
v 0.023379 0.470844 0.080253
v 0.030773 0.470844 0.080253
v 0.024772 0.474367 0.083072
v 0.029381 0.474367 0.083072
v 0.024056 0.473025 0.081299
v 0.030096 0.473025 0.081299
v 0.022631 0.466199 0.071315
v 0.021797 0.459481 0.061664
v 0.022041 0.462735 0.066466
v 0.031521 0.466199 0.071315
v 0.032355 0.459481 0.061664
v 0.032111 0.462735 0.066466
v 0.032355 0.454582 0.066701
v 0.031516 0.462581 0.075352
v 0.032110 0.458295 0.071158
v 0.022637 0.462581 0.075352
v 0.021797 0.454582 0.066701
v 0.022043 0.458295 0.071158
v 0.020861 0.456980 0.064099
v 0.021859 0.464443 0.073393
v 0.021153 0.460515 0.068805
v 0.033291 0.456980 0.064099
v 0.032293 0.464443 0.073393
v 0.032999 0.460515 0.068805
v 0.032322 0.426538 0.065095
v 0.032322 0.429761 0.062941
v 0.021350 0.430750 0.056189
v 0.032314 0.430750 0.056189
v 0.021350 0.428418 0.056653
v 0.032314 0.428418 0.056653
v 0.021350 0.426442 0.057973
v 0.032314 0.426442 0.057973
v 0.021350 0.425121 0.059950
v 0.032314 0.425121 0.059950
v 0.021350 0.424658 0.062281
v 0.032314 0.424658 0.062281
v 0.021350 0.425121 0.064612
v 0.032314 0.425121 0.064612
v 0.021350 0.426442 0.066589
v 0.032314 0.426442 0.066589
v 0.021350 0.428418 0.067909
v 0.032314 0.428418 0.067909
v 0.021350 0.430750 0.068373
v 0.032314 0.430750 0.068373
v 0.021350 0.433081 0.067909
v 0.032314 0.433081 0.067909
v 0.021350 0.435057 0.066589
v 0.032314 0.435057 0.066589
v 0.021350 0.436378 0.064612
v 0.032314 0.436378 0.064612
v 0.032322 0.427936 0.064161
v 0.021350 0.426538 0.065095
v 0.032322 0.425782 0.065600
v 0.032322 0.431738 0.061621
v 0.032322 0.433564 0.060401
v 0.021350 0.425782 0.065600
v 0.021350 0.427936 0.064161
v 0.021350 0.429761 0.062941
v 0.021350 0.431738 0.061621
v 0.021350 0.433564 0.060401
vn -0.9997 0.0081 0.0250
vn -0.9935 0.0633 -0.0943
vn -0.9871 0.0546 -0.1502
vn -0.9975 -0.0164 -0.0680
vn -0.0000 -0.2091 -0.9779
vn 0.9995 -0.0125 0.0285
vn 0.9961 -0.0674 -0.0575
vn 0.9841 -0.0983 0.1481
vn 0.9992 -0.0032 0.0398
vn -0.0000 0.3169 0.9485
vn 0.9562 0.2297 0.1814
vn 0.9451 0.3184 -0.0740
vn 0.9119 0.4077 0.0470
vn -0.0000 0.7342 0.6789
vn -0.9562 0.2297 0.1814
vn -0.9349 0.0944 0.3421
vn -0.9347 0.1017 0.3406
vn -0.0000 -0.5778 0.8162
vn -0.0000 -0.5343 0.8453
vn -0.0000 0.9161 -0.4009
vn -0.0000 0.9716 0.2367
vn -0.0000 0.2250 -0.9744
vn -0.0000 -0.6318 0.7751
vn -0.9842 0.0973 0.1483
vn -0.9396 0.0338 0.3407
vn 0.9842 0.0973 0.1483
vn 0.9418 0.3217 -0.0972
vn 0.9396 0.0338 0.3407
vn 0.9349 0.0944 0.3421
vn -0.9418 0.3217 -0.0972
vn -0.9451 0.3184 -0.0739
vn -0.9119 0.4077 0.0470
vn 0.9347 0.1017 0.3406
vn 0.9976 -0.0336 -0.0605
vn 0.9868 -0.0612 -0.1501
vn -0.9992 0.0107 0.0379
vn -0.9852 -0.0816 0.1508
vn -0.0000 -0.6760 0.7369
vn -0.0000 -0.7348 0.6782
vn -0.0000 -0.7915 0.6111
vn -0.9407 0.3255 -0.0956
vn -0.9496 0.2983 -0.0964
vn -0.9596 0.2554 -0.1178
vn -0.9540 0.2820 -0.1017
vn -0.9658 0.2193 -0.1382
vn -0.9623 0.2411 -0.1261
vn 0.9572 -0.1167 0.2647
vn 0.9503 -0.1003 0.2946
vn 0.9607 -0.1311 0.2446
vn 0.9648 -0.1641 0.2054
vn 0.9661 -0.1796 0.1856
vn 0.9671 -0.2024 0.1538
vn -0.0000 0.8090 -0.5878
vn -0.0000 0.8210 -0.5709
vn -0.0000 0.8330 -0.5532
vn -0.9503 -0.1003 0.2946
vn -0.9572 -0.1167 0.2647
vn -0.9648 -0.1641 0.2054
vn -0.9607 -0.1311 0.2446
vn -0.9671 -0.2024 0.1538
vn -0.9661 -0.1796 0.1856
vn 0.9496 0.2983 -0.0964
vn 0.9407 0.3255 -0.0956
vn 0.9540 0.2820 -0.1017
vn 0.9596 0.2554 -0.1178
vn 0.9623 0.2411 -0.1261
vn 0.9658 0.2193 -0.1382
vn -0.0000 0.8380 -0.5456
vn -0.0000 0.8038 -0.5949
vn 0.9667 0.2130 -0.1417
vn -0.0000 -0.8143 0.5804
vn -0.0000 0.9797 0.2004
vn -0.0000 0.2896 -0.9572
vn -0.0000 -0.1951 -0.9808
vn -0.0000 -0.5556 -0.8315
vn -0.0000 -0.8315 -0.5556
vn -1.0000 -0.0000 -0.0000
vn -0.0000 -0.5556 0.8315
vn -0.0000 -0.1951 0.9808
vn -0.0000 0.1951 0.9808
vn -0.0000 0.5556 0.8315
vn -0.0000 0.8315 0.5556
vn 1.0000 0.0011 0.0011
vn 1.0000 -0.0008 -0.0012
vn 1.0000 -0.0011 -0.0011
vn 1.0000 -0.0019 -0.0011
vn 1.0000 -0.0017 0.0056
vn 1.0000 -0.0058 -0.0006
vn 1.0000 0.0003 0.0022
vn 1.0000 0.0006 0.0015
vn 1.0000 0.0008 0.0012
vn 1.0000 -0.0006 -0.0015
vn 0.9999 -0.0086 0.0062
vn 0.9999 -0.0116 0.0107
vn 1.0000 -0.0072 0.0040
vn -0.0000 -0.8315 0.5556
vt 0.375000 0.125000
vt 0.625000 0.125000
vt 0.625000 0.250000
vt 0.375000 0.250000
vt 0.625000 0.500000
vt 0.375000 0.500000
vt 0.375000 0.625000
vt 0.625000 0.625000
vt 0.625000 0.750000
vt 0.375000 0.750000
vt 0.625000 1.000000
vt 0.375000 1.000000
vt 0.875000 0.625000
vt 0.875000 0.750000
vt 0.625000 0.000000
vt 0.875000 0.500000
vt 0.375000 0.000000
vt 0.625000 0.994178
vt 0.625000 0.748822
vt 0.625000 0.252893
vt 0.625000 0.128451
vt 0.625000 0.621549
vt 0.625000 0.497107
vt 0.625000 0.008178
vt 0.062500 0.500000
vt 0.062500 1.000000
vt 0.018741 1.000000
vt 0.018741 0.500000
vt 0.812500 0.500000
vt 0.812500 1.000000
vt 0.750000 1.000000
vt 0.750000 0.500000
vt 0.687500 1.000000
vt 0.687500 0.500000
vt 0.562500 1.000000
vt 0.562500 0.500000
vt 0.406250 0.500000
vt 0.312500 0.500000
vt 0.312500 1.000000
vt 0.250000 1.000000
vt 0.250000 0.500000
vt 0.187500 1.000000
vt 0.187500 0.500000
vt 0.125000 1.000000
vt 0.125000 0.500000
vt 0.406250 1.000000
vt 0.500000 1.000000
vt 0.437500 1.000000
vt 0.437500 0.500000
vt 0.500000 0.500000
s 1
f 4021/3714/3743 4022/3715/3744 4004/3716/3745 4003/3717/3746
f 4003/3717/3747 4004/3716/3747 4008/3718/3747 4007/3719/3747
f 4023/3720/3748 4024/3721/3749 4006/3722/3750 4005/3723/3751
f 4005/3723/3752 4006/3722/3752 4002/3724/3752 4001/3725/3752
f 4030/3721/3753 4017/3718/3754 4016/3718/3755 4028/3721/3755
f 4028/3721/3756 4027/3726/3756 4013/3727/3756 4015/3722/3756
f 4029/3715/3757 4019/3728/3758 4013/3728/3759 4027/3715/3759
f 4019/3724/3760 4018/3722/3760 4015/3722/3761 4013/3724/3761
f 4017/3718/3762 4020/3716/3762 4014/3716/3763 4016/3718/3763
f 4012/3718/3764 4010/3716/3764 4020/3716/3764 4017/3718/3764
f 4009/3724/3765 4011/3722/3765 4018/3722/3760 4019/3724/3760
f 4025/3715/3766 4009/3728/3767 4019/3728/3758 4029/3715/3757
f 4026/3721/3768 4012/3718/3769 4017/3718/3754 4030/3721/3753
f 4011/3722/3770 4026/3721/3768 4030/3721/3753 4018/3722/3771
f 4010/3716/3772 4025/3715/3766 4029/3715/3757 4020/3716/3773
f 4020/3716/3773 4029/3715/3757 4027/3715/3774 4014/3716/3774
f 4016/3718/3763 4014/3729/3763 4027/3726/3756 4028/3721/3756
f 4018/3722/3771 4030/3721/3753 4028/3721/3775 4015/3722/3775
f 4007/3719/3776 4008/3718/3777 4024/3721/3749 4023/3720/3748
f 4001/3730/3778 4002/3728/3779 4022/3715/3744 4021/3714/3743
f 4038/3722/3780 4040/3724/3780 4042/3731/3781 4039/3732/3781
f 4039/3732/3781 4042/3731/3781 4041/3724/3782 4037/3722/3782
f 4044/3715/3783 4031/3716/3784 4033/3733/3785 4045/3734/3786
f 4045/3734/3786 4033/3733/3785 4032/3716/3787 4043/3715/3788
f 4047/3721/3789 4038/3722/3790 4039/3732/3791 4048/3735/3792
f 4048/3735/3792 4039/3732/3791 4037/3722/3793 4046/3721/3794
f 4031/3716/3795 4034/3718/3795 4036/3736/3796 4033/3733/3796
f 4033/3733/3796 4036/3736/3796 4035/3718/3797 4032/3716/3797
f 4040/3728/3798 4044/3715/3799 4045/3734/3800 4042/3737/3801
f 4042/3737/3801 4045/3734/3800 4043/3715/3802 4041/3728/3803
f 4034/3718/3804 4047/3721/3805 4048/3735/3806 4036/3736/3807
f 4036/3736/3807 4048/3735/3806 4046/3721/3808 4035/3718/3809
f 4031/3716/3784 4044/3715/3783 4025/3715/3766 4010/3716/3772
f 4008/3718/3810 4004/3716/3810 4032/3716/3797 4035/3718/3797
f 4034/3718/3795 4031/3716/3795 4010/3716/3811 4012/3718/3811
f 4004/3716/3745 4022/3715/3744 4043/3715/3788 4032/3716/3787
f 4047/3721/3805 4034/3718/3804 4012/3718/3769 4026/3721/3768
f 4024/3721/3812 4008/3718/3812 4035/3718/3809 4046/3721/3808
f 4006/3722/3750 4024/3721/3749 4046/3721/3794 4037/3722/3793
f 4040/3724/3780 4038/3722/3780 4011/3722/3765 4009/3724/3765
f 4002/3724/3813 4006/3722/3813 4037/3722/3782 4041/3724/3782
f 4038/3722/3790 4047/3721/3789 4026/3721/3768 4011/3722/3770
f 4022/3715/3744 4002/3728/3779 4041/3728/3803 4043/3715/3802
f 4044/3715/3799 4040/3728/3798 4009/3728/3767 4025/3715/3766
f 4073/3738/3814 4074/3739/3814 4005/3740/3814 4001/3741/3814
f 4003/3742/3815 4007/3743/3815 4052/3744/3815 4051/3745/3815
f 4051/3745/3816 4052/3744/3816 4054/3746/3816 4053/3747/3816
f 4053/3747/3817 4054/3746/3817 4056/3724/3817 4055/3718/3817
f 4055/3718/3818 4056/3724/3818 4058/3748/3818 4057/3749/3818
f 4076/3750/3819 4080/3750/3819 4063/3719/3819 4065/3751/3819
f 4063/3719/3820 4064/3725/3820 4066/3752/3820 4065/3751/3820
f 4065/3751/3821 4066/3752/3821 4068/3753/3821 4067/3754/3821
f 4067/3754/3822 4068/3753/3822 4070/3755/3822 4069/3756/3822
f 4069/3756/3823 4070/3755/3823 4072/3757/3823 4071/3758/3823
f 4071/3758/3824 4072/3757/3824 4074/3739/3824 4073/3738/3824
f 4078/3759/3825 4079/3759/3825 4074/3739/3825 4072/3757/3825
f 4050/3759/3826 4056/3724/3826 4054/3746/3826 4078/3759/3826
f 4050/3759/3827 4075/3759/3827 4058/3748/3827 4056/3724/3827
f 4049/3759/3828 4060/3760/3828 4058/3748/3828 4075/3759/3828
f 4049/3759/3829 4066/3752/3829 4064/3725/3829 4077/3759/3829
f 4060/3760/3830 4049/3759/3830 4077/3759/3830 4062/3761/3830
f 4066/3752/3831 4049/3759/3831 4075/3759/3831 4068/3753/3831
f 4070/3755/3832 4068/3753/3832 4075/3759/3832 4050/3759/3832
f 4070/3755/3833 4050/3759/3833 4078/3759/3833 4072/3757/3833
f 4054/3746/3834 4052/3744/3834 4079/3759/3834 4078/3759/3834
f 4081/3750/3819 4076/3750/3819 4065/3751/3819 4067/3754/3819
f 4023/3720/3748 4079/3759/3835 4052/3744/3836 4007/3743/3776
f 4005/3740/3751 4074/3739/3837 4079/3759/3835 4023/3720/3748
f 4061/3762/3838 4062/3761/3838 4077/3759/3838 4064/3725/3838 4063/3719/3838 4080/3750/3838
f 4082/3750/3819 4081/3750/3819 4067/3754/3819 4069/3756/3819
f 4083/3750/3819 4082/3750/3819 4069/3756/3819 4071/3758/3819
f 4084/3750/3819 4083/3750/3819 4071/3758/3819 4073/3738/3819
f 4051/3745/3819 4053/3747/3819 4083/3750/3819 4084/3750/3819
f 4053/3747/3819 4055/3718/3819 4082/3750/3819 4083/3750/3819
f 4055/3718/3819 4057/3749/3819 4081/3750/3819 4082/3750/3819
f 4057/3749/3819 4059/3763/3819 4076/3750/3819 4081/3750/3819
f 4059/3763/3819 4061/3762/3819 4080/3750/3819 4076/3750/3819
f 4001/3741/3778 4021/3714/3743 4084/3750/3819 4073/3738/3819
f 4021/3714/3743 4003/3742/3746 4051/3745/3819 4084/3750/3819
o Cube.004
v 0.021325 0.400469 0.002684
v 0.021325 0.396252 -0.045442
v 0.022839 0.400484 0.066427
v 0.021325 0.400469 0.066423
v 0.021325 0.400469 0.087076
v 0.020860 0.428372 0.013834
v 0.020860 0.425275 0.074108
v 0.021325 0.400469 0.093960
v 0.021513 0.419084 -0.045030
v 0.021411 0.424757 -0.032926
v 0.021404 0.401473 -0.062502
v 0.021444 0.407685 -0.056892
v 0.021325 0.400469 0.100844
v 0.021180 0.408176 0.105019
v 0.021073 0.413881 0.101679
v 0.020916 0.422231 0.091660
v 0.020932 0.421396 0.077605
v 0.021325 0.400469 0.073307
v 0.022839 0.400484 0.002688
v 0.023028 0.419099 -0.045026
v 0.022839 0.396268 -0.045438
v 0.022839 0.400484 0.073311
v 0.022374 0.425290 0.074112
v 0.022374 0.428387 0.013838
v 0.022839 0.400484 0.087079
v 0.022839 0.400484 0.093964
v 0.022926 0.424772 -0.032922
v 0.022918 0.401488 -0.062499
v 0.022958 0.407700 -0.056888
v 0.022839 0.400484 0.100848
v 0.022695 0.408191 0.105022
v 0.022588 0.413896 0.101683
v 0.022431 0.422246 0.091663
v 0.022447 0.421411 0.077609
vn 1.0000 0.0092 0.0036
vn 0.9999 0.0127 0.0023
vn 0.9998 0.0180 0.0002
vn 0.9998 0.0180 0.0003
vn 1.0000 -0.0034 0.0049
vn 1.0000 0.0011 0.0073
vn 0.9998 0.0187 -0.0000
vn 1.0000 -0.0083 0.0021
vn 0.9999 -0.0084 0.0095
vn 0.9998 0.0188 -0.0000
vn -0.0086 0.6693 0.7429
vn -0.0051 0.6959 -0.7181
vn -0.0068 0.8240 -0.5665
vn -0.0068 0.8244 -0.5659
vn -0.0051 0.6963 -0.7177
vn 0.0100 -0.9999 -0.0000
vn 0.0099 -0.9990 0.0437
vn 0.0099 -0.9990 0.0436
vn -0.0090 0.9672 -0.2539
vn -0.0090 0.9666 -0.2560
vn 0.0102 -0.9945 -0.1043
vn 0.0102 -0.9944 -0.1048
vn 0.0025 -0.4762 0.8793
vn -0.0084 0.6475 0.7620
vn -0.0073 0.5051 0.8631
vn -0.0084 0.6450 0.7641
vn -0.0100 0.9999 -0.0127
vn -0.0100 0.9999 -0.0132
vn -0.0101 0.9986 0.0513
vn -0.0093 0.7681 0.6402
vn 0.0103 -0.9562 -0.2925
vn -0.0099 0.9982 -0.0593
vn -0.0048 0.6703 -0.7421
vt 0.375000 0.500000
vt 0.611524 0.499486
vt 0.598737 0.548747
vt 0.375000 0.548747
vt 0.622245 0.499895
vt 0.563850 0.552520
vt 0.375000 0.554012
vt 0.465998 0.500000
vt 0.509555 0.500000
vt 0.581993 0.500000
vt 0.571832 0.563854
vt 0.375000 0.564542
vt 0.496520 0.573483
vt 0.375000 0.569807
vt 0.444867 0.577053
vt 0.375000 0.575072
s 1
f 4103/3764/3839 4108/3765/3840 4107/3766/3841 4087/3767/3842
f 4103/3764/3839 4105/3764/3843 4111/3768/3844 4108/3765/3840
f 4107/3766/3841 4118/3769/3845 4106/3770/3845 4087/3767/3842
f 4105/3764/3843 4112/3771/3846 4113/3772/3846 4104/3773/3847
f 4106/3770/3845 4118/3769/3845 4117/3774/3848 4109/3775/3848
f 4109/3775/3848 4117/3774/3848 4116/3776/3848 4110/3777/3848
f 4110/3777/3848 4116/3776/3848 4115/3778/3845 4114/3779/3845
f 4111/3768/3844 4105/3764/3843 4104/3773/3847
f 4091/3766/3849 4101/3769/3849 4118/3769/3849 4107/3766/3849
f 4096/3772/3850 4093/3773/3851 4104/3773/3852 4113/3772/3853
f 4088/3767/3854 4085/3764/3855 4103/3764/3856 4087/3767/3854
f 4093/3773/3851 4094/3768/3857 4111/3768/3858 4104/3773/3852
f 4097/3779/3854 4092/3777/3854 4110/3777/3854 4114/3779/3854
f 4092/3777/3854 4089/3775/3854 4109/3775/3854 4110/3777/3854
f 4085/3764/3855 4086/3764/3859 4105/3764/3860 4103/3764/3856
f 4098/3778/3861 4097/3779/3861 4114/3779/3861 4115/3778/3861
f 4102/3770/3854 4088/3767/3854 4087/3767/3854 4106/3770/3854
f 4099/3776/3862 4098/3778/3863 4115/3778/3863 4116/3776/3864
f 4094/3768/3857 4090/3765/3865 4108/3765/3866 4111/3768/3858
f 4090/3765/3865 4091/3766/3867 4107/3766/3867 4108/3765/3866
f 4100/3774/3868 4099/3776/3862 4116/3776/3864 4117/3774/3868
f 4086/3764/3859 4095/3771/3869 4112/3771/3869 4105/3764/3860
f 4089/3775/3854 4102/3770/3854 4106/3770/3854 4109/3775/3854
f 4101/3769/3870 4100/3774/3870 4117/3774/3870 4118/3769/3870
f 4095/3771/3871 4096/3772/3850 4113/3772/3853 4112/3771/3871
o Cube.003
v -0.004431 0.370735 -0.030906
v -0.004431 0.387629 -0.020677
v -0.004431 0.370735 -0.037655
v -0.004431 0.382619 -0.052393
v 0.004457 0.370735 -0.030906
v 0.004457 0.387629 -0.020677
v 0.004457 0.370735 -0.037655
v 0.004457 0.382619 -0.052393
v -0.004431 0.361458 -0.031325
v -0.004431 0.361458 -0.037236
v 0.004457 0.361458 -0.031325
v 0.004457 0.361458 -0.037236
v -0.004431 0.355080 -0.029489
v -0.004431 0.355467 -0.032694
v 0.004457 0.355080 -0.029489
v 0.004457 0.355467 -0.032694
vn -1.0000 -0.0000 -0.0000
vn -0.0000 -0.4517 -0.8922
vn -0.0000 -0.7784 -0.6277
vn 1.0000 -0.0000 -0.0000
vn -0.0000 -0.2905 0.9569
vn -0.0000 -0.5179 0.8554
vn -0.0000 0.1173 0.9931
vn -0.0000 -0.3400 -0.9404
vn -0.0000 -0.9928 -0.1197
vn -0.0000 0.2766 0.9610
vn -0.0000 -0.6041 -0.7969
vt 0.375000 0.000000
vt 0.625000 0.000000
vt 0.625000 0.250000
vt 0.375000 0.250000
vt 0.625000 0.500000
vt 0.375000 0.500000
vt 0.625000 0.750000
vt 0.375000 0.750000
vt 0.625000 1.000000
vt 0.375000 1.000000
vt 0.125000 0.500000
vt 0.125000 0.750000
s 1
f 4119/3780/3872 4120/3781/3872 4122/3782/3872 4121/3783/3872
f 4121/3783/3873 4122/3782/3874 4126/3784/3874 4125/3785/3873
f 4125/3785/3875 4126/3784/3875 4124/3786/3875 4123/3787/3875
f 4123/3787/3876 4124/3786/3877 4120/3788/3877 4119/3789/3876
f 4123/3787/3876 4119/3789/3876 4127/3789/3878 4129/3787/3878
f 4127/3780/3872 4128/3783/3872 4132/3783/3872 4131/3780/3872
f 4121/3783/3873 4125/3785/3873 4130/3785/3879 4128/3783/3879
f 4119/3780/3872 4121/3783/3872 4128/3783/3872 4127/3780/3872
f 4125/3785/3875 4123/3787/3875 4129/3787/3875 4130/3785/3875
f 4132/3790/3880 4134/3785/3880 4133/3787/3880 4131/3791/3880
f 4129/3787/3878 4127/3789/3878 4131/3789/3881 4133/3787/3881
f 4128/3783/3879 4130/3785/3879 4134/3785/3882 4132/3783/3882
f 4130/3785/3875 4129/3787/3875 4133/3787/3875 4134/3785/3875
o Cube.002
v 0.006896 0.388238 -0.012232
v 0.006896 0.367309 0.001048
v 0.006896 0.388238 -0.004539
v 0.006896 0.377774 -0.001439
v 0.006896 0.377774 0.006254
v 0.006896 0.383006 0.002668
v 0.006896 0.383006 -0.005025
v 0.006896 0.372542 0.000820
v 0.006896 0.372542 0.008029
v 0.006896 0.344901 -0.037045
v 0.006896 0.351635 -0.011388
v 0.006896 0.345221 -0.029106
v 0.006896 0.348950 -0.016266
v 0.006896 0.346229 -0.022569
v 0.006896 0.354517 -0.007412
v 0.006896 0.363764 0.000330
v 0.006896 0.358768 -0.002931
v 0.006896 0.362430 -0.065270
v 0.006896 0.363230 -0.072029
v 0.006896 0.353877 -0.061268
v 0.006896 0.345925 -0.046674
v 0.006896 0.349524 -0.054455
v 0.006896 0.379461 -0.055926
v 0.006896 0.382063 -0.061685
v 0.006896 0.372106 -0.062281
v 0.006896 0.374244 -0.067227
v 0.006896 0.367500 -0.064820
v 0.006896 0.367433 -0.070927
v 0.006896 0.369804 -0.091607
v 0.006896 0.368056 -0.080529
v 0.006896 0.311518 -0.193149
v 0.006896 0.354781 -0.129883
v 0.006896 0.362780 -0.111928
v 0.000013 0.366149 0.009805
v 0.000013 0.388238 -0.012232
v 0.000013 0.367309 0.001048
v 0.000013 0.377774 -0.001439
v 0.000013 0.383006 -0.005025
v 0.000013 0.388238 0.052474
v 0.000013 0.366149 0.025550
v 0.000013 0.376613 0.034602
v 0.000013 0.381845 0.052474
v 0.000013 0.371381 0.031353
v 0.000013 0.372542 0.000820
v 0.000013 0.364060 0.013918
v 0.000013 0.364060 0.021437
v 0.000013 0.338156 -0.037609
v 0.000013 0.344901 -0.037045
v 0.000013 0.351635 -0.011388
v 0.000013 0.346235 -0.007255
v 0.000013 0.345221 -0.029106
v 0.000013 0.346229 -0.022569
v 0.000013 0.348950 -0.016266
v 0.000013 0.338492 -0.027717
v 0.000013 0.340421 -0.020341
v 0.000013 0.342554 -0.013591
v 0.000013 0.354517 -0.007412
v 0.000013 0.358768 -0.002931
v 0.000013 0.363764 0.000330
v 0.000013 0.350648 -0.001458
v 0.000013 0.356055 0.003768
v 0.000013 0.360930 0.007541
v 0.000013 0.363230 -0.072029
v 0.000013 0.362430 -0.065270
v 0.000013 0.353877 -0.061268
v 0.000013 0.347278 -0.065979
v 0.000013 0.338486 -0.048740
v 0.000013 0.345925 -0.046674
v 0.000013 0.358322 -0.076298
v 0.000013 0.342237 -0.058246
v 0.000013 0.349524 -0.054455
v 0.000013 0.382063 -0.061685
v 0.000013 0.379461 -0.055926
v 0.000013 0.374244 -0.067227
v 0.000013 0.372106 -0.062281
v 0.000013 0.367500 -0.064820
v 0.000013 0.367433 -0.070927
v 0.000013 0.369804 -0.091607
v 0.000013 0.361854 -0.091114
v 0.000013 0.361712 -0.082661
v 0.000013 0.368056 -0.080529
v 0.000013 0.311518 -0.193149
v 0.000013 0.308285 -0.187418
v 0.000013 0.347866 -0.125309
v 0.000013 0.355556 -0.107515
v 0.006896 0.370301 0.008526
v 0.005058 0.367309 0.009805
v 0.006358 0.368186 0.009431
v 0.006896 0.383006 0.048365
v 0.005058 0.382654 0.050965
v 0.006358 0.383006 0.050204
v 0.006896 0.388238 0.048385
v 0.005058 0.388238 0.050965
v 0.006358 0.388238 0.050209
v 0.006896 0.367309 0.022593
v 0.005058 0.367309 0.025550
v 0.006358 0.367309 0.024684
v 0.005058 0.377774 0.034602
v 0.006896 0.377774 0.031740
v 0.006358 0.377774 0.033764
v 0.006896 0.372542 0.028461
v 0.005058 0.372542 0.031353
v 0.006358 0.372542 0.030506
v 0.006896 0.367309 0.014418
v 0.005058 0.365221 0.013918
v 0.006358 0.365832 0.014065
v 0.005058 0.365221 0.021437
v 0.006896 0.367309 0.022529
v 0.006358 0.365832 0.021757
v 0.006896 0.341306 -0.037408
v 0.005058 0.339316 -0.037609
v 0.006358 0.339899 -0.037550
v 0.005058 0.347395 -0.007255
v 0.006896 0.348860 -0.008683
v 0.006358 0.347824 -0.007674
v 0.006896 0.341608 -0.028205
v 0.005058 0.339653 -0.027717
v 0.006358 0.340225 -0.027860
v 0.005058 0.343714 -0.013591
v 0.006896 0.345511 -0.014509
v 0.006358 0.344241 -0.013860
v 0.005058 0.341581 -0.020341
v 0.006896 0.343416 -0.021220
v 0.006358 0.342119 -0.020598
v 0.005058 0.362090 0.007541
v 0.006896 0.362636 0.005190
v 0.006358 0.362250 0.006853
v 0.006896 0.352746 -0.003518
v 0.005058 0.351808 -0.001458
v 0.006358 0.352083 -0.002061
v 0.005058 0.357216 0.003768
v 0.006896 0.357768 0.001386
v 0.006358 0.357377 0.003071
v 0.006896 0.349677 -0.064015
v 0.005058 0.348438 -0.065979
v 0.006358 0.348801 -0.065404
v 0.006896 0.341625 -0.048089
v 0.005058 0.339646 -0.048740
v 0.006358 0.340226 -0.048549
v 0.006896 0.360993 -0.074577
v 0.005058 0.359482 -0.076298
v 0.006358 0.359925 -0.075794
v 0.005058 0.343397 -0.058246
v 0.006896 0.345193 -0.057134
v 0.006358 0.343923 -0.057920
v 0.006896 0.365060 -0.091262
v 0.005058 0.363014 -0.091114
v 0.006358 0.363614 -0.091157
v 0.006896 0.364882 -0.081835
v 0.005058 0.362873 -0.082661
v 0.006358 0.363461 -0.082419
v 0.005058 0.309445 -0.187418
v 0.006896 0.310360 -0.189948
v 0.006358 0.309713 -0.188159
v 0.005058 0.349027 -0.125309
v 0.006896 0.350652 -0.126601
v 0.006358 0.349503 -0.125687
v 0.006896 0.358372 -0.108720
v 0.005058 0.356717 -0.107515
v 0.006358 0.357202 -0.107868
v -0.006871 0.388238 -0.012232
v -0.006871 0.367309 0.001048
v -0.006871 0.388238 -0.004539
v -0.006871 0.377774 -0.001439
v -0.006871 0.377774 0.006254
v -0.006871 0.383006 0.002668
v -0.006871 0.383006 -0.005025
v -0.006871 0.372542 0.000820
v -0.006871 0.372542 0.008029
v -0.006871 0.344901 -0.037045
v -0.006871 0.351635 -0.011388
v -0.006871 0.345221 -0.029106
v -0.006871 0.348950 -0.016266
v -0.006871 0.346229 -0.022569
v -0.006871 0.354517 -0.007412
v -0.006871 0.363764 0.000330
v -0.006871 0.358768 -0.002931
v -0.006871 0.362430 -0.065270
v -0.006871 0.363230 -0.072029
v -0.006871 0.353877 -0.061268
v -0.006871 0.345925 -0.046674
v -0.006871 0.349524 -0.054455
v -0.006871 0.379461 -0.055926
v -0.006871 0.382063 -0.061685
v -0.006871 0.372106 -0.062281
v -0.006871 0.374244 -0.067227
v -0.006871 0.367500 -0.064820
v -0.006871 0.367433 -0.070927
v -0.006871 0.369804 -0.091607
v -0.006871 0.368056 -0.080529
v -0.006871 0.311518 -0.193149
v -0.006871 0.354781 -0.129883
v -0.006871 0.362780 -0.111928
v -0.006871 0.370301 0.008526
v -0.005032 0.367309 0.009805
v -0.006332 0.368186 0.009431
v -0.006871 0.383006 0.048365
v -0.005032 0.382654 0.050965
v -0.006332 0.383006 0.050204
v -0.006871 0.388238 0.048385
v -0.005032 0.388238 0.050965
v -0.006332 0.388238 0.050209
v -0.006871 0.367309 0.022593
v -0.005032 0.367309 0.025550
v -0.006332 0.367309 0.024684
v -0.005032 0.377774 0.034602
v -0.006871 0.377774 0.031740
v -0.006332 0.377774 0.033764
v -0.006871 0.372542 0.028461
v -0.005032 0.372542 0.031353
v -0.006332 0.372542 0.030506
v -0.006871 0.367309 0.014418
v -0.005032 0.365221 0.013918
v -0.006332 0.365832 0.014065
v -0.005032 0.365221 0.021437
v -0.006871 0.367309 0.022529
v -0.006332 0.365832 0.021757
v -0.006871 0.341306 -0.037408
v -0.005032 0.339316 -0.037609
v -0.006332 0.339899 -0.037550
v -0.005032 0.347395 -0.007255
v -0.006871 0.348860 -0.008683
v -0.006332 0.347824 -0.007674
v -0.006871 0.341608 -0.028205
v -0.005032 0.339653 -0.027717
v -0.006332 0.340225 -0.027860
v -0.005032 0.343714 -0.013591
v -0.006871 0.345511 -0.014509
v -0.006332 0.344241 -0.013860
v -0.005032 0.341581 -0.020341
v -0.006871 0.343416 -0.021220
v -0.006332 0.342119 -0.020598
v -0.005032 0.362090 0.007541
v -0.006871 0.362636 0.005190
v -0.006332 0.362250 0.006853
v -0.006871 0.352746 -0.003518
v -0.005032 0.351808 -0.001458
v -0.006332 0.352083 -0.002061
v -0.005032 0.357216 0.003768
v -0.006871 0.357768 0.001386
v -0.006332 0.357377 0.003071
v -0.006871 0.349677 -0.064015
v -0.005032 0.348438 -0.065979
v -0.006332 0.348801 -0.065404
v -0.006871 0.341625 -0.048089
v -0.005032 0.339646 -0.048740
v -0.006332 0.340226 -0.048549
v -0.006871 0.360993 -0.074577
v -0.005032 0.359482 -0.076298
v -0.006332 0.359925 -0.075794
v -0.005032 0.343397 -0.058246
v -0.006871 0.345193 -0.057134
v -0.006332 0.343923 -0.057920
v -0.006871 0.365060 -0.091262
v -0.005032 0.363014 -0.091114
v -0.006332 0.363614 -0.091157
v -0.006871 0.364882 -0.081835
v -0.005032 0.362873 -0.082661
v -0.006332 0.363461 -0.082419
v -0.005032 0.309445 -0.187418
v -0.006871 0.310360 -0.189948
v -0.006332 0.309713 -0.188159
v -0.005032 0.349027 -0.125309
v -0.006871 0.350652 -0.126601
v -0.006332 0.349503 -0.125687
v -0.006871 0.358372 -0.108720
v -0.005032 0.356717 -0.107515
v -0.006332 0.357202 -0.107868
vn -0.0000 -0.2237 -0.9747
vn -0.0000 0.0780 -0.9970
vn -0.0000 -0.6974 -0.7166
vn -0.0000 -0.4831 -0.8756
vn 1.0000 -0.0000 -0.0000
vn -0.0000 -0.8092 -0.5875
vn -0.0000 0.9953 -0.0964
vn -0.0000 0.9610 -0.2766
vn -0.0000 0.8981 -0.4398
vn -0.0000 0.7692 -0.6390
vn -0.0000 0.6404 -0.7680
vn -0.0000 0.3792 -0.9253
vn -0.0000 0.5287 -0.8488
vn -0.0000 0.5783 -0.8158
vn -0.0000 0.3682 -0.9298
vn -0.0000 0.2537 -0.9673
vn -0.0000 0.8696 0.4938
vn -0.0000 0.9439 0.3301
vn -0.0000 0.9878 0.1558
vn -0.0000 -0.0885 0.9961
vn -0.0000 -0.2919 0.9565
vn -0.0000 -0.5714 0.8207
vn -0.0000 0.9639 0.2663
vn -0.0000 0.8772 0.4802
vn -0.0000 0.9995 0.0328
vn -0.0000 0.8427 0.5384
vn -0.0000 0.4238 0.9058
vn -0.0000 -0.6538 0.7567
vn -0.0000 0.8445 -0.5356
vn 0.3869 -0.0002 0.9221
vn 0.3992 -0.0002 0.9168
vn 0.5041 -0.0005 0.8636
vn 0.9594 -0.0007 0.2820
vn 0.9899 -0.0003 0.1420
vn 0.9917 -0.0003 0.1287
vn 0.3015 -0.5968 0.7435
vn 0.3029 -0.5030 0.8095
vn 0.4823 -0.4626 0.7439
vn 0.4389 -0.5976 0.6710
vn 0.9497 -0.1885 0.2503
vn 0.9546 -0.1578 0.2526
vn 0.9944 -0.0559 0.0895
vn 0.9824 -0.1295 0.1346
vn 0.2647 -0.9230 0.2792
vn 0.2532 -0.9265 0.2784
vn 0.3896 -0.8798 0.2723
vn 0.6318 -0.7396 0.2320
vn 0.7345 -0.6470 0.2048
vn 0.2757 -0.7806 0.5609
vn 0.3359 -0.7963 0.5031
vn 0.9227 -0.3029 0.2385
vn 0.9594 -0.2470 0.1363
vn 0.3252 -0.9188 -0.2237
vn 0.2980 -0.9315 0.2086
vn 0.3571 -0.8979 0.2575
vn 0.4356 -0.8754 -0.2095
vn 0.9425 -0.3249 -0.0778
vn 0.9275 -0.3696 0.0558
vn 0.9761 -0.2056 0.0706
vn 0.9813 -0.1871 -0.0448
vn 0.9985 -0.0516 0.0195
vn 0.9395 -0.3054 -0.1551
vn 0.4259 -0.8067 -0.4097
vn 0.3333 -0.8406 -0.4269
vn 0.3171 -0.9382 0.1389
vn 0.3157 -0.9115 0.2637
vn 0.4117 -0.8759 0.2514
vn 0.4115 -0.9023 0.1289
vn 0.9348 -0.3511 0.0530
vn 0.9348 -0.3412 0.0987
vn 0.9834 -0.1747 0.0496
vn 0.9816 -0.1894 0.0261
vn 0.3099 -0.8683 0.3874
vn 0.4131 -0.8337 0.3665
vn 0.9353 -0.3235 0.1435
vn 0.9817 -0.1745 0.0758
vn 0.3181 -0.9481 0.0017
vn 0.4087 -0.9127 0.0026
vn 0.9338 -0.3577 -0.0000
vn 0.9830 -0.1838 0.0007
vn 0.9827 -0.1552 0.1014
vn 0.9351 -0.2941 0.1978
vn 0.4124 -0.7595 0.5031
vn 0.3017 -0.7913 0.5318
vn 0.9848 -0.1164 0.1292
vn 0.9831 -0.1398 0.1186
vn 0.9390 -0.2537 0.2323
vn 0.9438 -0.2132 0.2526
vn 0.4372 -0.5940 0.6752
vn 0.4216 -0.6832 0.5963
vn 0.2981 -0.7092 0.6389
vn 0.2972 -0.6207 0.7255
vn 0.9852 -0.0912 0.1449
vn 0.9501 -0.1536 0.2715
vn 0.4600 -0.4605 0.7592
vn 0.2912 -0.4772 0.8291
vn 0.3216 -0.3769 0.8686
vn 0.4709 -0.3512 0.8092
vn 0.9521 -0.1220 0.2805
vn 0.9833 -0.1620 -0.0826
vn 0.9842 -0.1385 -0.1105
vn 0.9463 -0.2434 -0.2129
vn 0.9404 -0.3014 -0.1573
vn 0.4286 -0.8036 -0.4130
vn 0.4452 -0.6916 -0.5688
vn 0.3115 -0.7217 -0.6181
vn 0.3154 -0.8414 -0.4388
vn 0.9813 -0.1892 -0.0362
vn 0.9386 -0.3373 -0.0729
vn 0.4223 -0.8888 -0.1780
vn 0.3206 -0.9269 -0.1949
vn 0.9895 -0.1130 -0.0900
vn 0.9468 -0.2594 -0.1906
vn 0.4525 -0.7030 -0.5486
vn 0.3250 -0.7563 -0.5678
vn 0.3349 -0.9140 -0.2290
vn 0.4367 -0.8691 -0.2322
vn 0.9424 -0.3254 -0.0768
vn 0.9897 -0.1376 -0.0382
vn 0.3251 -0.9312 0.1649
vn 0.4176 -0.8955 0.1539
vn 0.9367 -0.3441 0.0651
vn 0.9879 -0.1529 0.0252
vn 0.3112 -0.8804 0.3579
vn 0.4086 -0.8447 0.3456
vn 0.9336 -0.3323 0.1342
vn 0.9841 -0.1645 0.0676
vn 0.3186 -0.7994 0.5094
vn 0.3143 -0.8405 0.4412
vn 0.4207 -0.8001 0.4277
vn 0.4274 -0.7625 0.4858
vn 0.9400 -0.2879 0.1832
vn 0.9374 -0.3093 0.1600
vn 0.9861 -0.1461 0.0788
vn 0.9948 -0.0861 0.0548
vn -0.0000 -0.3979 0.9174
vn -0.0000 -0.5205 0.8539
vn -0.0000 -0.8916 -0.4528
vn -0.0000 -0.9740 -0.2264
vn -0.0000 -0.0000 1.0000
vn -0.0000 -0.9590 0.2833
vn -0.0000 -0.8295 0.5585
vn -0.0000 -0.9740 0.2264
vn -0.0000 -0.6517 0.7585
vn -0.0000 -0.5276 0.8495
vn -0.0000 -1.0000 0.0022
vn -0.0000 -0.9804 -0.1972
vn -0.0000 -0.9898 0.1424
vn -0.0000 -0.7517 0.6595
vn -0.0000 -0.8342 0.5515
vn -0.0000 -0.9168 0.3993
vn -0.0000 -0.9610 0.2764
vn -0.0000 -0.6585 0.7526
vn -0.0000 -0.7720 -0.6356
vn -0.0000 -0.7854 -0.6190
vn -0.0000 -0.8911 -0.4538
vn -0.0000 -0.9662 -0.2579
vn -0.0000 -0.9840 0.1783
vn -0.0000 -0.9256 0.3786
vn -0.0000 -0.9158 -0.4016
vn 0.0797 -0.9129 -0.4004
vn -0.0000 -0.8812 0.4728
vn -0.0000 -0.8433 0.5374
vn -1.0000 -0.0000 -0.0000
vn -0.3869 -0.0002 0.9221
vn -0.5041 -0.0005 0.8636
vn -0.3992 -0.0002 0.9168
vn -0.9594 -0.0007 0.2820
vn -0.9917 -0.0003 0.1287
vn -0.9899 -0.0003 0.1420
vn -0.3015 -0.5968 0.7435
vn -0.4389 -0.5976 0.6710
vn -0.4823 -0.4626 0.7439
vn -0.3029 -0.5030 0.8095
vn -0.9497 -0.1885 0.2503
vn -0.9824 -0.1295 0.1346
vn -0.9944 -0.0559 0.0895
vn -0.9546 -0.1578 0.2526
vn -0.2647 -0.9230 0.2792
vn -0.6318 -0.7396 0.2320
vn -0.3896 -0.8798 0.2723
vn -0.2532 -0.9265 0.2784
vn -0.7345 -0.6470 0.2048
vn -0.2757 -0.7806 0.5609
vn -0.3359 -0.7963 0.5031
vn -0.9227 -0.3029 0.2385
vn -0.9594 -0.2470 0.1363
vn -0.3252 -0.9188 -0.2237
vn -0.4356 -0.8754 -0.2095
vn -0.3571 -0.8979 0.2575
vn -0.2980 -0.9315 0.2086
vn -0.9425 -0.3249 -0.0778
vn -0.9813 -0.1871 -0.0448
vn -0.9761 -0.2056 0.0706
vn -0.9275 -0.3696 0.0558
vn -0.9395 -0.3054 -0.1551
vn -0.9985 -0.0516 0.0195
vn -0.3333 -0.8406 -0.4269
vn -0.4259 -0.8067 -0.4097
vn -0.3171 -0.9382 0.1389
vn -0.4115 -0.9023 0.1289
vn -0.4117 -0.8759 0.2514
vn -0.3157 -0.9115 0.2637
vn -0.9348 -0.3511 0.0530
vn -0.9816 -0.1894 0.0261
vn -0.9834 -0.1747 0.0496
vn -0.9348 -0.3412 0.0987
vn -0.4131 -0.8337 0.3665
vn -0.3099 -0.8683 0.3874
vn -0.9817 -0.1745 0.0758
vn -0.9353 -0.3235 0.1435
vn -0.3181 -0.9481 0.0017
vn -0.4087 -0.9127 0.0026
vn -0.9338 -0.3577 -0.0000
vn -0.9830 -0.1838 0.0007
vn -0.9827 -0.1552 0.1014
vn -0.9351 -0.2941 0.1978
vn -0.4124 -0.7595 0.5031
vn -0.3017 -0.7913 0.5318
vn -0.9848 -0.1164 0.1292
vn -0.9438 -0.2132 0.2526
vn -0.9390 -0.2537 0.2323
vn -0.9831 -0.1398 0.1186
vn -0.4372 -0.5940 0.6752
vn -0.2972 -0.6207 0.7255
vn -0.2981 -0.7092 0.6389
vn -0.4216 -0.6832 0.5963
vn -0.9852 -0.0912 0.1449
vn -0.9501 -0.1536 0.2715
vn -0.4600 -0.4605 0.7592
vn -0.2912 -0.4772 0.8291
vn -0.4709 -0.3512 0.8092
vn -0.3216 -0.3769 0.8686
vn -0.9521 -0.1220 0.2805
vn -0.9833 -0.1620 -0.0826
vn -0.9404 -0.3014 -0.1573
vn -0.9463 -0.2434 -0.2129
vn -0.9842 -0.1385 -0.1105
vn -0.4286 -0.8036 -0.4130
vn -0.3154 -0.8414 -0.4388
vn -0.3115 -0.7217 -0.6181
vn -0.4452 -0.6916 -0.5688
vn -0.9386 -0.3373 -0.0729
vn -0.9813 -0.1892 -0.0362
vn -0.3206 -0.9269 -0.1949
vn -0.4223 -0.8888 -0.1780
vn -0.9468 -0.2594 -0.1906
vn -0.9895 -0.1130 -0.0900
vn -0.3250 -0.7563 -0.5678
vn -0.4525 -0.7030 -0.5486
vn -0.3349 -0.9140 -0.2290
vn -0.4367 -0.8691 -0.2322
vn -0.9424 -0.3254 -0.0768
vn -0.9897 -0.1376 -0.0382
vn -0.3251 -0.9312 0.1649
vn -0.4176 -0.8955 0.1539
vn -0.9367 -0.3441 0.0651
vn -0.9879 -0.1529 0.0252
vn -0.3112 -0.8804 0.3579
vn -0.4086 -0.8447 0.3456
vn -0.9336 -0.3323 0.1342
vn -0.9841 -0.1645 0.0676
vn -0.3186 -0.7994 0.5094
vn -0.4274 -0.7625 0.4858
vn -0.4207 -0.8001 0.4277
vn -0.3143 -0.8405 0.4412
vn -0.9400 -0.2879 0.1832
vn -0.9948 -0.0861 0.0548
vn -0.9861 -0.1461 0.0788
vn -0.9374 -0.3093 0.1600
vn -0.0797 -0.9129 -0.4004
vt 0.562500 0.875000
vt 0.625000 0.875000
vt 0.625000 1.000000
vt 0.562500 1.000000
vt 0.437500 0.875000
vt 0.500000 0.875000
vt 0.500000 1.000000
vt 0.437500 1.000000
vt 0.437500 0.000000
vt 0.500000 0.000000
vt 0.500000 0.250000
vt 0.437500 0.250000
vt 0.375000 0.000000
vt 0.375000 0.250000
vt 0.375000 0.875000
vt 0.375000 1.000000
vt 0.562500 0.000000
vt 0.562500 0.250000
vt 0.750000 0.500000
vt 0.875000 0.500000
vt 0.625000 0.250000
vt 0.625000 0.000000
vt 0.625000 0.283054
vt 0.437500 0.283382
vt 0.375000 0.283382
vt 0.438820 0.250000
vt 0.562500 0.283382
vt 0.500000 0.283382
vt 0.502244 0.250000
vt 0.565016 0.250000
vt 0.625000 0.283382
vt 0.841618 0.500000
vt 0.613086 0.226150
vt 0.841618 0.500000
vt 0.841618 0.501802
vt 0.625000 0.249988
vt 0.625000 0.223203
vt 0.625000 0.134964
vt 0.625000 0.162195
vt 0.625000 0.249814
vt 0.625000 0.164201
vt 0.625000 0.160928
vt 0.625000 0.163613
vt 0.625000 0.148731
vt 0.625000 0.163484
vt 0.625000 0.231300
vt 0.841618 0.501280
vt 0.625000 0.168481
vt 0.625000 0.249541
vt 0.625000 0.176713
vt 0.625000 0.170744
vt 0.625000 0.171202
vt 0.875000 0.500000
vt 0.871741 0.500000
vt 0.437500 0.375000
vt 0.375000 0.375000
vt 0.500000 0.375000
vt 0.625000 0.375000
vt 0.562500 0.375000
vt 0.750000 0.506749
vt 0.750000 0.504792
s 1
f 4178/3792/3883 4142/3795/3883 4136/3794/3884 4170/3793/3884
f 4172/3796/3885 4141/3799/3885 4138/3798/3886 4171/3797/3886
f 4141/3800/3887 4140/3803/3887 4139/3802/3887 4138/3801/3887
f 4135/3804/3887 4137/3805/3887 4140/3803/3887 4141/3800/3887
f 4169/3806/3888 4135/3807/3888 4141/3799/3885 4172/3796/3885
f 4171/3797/3886 4138/3798/3886 4142/3795/3883 4178/3792/3883
f 4138/3801/3887 4139/3802/3887 4143/3809/3887 4142/3808/3887
f 4185/3793/3889 4186/3793/3890 4148/3794/3890 4146/3794/3889
f 4186/3793/3890 4187/3793/3891 4147/3794/3891 4148/3794/3890
f 4191/3793/3892 4192/3793/3893 4151/3794/3893 4149/3794/3892
f 4192/3793/3893 4193/3793/3894 4150/3794/3894 4151/3794/3893
f 4208/3810/3895 4206/3810/3896 4158/3811/3896 4160/3811/3895
f 4160/3812/3887 4158/3812/3887 4157/3813/3887 4159/3813/3887
f 4162/3812/3887 4160/3812/3887 4159/3813/3887 4161/3813/3887
f 4211/3810/3897 4208/3810/3895 4160/3811/3895 4162/3811/3897
f 4197/3810/3898 4211/3810/3897 4162/3811/3897 4153/3811/3898
f 4153/3814/3887 4162/3812/3887 4161/3813/3887 4152/3813/3887
f 4153/3811/3899 4164/3811/3900 4215/3810/3900 4197/3810/3899
f 4164/3811/3900 4163/3811/3901 4212/3810/3901 4215/3810/3900
f 4152/3794/3902 4161/3794/3903 4210/3793/3903 4198/3793/3902
f 4161/3794/3903 4159/3794/3904 4209/3793/3904 4210/3793/3903
f 4155/3794/3905 4156/3794/3906 4205/3793/3906 4202/3793/3905
f 4144/3794/3907 4155/3794/3905 4202/3793/3905 4182/3793/3907
f 4156/3794/3906 4154/3794/3908 4199/3793/3908 4205/3793/3906
f 4154/3794/3909 4152/3794/3909 4198/3793/3909 4199/3793/3909
f 4159/3794/3904 4157/3794/3910 4207/3793/3910 4209/3793/3904
f 4136/3794/3884 4150/3794/3894 4193/3793/3894 4170/3793/3884
f 4149/3794/3892 4145/3794/3911 4183/3793/3911 4191/3793/3892
f 4145/3794/3911 4147/3794/3891 4187/3793/3891 4183/3793/3911
f 4146/3794/3889 4144/3794/3907 4182/3793/3907 4185/3793/3889
f 4224/3815/3912 4225/3817/3914 4228/3805/3914 4227/3816/3913
f 4225/3817/3915 4223/3803/3917 4226/3805/3916 4228/3805/3915
f 4236/3818/3918 4237/3821/3921 4234/3820/3920 4232/3819/3919
f 4237/3821/3922 4235/3809/3925 4233/3802/3924 4234/3820/3923
f 4232/3819/3926 4234/3820/3929 4225/3817/3928 4224/3815/3927
f 4234/3820/3929 4233/3802/3930 4223/3803/3930 4225/3817/3928
f 4230/3822/3931 4231/3812/3932 4237/3821/3921 4236/3818/3918
f 4231/3812/3933 4229/3812/3934 4235/3809/3925 4237/3821/3922
f 4239/3823/3935 4240/3811/3938 4243/3811/3937 4241/3823/3936
f 4240/3812/3939 4238/3812/3942 4242/3812/3941 4243/3812/3940
f 4238/3812/3942 4240/3812/3939 4222/3812/3944 4220/3824/3943
f 4240/3811/3938 4239/3823/3935 4221/3823/3946 4222/3811/3945
f 4241/3822/3936 4243/3812/3937 4231/3812/3932 4230/3822/3931
f 4243/3812/3940 4242/3812/3941 4229/3812/3934 4231/3812/3933
f 4251/3825/3947 4252/3811/3950 4258/3811/3949 4256/3826/3948
f 4252/3827/3951 4250/3830/3954 4257/3829/3953 4258/3828/3952
f 4256/3826/3948 4258/3811/3949 4255/3811/3956 4253/3825/3955
f 4258/3828/3952 4257/3829/3953 4254/3832/3958 4255/3831/3957
f 4245/3825/3959 4246/3811/3960 4252/3811/3950 4251/3825/3947
f 4246/3812/3961 4244/3833/3962 4250/3830/3954 4252/3827/3951
f 4248/3834/3963 4249/3812/3964 4255/3831/3957 4254/3832/3958
f 4249/3811/3965 4247/3823/3966 4253/3825/3955 4255/3811/3956
f 4266/3835/3967 4267/3837/3970 4264/3812/3969 4262/3836/3968
f 4267/3811/3971 4265/3838/3974 4263/3823/3973 4264/3811/3972
f 4260/3839/3975 4261/3840/3976 4267/3837/3970 4266/3835/3967
f 4261/3811/3977 4259/3823/3978 4265/3838/3974 4267/3811/3971
f 4247/3823/3966 4249/3811/3965 4264/3811/3972 4263/3823/3973
f 4249/3812/3964 4248/3834/3963 4262/3836/3968 4264/3812/3969
f 4259/3823/3978 4261/3811/3977 4222/3811/3980 4221/3823/3979
f 4261/3840/3976 4260/3839/3975 4220/3824/3943 4222/3812/3981
f 4278/3841/3982 4279/3812/3985 4270/3812/3984 4268/3842/3983
f 4279/3811/3986 4277/3825/3989 4269/3825/3988 4270/3811/3987
f 4244/3833/3962 4246/3812/3961 4273/3812/3991 4271/3843/3990
f 4246/3811/3960 4245/3825/3959 4272/3825/3993 4273/3811/3992
f 4268/3844/3983 4270/3811/3984 4276/3811/3995 4274/3811/3994
f 4270/3811/3987 4269/3825/3988 4275/3825/3997 4276/3811/3996
f 4271/3843/3990 4273/3812/3991 4279/3812/3985 4278/3841/3982
f 4273/3811/3992 4272/3825/3993 4277/3825/3989 4279/3811/3986
f 4284/3825/3998 4285/3811/3999 4276/3811/3996 4275/3825/3997
f 4285/3811/4000 4283/3811/4001 4274/3811/3994 4276/3811/3995
f 4281/3825/4002 4282/3811/4003 4285/3811/3999 4284/3825/3998
f 4282/3811/4004 4280/3811/4005 4283/3811/4001 4285/3811/4000
f 4293/3823/4006 4294/3811/4007 4282/3811/4003 4281/3825/4002
f 4294/3811/4008 4292/3811/4009 4280/3811/4005 4282/3811/4004
f 4286/3823/4010 4288/3845/4013 4291/3811/4012 4289/3825/4011
f 4288/3845/4014 4287/3811/4017 4290/3811/4016 4291/3811/4015
f 4289/3825/4011 4291/3811/4012 4294/3811/4007 4293/3823/4006
f 4291/3811/4015 4290/3811/4016 4292/3811/4009 4294/3811/4008
f 4220/3824/3943 4260/3839/3975 4150/3813/3887 4136/3813/3887
f 4143/3809/3887 4235/3809/3925 4229/3812/3934 4220/3824/3943
f 4142/3808/3887 4143/3809/3887 4220/3824/3943 4136/3813/3887
f 4229/3812/3934 4242/3812/3941 4238/3812/3942 4220/3824/3943
f 4168/3810/4018 4196/3810/4019 4259/3823/3978 4221/3823/3979
f 4221/3823/3946 4239/3823/3935 4179/3810/4021 4168/3810/4020
f 4227/3816/3913 4173/3847/4022 4176/3846/4022 4224/3815/3912
f 4137/3805/3887 4226/3805/3916 4223/3803/3917 4140/3803/3887
f 4224/3815/3927 4176/3846/4023 4175/3848/4023 4232/3819/3926
f 4140/3803/3887 4223/3803/3917 4233/3802/3924 4139/3802/3887
f 4174/3849/4024 4180/3849/4025 4241/3822/3936 4230/3822/3931
f 4236/3818/3918 4177/3850/4026 4174/3849/4024 4230/3822/3931
f 4139/3802/3887 4233/3802/3924 4235/3809/3925 4143/3809/3887
f 4232/3819/3919 4175/3848/4027 4177/3850/4026 4236/3818/3918
f 4239/3823/3935 4241/3823/3936 4180/3810/4025 4179/3810/4021
f 4244/3833/3962 4271/3843/3990 4155/3813/3887 4144/3813/3887
f 4250/3830/3954 4244/3833/3962 4144/3813/3887 4146/3813/3887
f 4181/3810/4028 4201/3810/4029 4272/3825/3993 4245/3825/3959
f 4188/3810/4030 4181/3810/4028 4245/3825/3959 4251/3825/3947
f 4262/3836/3968 4248/3834/3963 4145/3813/3887 4149/3813/3887
f 4194/3810/4031 4184/3810/4032 4247/3823/3966 4263/3823/3973
f 4248/3834/3963 4254/3832/3958 4147/3813/3887 4145/3813/3887
f 4184/3810/4032 4190/3810/4033 4253/3825/3955 4247/3823/3966
f 4146/3813/3887 4148/3813/3887 4257/3829/3953 4250/3830/3954
f 4251/3825/3947 4256/3826/3948 4189/3851/4034 4188/3810/4030
f 4256/3826/3948 4253/3825/3955 4190/3810/4033 4189/3851/4034
f 4148/3813/3887 4147/3813/3887 4254/3832/3958 4257/3829/3953
f 4265/3838/3974 4259/3823/3978 4196/3810/4019 4195/3852/4035
f 4151/3813/3887 4150/3813/3887 4260/3839/3975 4266/3835/3967
f 4263/3823/3973 4265/3838/3974 4195/3852/4035 4194/3810/4031
f 4149/3813/3887 4151/3813/3887 4266/3835/3967 4262/3836/3968
f 4153/3811/3887 4268/3844/3983 4274/3811/3994
f 4278/3841/3982 4268/3842/3983 4154/3813/3887 4156/3813/3887
f 4268/3842/3983 4153/3814/3887 4152/3813/3887 4154/3813/3887
f 4200/3810/4036 4203/3810/4037 4275/3825/3997 4269/3825/3988
f 4204/3810/4038 4200/3810/4036 4269/3825/3988 4277/3825/3989
f 4271/3843/3990 4278/3841/3982 4156/3813/3887 4155/3813/3887
f 4201/3810/4029 4204/3810/4038 4277/3825/3989 4272/3825/3993
f 4274/3811/3994 4283/3811/4001 4164/3811/3887 4153/3811/3887
f 4203/3810/4037 4214/3810/4039 4284/3825/3998 4275/3825/3997
f 4280/3811/4005 4292/3811/4009 4167/3811/3887 4163/3811/3887
f 4283/3811/4001 4280/3811/4005 4163/3811/3887 4164/3811/3887
f 4213/3810/4040 4219/3810/4041 4293/3823/4006 4281/3825/4002
f 4214/3810/4039 4213/3810/4040 4281/3825/4002 4284/3825/3998
f 4216/3810/4042 4165/3811/4043 4287/3811/4043 4288/3845/4043 4286/3823/4043 4217/3810/4042
f 4290/3811/4016 4287/3811/4017 4165/3811/3887 4166/3811/3887
f 4218/3810/4044 4217/3810/4045 4286/3823/4010 4289/3825/4011
f 4292/3811/4009 4290/3811/4016 4166/3811/3887 4167/3811/3887
f 4219/3810/4041 4218/3810/4044 4289/3825/4011 4293/3823/4006
f 4178/3792/3883 4170/3793/3884 4296/3794/3884 4302/3795/3883
f 4172/3796/3885 4171/3797/3886 4298/3798/3886 4301/3799/3885
f 4301/3800/4046 4298/3801/4046 4299/3802/4046 4300/3803/4046
f 4295/3804/4046 4301/3800/4046 4300/3803/4046 4297/3805/4046
f 4169/3806/3888 4172/3796/3885 4301/3799/3885 4295/3807/3888
f 4171/3797/3886 4178/3792/3883 4302/3795/3883 4298/3798/3886
f 4298/3801/4046 4302/3808/4046 4303/3809/4046 4299/3802/4046
f 4185/3793/3889 4306/3794/3889 4308/3794/3890 4186/3793/3890
f 4186/3793/3890 4308/3794/3890 4307/3794/3891 4187/3793/3891
f 4191/3793/3892 4309/3794/3892 4311/3794/3893 4192/3793/3893
f 4192/3793/3893 4311/3794/3893 4310/3794/3894 4193/3793/3894
f 4208/3810/3895 4320/3811/3895 4318/3811/3896 4206/3810/3896
f 4320/3812/4046 4319/3813/4046 4317/3813/4046 4318/3812/4046
f 4322/3812/4046 4321/3813/4046 4319/3813/4046 4320/3812/4046
f 4211/3810/3897 4322/3811/3897 4320/3811/3895 4208/3810/3895
f 4197/3810/3898 4313/3811/3898 4322/3811/3897 4211/3810/3897
f 4313/3814/4046 4312/3813/4046 4321/3813/4046 4322/3812/4046
f 4313/3811/3899 4197/3810/3899 4215/3810/3900 4324/3811/3900
f 4324/3811/3900 4215/3810/3900 4212/3810/3901 4323/3811/3901
f 4312/3794/3902 4198/3793/3902 4210/3793/3903 4321/3794/3903
f 4321/3794/3903 4210/3793/3903 4209/3793/3904 4319/3794/3904
f 4315/3794/3905 4202/3793/3905 4205/3793/3906 4316/3794/3906
f 4304/3794/3907 4182/3793/3907 4202/3793/3905 4315/3794/3905
f 4316/3794/3906 4205/3793/3906 4199/3793/3908 4314/3794/3908
f 4314/3794/3909 4199/3793/3909 4198/3793/3909 4312/3794/3909
f 4319/3794/3904 4209/3793/3904 4207/3793/3910 4317/3794/3910
f 4296/3794/3884 4170/3793/3884 4193/3793/3894 4310/3794/3894
f 4309/3794/3892 4191/3793/3892 4183/3793/3911 4305/3794/3911
f 4305/3794/3911 4183/3793/3911 4187/3793/3891 4307/3794/3891
f 4306/3794/3889 4185/3793/3889 4182/3793/3907 4304/3794/3907
f 4332/3815/4047 4335/3816/4049 4336/3805/4048 4333/3817/4048
f 4333/3817/4050 4336/3805/4050 4334/3805/4052 4331/3803/4051
f 4344/3818/4053 4340/3819/4056 4342/3820/4055 4345/3821/4054
f 4345/3821/4057 4342/3820/4060 4341/3802/4059 4343/3809/4058
f 4340/3819/4061 4332/3815/4064 4333/3817/4063 4342/3820/4062
f 4342/3820/4062 4333/3817/4063 4331/3803/4065 4341/3802/4065
f 4338/3822/4066 4344/3818/4053 4345/3821/4054 4339/3812/4067
f 4339/3812/4068 4345/3821/4057 4343/3809/4058 4337/3812/4069
f 4347/3823/4070 4349/3823/4073 4351/3811/4072 4348/3811/4071
f 4348/3812/4074 4351/3812/4077 4350/3812/4076 4346/3812/4075
f 4346/3812/4075 4328/3824/4079 4330/3812/4078 4348/3812/4074
f 4348/3811/4071 4330/3811/4081 4329/3823/4080 4347/3823/4070
f 4349/3822/4073 4338/3822/4066 4339/3812/4067 4351/3812/4072
f 4351/3812/4077 4339/3812/4068 4337/3812/4069 4350/3812/4076
f 4359/3825/4082 4364/3826/4085 4366/3811/4084 4360/3811/4083
f 4360/3827/4086 4366/3828/4089 4365/3829/4088 4358/3830/4087
f 4364/3826/4085 4361/3825/4091 4363/3811/4090 4366/3811/4084
f 4366/3828/4089 4363/3831/4093 4362/3832/4092 4365/3829/4088
f 4353/3825/4094 4359/3825/4082 4360/3811/4083 4354/3811/4095
f 4354/3812/4096 4360/3827/4086 4358/3830/4087 4352/3833/4097
f 4356/3834/4098 4362/3832/4092 4363/3831/4093 4357/3812/4099
f 4357/3811/4100 4363/3811/4090 4361/3825/4091 4355/3823/4101
f 4374/3835/4102 4370/3836/4105 4372/3812/4104 4375/3837/4103
f 4375/3811/4106 4372/3811/4109 4371/3823/4108 4373/3838/4107
f 4368/3839/4110 4374/3835/4102 4375/3837/4103 4369/3840/4111
f 4369/3811/4112 4375/3811/4106 4373/3838/4107 4367/3823/4113
f 4355/3823/4101 4371/3823/4108 4372/3811/4109 4357/3811/4100
f 4357/3812/4099 4372/3812/4104 4370/3836/4105 4356/3834/4098
f 4367/3823/4113 4329/3823/4115 4330/3811/4114 4369/3811/4112
f 4369/3840/4111 4330/3812/4116 4328/3824/4079 4368/3839/4110
f 4386/3841/4117 4376/3842/4120 4378/3812/4119 4387/3812/4118
f 4387/3811/4121 4378/3811/4124 4377/3825/4123 4385/3825/4122
f 4352/3833/4097 4379/3843/4126 4381/3812/4125 4354/3812/4096
f 4354/3811/4095 4381/3811/4128 4380/3825/4127 4353/3825/4094
f 4376/3844/4120 4382/3811/4130 4384/3811/4129 4378/3811/4119
f 4378/3811/4124 4384/3811/4132 4383/3825/4131 4377/3825/4123
f 4379/3843/4126 4386/3841/4117 4387/3812/4118 4381/3812/4125
f 4381/3811/4128 4387/3811/4121 4385/3825/4122 4380/3825/4127
f 4392/3825/4133 4383/3825/4131 4384/3811/4132 4393/3811/4134
f 4393/3811/4135 4384/3811/4129 4382/3811/4130 4391/3811/4136
f 4389/3825/4137 4392/3825/4133 4393/3811/4134 4390/3811/4138
f 4390/3811/4139 4393/3811/4135 4391/3811/4136 4388/3811/4140
f 4401/3823/4141 4389/3825/4137 4390/3811/4138 4402/3811/4142
f 4402/3811/4143 4390/3811/4139 4388/3811/4140 4400/3811/4144
f 4394/3823/4145 4397/3825/4148 4399/3811/4147 4396/3845/4146
f 4396/3845/4149 4399/3811/4152 4398/3811/4151 4395/3811/4150
f 4397/3825/4148 4401/3823/4141 4402/3811/4142 4399/3811/4147
f 4399/3811/4152 4402/3811/4143 4400/3811/4144 4398/3811/4151
f 4328/3824/4079 4296/3813/4046 4310/3813/4046 4368/3839/4110
f 4303/3809/4046 4328/3824/4079 4337/3812/4069 4343/3809/4058
f 4302/3808/4046 4296/3813/4046 4328/3824/4079 4303/3809/4046
f 4337/3812/4069 4328/3824/4079 4346/3812/4075 4350/3812/4076
f 4168/3810/4018 4329/3823/4115 4367/3823/4113 4196/3810/4019
f 4329/3823/4080 4168/3810/4020 4179/3810/4021 4347/3823/4070
f 4335/3816/4049 4332/3815/4047 4176/3846/4022 4173/3847/4022
f 4297/3805/4046 4300/3803/4046 4331/3803/4051 4334/3805/4052
f 4332/3815/4064 4340/3819/4061 4175/3848/4023 4176/3846/4023
f 4300/3803/4046 4299/3802/4046 4341/3802/4059 4331/3803/4051
f 4174/3849/4024 4338/3822/4066 4349/3822/4073 4180/3849/4025
f 4344/3818/4053 4338/3822/4066 4174/3849/4024 4177/3850/4026
f 4299/3802/4046 4303/3809/4046 4343/3809/4058 4341/3802/4059
f 4340/3819/4056 4344/3818/4053 4177/3850/4026 4175/3848/4027
f 4347/3823/4070 4179/3810/4021 4180/3810/4025 4349/3823/4073
f 4352/3833/4097 4304/3813/4046 4315/3813/4046 4379/3843/4126
f 4358/3830/4087 4306/3813/4046 4304/3813/4046 4352/3833/4097
f 4181/3810/4028 4353/3825/4094 4380/3825/4127 4201/3810/4029
f 4188/3810/4030 4359/3825/4082 4353/3825/4094 4181/3810/4028
f 4370/3836/4105 4309/3813/4046 4305/3813/4046 4356/3834/4098
f 4194/3810/4031 4371/3823/4108 4355/3823/4101 4184/3810/4032
f 4356/3834/4098 4305/3813/4046 4307/3813/4046 4362/3832/4092
f 4184/3810/4032 4355/3823/4101 4361/3825/4091 4190/3810/4033
f 4306/3813/4046 4358/3830/4087 4365/3829/4088 4308/3813/4046
f 4359/3825/4082 4188/3810/4030 4189/3851/4034 4364/3826/4085
f 4364/3826/4085 4189/3851/4034 4190/3810/4033 4361/3825/4091
f 4308/3813/4046 4365/3829/4088 4362/3832/4092 4307/3813/4046
f 4373/3838/4107 4195/3852/4035 4196/3810/4019 4367/3823/4113
f 4311/3813/4046 4374/3835/4102 4368/3839/4110 4310/3813/4046
f 4371/3823/4108 4194/3810/4031 4195/3852/4035 4373/3838/4107
f 4309/3813/4046 4370/3836/4105 4374/3835/4102 4311/3813/4046
f 4313/3811/4046 4382/3811/4130 4376/3844/4120
f 4386/3841/4117 4316/3813/4046 4314/3813/4046 4376/3842/4120
f 4376/3842/4120 4314/3813/4046 4312/3813/4046 4313/3814/4046
f 4200/3810/4036 4377/3825/4123 4383/3825/4131 4203/3810/4037
f 4204/3810/4038 4385/3825/4122 4377/3825/4123 4200/3810/4036
f 4379/3843/4126 4315/3813/4046 4316/3813/4046 4386/3841/4117
f 4201/3810/4029 4380/3825/4127 4385/3825/4122 4204/3810/4038
f 4382/3811/4130 4313/3811/4046 4324/3811/4046 4391/3811/4136
f 4203/3810/4037 4383/3825/4131 4392/3825/4133 4214/3810/4039
f 4388/3811/4140 4323/3811/4046 4327/3811/4046 4400/3811/4144
f 4391/3811/4136 4324/3811/4046 4323/3811/4046 4388/3811/4140
f 4213/3810/4040 4389/3825/4137 4401/3823/4141 4219/3810/4041
f 4214/3810/4039 4392/3825/4133 4389/3825/4137 4213/3810/4040
f 4216/3810/4042 4217/3810/4042 4394/3823/4153 4396/3845/4153 4395/3811/4153 4325/3811/4153
f 4398/3811/4151 4326/3811/4046 4325/3811/4046 4395/3811/4150
f 4218/3810/4044 4397/3825/4148 4394/3823/4145 4217/3810/4045
f 4400/3811/4144 4327/3811/4046 4326/3811/4046 4398/3811/4151
f 4219/3810/4041 4401/3823/4141 4397/3825/4148 4218/3810/4044
o Cube.001
v 0.000013 0.399933 0.305697
v 0.000013 0.428156 0.325911
v 0.000013 0.414706 0.327070
v 0.000013 0.404491 0.315594
v 0.000013 0.420270 0.329544
v 0.000013 0.425548 0.328564
v 0.000013 0.423059 0.329810
v 0.021693 0.414722 0.305597
v 0.021693 0.404491 0.293332
v 0.021693 0.425588 0.307069
v 0.021693 0.420320 0.308069
v 0.021693 0.423107 0.308326
v 0.000013 0.428156 0.304488
v 0.000013 0.399933 0.284212
v 0.020313 0.414789 0.305313
v 0.020313 0.405082 0.293637
v 0.020313 0.425099 0.306710
v 0.020313 0.420101 0.307660
v 0.020313 0.422746 0.307903
v 0.000013 0.427537 0.304261
v 0.000013 0.400757 0.285023
v 0.000013 0.409598 0.321912
v 0.021693 0.409606 0.299851
v 0.020313 0.409936 0.299862
v 0.021693 0.401572 0.306271
v 0.017884 0.399933 0.305697
v 0.020578 0.400413 0.305865
v 0.021693 0.426394 0.325073
v 0.017831 0.428156 0.325911
v 0.020562 0.427640 0.325665
v 0.017913 0.414719 0.327080
v 0.021693 0.414722 0.324385
v 0.020586 0.414721 0.326291
v 0.021693 0.404491 0.312692
v 0.017902 0.404491 0.315591
v 0.020583 0.404491 0.314742
v 0.021693 0.425588 0.325919
v 0.017867 0.425581 0.328555
v 0.020572 0.425586 0.327782
v 0.017906 0.420312 0.329552
v 0.021693 0.420320 0.326914
v 0.020584 0.420318 0.328780
v 0.017856 0.399933 0.284212
v 0.021693 0.401552 0.287727
v 0.020569 0.400407 0.285242
v 0.017891 0.423100 0.329811
v 0.021693 0.423107 0.327188
v 0.020580 0.423105 0.329042
v 0.021693 0.426409 0.306223
v 0.017780 0.428156 0.304436
v 0.020547 0.427645 0.304955
v 0.020313 0.402368 0.288519
v 0.016451 0.400757 0.285023
v 0.019182 0.401229 0.286047
v 0.016328 0.427537 0.304213
v 0.020313 0.425798 0.305992
v 0.019146 0.427027 0.304730
v 0.021693 0.409606 0.319114
v 0.017912 0.409605 0.321916
v 0.020586 0.409606 0.321095
v -0.021668 0.414722 0.305597
v -0.021668 0.404491 0.293332
v -0.021668 0.425588 0.307069
v -0.021668 0.420320 0.308069
v -0.021668 0.423107 0.308326
v -0.020287 0.414789 0.305313
v -0.020287 0.405082 0.293637
v -0.020287 0.425099 0.306710
v -0.020287 0.420101 0.307660
v -0.020287 0.422746 0.307903
v -0.021668 0.409606 0.299851
v -0.020287 0.409936 0.299862
v -0.021668 0.401572 0.306271
v -0.017859 0.399933 0.305697
v -0.020552 0.400413 0.305865
v -0.021668 0.426394 0.325073
v -0.017805 0.428156 0.325911
v -0.020536 0.427640 0.325665
v -0.017887 0.414719 0.327080
v -0.021668 0.414722 0.324385
v -0.020560 0.414721 0.326291
v -0.021668 0.404491 0.312692
v -0.017877 0.404491 0.315591
v -0.020557 0.404491 0.314742
v -0.021668 0.425588 0.325919
v -0.017841 0.425581 0.328555
v -0.020547 0.425586 0.327782
v -0.017881 0.420312 0.329552
v -0.021668 0.420320 0.326914
v -0.020559 0.420318 0.328780
v -0.017831 0.399933 0.284212
v -0.021668 0.401552 0.287727
v -0.020544 0.400407 0.285242
v -0.017866 0.423100 0.329811
v -0.021668 0.423107 0.327188
v -0.020554 0.423105 0.329042
v -0.021668 0.426409 0.306223
v -0.017755 0.428156 0.304436
v -0.020522 0.427645 0.304955
v -0.020287 0.402368 0.288519
v -0.016426 0.400757 0.285023
v -0.019156 0.401229 0.286047
v -0.016302 0.427537 0.304213
v -0.020287 0.425798 0.305992
v -0.019120 0.427027 0.304730
v -0.021668 0.409606 0.319114
v -0.017886 0.409605 0.321916
v -0.020560 0.409606 0.321095
vn 0.3874 -0.5538 -0.7371
vn 0.3647 -0.4210 -0.8305
vn 0.3852 -0.5387 -0.7493
vn 0.1806 0.7566 -0.6284
vn 0.2308 0.8262 -0.5140
vn 0.2169 0.8095 -0.5455
vn 0.1791 0.7536 -0.6325
vn 0.2707 0.0882 -0.9586
vn 0.2441 0.2268 -0.9429
vn 0.2364 0.2618 -0.9357
vn 0.1919 0.5711 -0.7981
vn 0.1905 0.5852 -0.7882
vn 0.0841 -0.8424 0.5323
vn 0.0788 -0.9749 0.2083
vn 0.4410 -0.8790 0.1813
vn 0.4717 -0.7432 0.4745
vn 0.6659 -0.7192 0.1984
vn 0.6561 -0.6670 0.3530
vn 0.1011 -0.7398 0.6652
vn 0.1991 -0.7347 0.6485
vn 0.7687 -0.4702 0.4337
vn 0.7583 -0.4973 0.4216
vn 0.1125 0.5828 0.8048
vn 0.1208 0.4482 0.8857
vn 0.2460 0.4395 0.8639
vn 0.2209 0.5901 0.7765
vn 0.8098 0.3278 0.4866
vn 0.8546 0.0868 0.5119
vn 0.8519 0.1164 0.5106
vn 0.7868 0.3970 0.4726
vn 0.1384 -0.0918 0.9861
vn 0.1360 -0.2473 0.9594
vn 0.2696 -0.2482 0.9304
vn 0.2750 -0.0884 0.9574
vn 0.8536 -0.1229 0.5062
vn 0.8514 -0.1457 0.5038
vn 0.8048 -0.3702 0.4639
vn 0.8249 -0.2989 0.4799
vn 0.2346 -0.5653 0.7908
vn 0.1197 -0.5579 0.8213
vn 0.7556 0.4725 0.4536
vn 0.1942 0.7042 0.6829
vn 0.0952 0.7130 0.6947
vn 0.0878 0.9961 -0.0001
vn 0.0906 0.9959 -0.0001
vn 0.1838 0.9830 -0.0002
vn 0.7367 0.6762 0.0001
vn 0.0784 -0.9969 -0.0000
vn 0.1739 -0.9848 -0.0000
vn 0.7170 -0.6971 0.0003
vn 0.0233 0.2908 -0.9565
vn 0.1552 0.0003 -0.9879
vn 0.3222 -0.4161 -0.8503
vn 0.2312 -0.1796 -0.9562
vn 0.3797 -0.5905 -0.7121
vn 0.3738 -0.5711 -0.7309
vn 0.2408 0.8511 -0.4664
vn 0.2328 0.8491 -0.4742
vn 0.1740 0.8231 -0.5406
vn 0.1504 0.8099 -0.5670
vn 0.0787 0.7633 -0.6413
vn 0.0258 0.7227 -0.6907
vn 1.0000 -0.0000 -0.0000
vn -0.0000 -0.8495 0.5276
vn -0.0000 -0.9768 0.2142
vn -0.0000 -1.0000 -0.0000
vn -0.0000 1.0000 -0.0000
vn -0.0000 0.5901 0.8074
vn -0.0000 0.7147 0.6994
vn -0.0000 -0.5679 0.8231
vn -0.0000 -0.2529 0.9675
vn -0.0000 -0.7450 0.6670
vn -0.0000 0.4496 0.8932
vn -0.0000 -0.0935 0.9956
vn -0.0000 0.7011 -0.7130
vn -0.0000 0.3442 -0.9389
vn -0.3874 -0.5538 -0.7371
vn -0.3852 -0.5387 -0.7493
vn -0.3647 -0.4210 -0.8305
vn -0.1806 0.7566 -0.6284
vn -0.1791 0.7536 -0.6325
vn -0.2169 0.8095 -0.5455
vn -0.2308 0.8262 -0.5140
vn -0.2707 0.0882 -0.9586
vn -0.2364 0.2618 -0.9357
vn -0.2441 0.2268 -0.9429
vn -0.1905 0.5852 -0.7882
vn -0.1919 0.5711 -0.7981
vn -0.0841 -0.8424 0.5323
vn -0.4717 -0.7432 0.4745
vn -0.4410 -0.8790 0.1813
vn -0.0788 -0.9749 0.2083
vn -0.6561 -0.6670 0.3530
vn -0.6659 -0.7192 0.1984
vn -0.1011 -0.7398 0.6652
vn -0.1991 -0.7347 0.6485
vn -0.7687 -0.4702 0.4337
vn -0.7583 -0.4973 0.4216
vn -0.1125 0.5828 0.8048
vn -0.2209 0.5901 0.7765
vn -0.2460 0.4395 0.8639
vn -0.1208 0.4482 0.8857
vn -0.8098 0.3278 0.4866
vn -0.7868 0.3970 0.4726
vn -0.8519 0.1164 0.5106
vn -0.8546 0.0868 0.5119
vn -0.1384 -0.0918 0.9861
vn -0.2750 -0.0884 0.9574
vn -0.2696 -0.2482 0.9304
vn -0.1360 -0.2473 0.9594
vn -0.8514 -0.1457 0.5038
vn -0.8536 -0.1229 0.5062
vn -0.8048 -0.3702 0.4639
vn -0.8249 -0.2989 0.4799
vn -0.2346 -0.5653 0.7908
vn -0.1197 -0.5579 0.8213
vn -0.7556 0.4725 0.4536
vn -0.0952 0.7130 0.6947
vn -0.1942 0.7042 0.6829
vn -0.0878 0.9961 -0.0001
vn -0.1838 0.9830 -0.0002
vn -0.0906 0.9959 -0.0001
vn -0.7367 0.6762 0.0001
vn -0.1739 -0.9848 -0.0000
vn -0.0784 -0.9969 -0.0000
vn -0.7170 -0.6971 0.0003
vn -0.0233 0.2908 -0.9565
vn -0.2312 -0.1796 -0.9562
vn -0.3222 -0.4161 -0.8503
vn -0.1552 0.0003 -0.9879
vn -0.3738 -0.5711 -0.7309
vn -0.3797 -0.5905 -0.7121
vn -0.2408 0.8511 -0.4664
vn -0.1504 0.8099 -0.5670
vn -0.1740 0.8231 -0.5406
vn -0.2328 0.8491 -0.4742
vn -0.0258 0.7227 -0.6907
vn -0.0787 0.7633 -0.6413
vn -1.0000 -0.0000 -0.0000
vt 0.602246 0.750000
vt 0.582202 0.750009
vt 0.460687 0.750000
vt 0.415376 0.750000
vt 0.555586 0.750000
vt 0.505998 0.750000
vt 0.415376 0.769809
vt 0.375000 0.769902
vt 0.375655 0.750000
vt 0.413947 0.750000
vt 0.389521 0.750000
vt 0.460676 0.769761
vt 0.458909 0.750000
vt 0.602190 0.769995
vt 0.582126 0.769875
vt 0.583101 0.750009
vt 0.603949 0.750000
vt 0.555516 0.769789
vt 0.554311 0.750000
vt 0.504246 0.750000
vt 0.505975 0.769754
vt 0.609393 0.750000
vt 0.624433 0.750000
vt 0.625000 0.770183
vt 0.522771 0.627326
vt 0.625000 0.750000
vt 0.609525 0.750000
vt 0.314854 0.629709
vt 0.375000 0.750000
vt 0.389345 0.750000
vt 0.514512 0.617414
vt 0.608764 0.750000
vt 0.390039 0.750000
vt 0.310759 0.621518
vt 0.415375 0.875000
vt 0.375000 0.875000
vt 0.000000 0.000000
vt 0.625000 0.875000
vt 0.601894 0.875000
vt 0.505858 0.875000
vt 0.555144 0.875000
vt 0.460617 0.875000
vt 0.581729 0.875000
s 1
f 4412/3853/4154 4414/3854/4155 4421/3854/4155 4419/3853/4156
f 4425/3855/4157 4411/3856/4158 4418/3856/4159 4426/3855/4160
f 4414/3854/4161 4413/3857/4162 4420/3857/4163 4421/3854/4161
f 4413/3857/4162 4410/3858/4164 4417/3858/4165 4420/3857/4163
f 4410/3858/4164 4425/3855/4157 4426/3855/4160 4417/3858/4165
f 4437/3859/4166 4428/3860/4167 4429/3861/4168 4438/3862/4169
f 4438/3862/4169 4429/3861/4168 4427/3863/4170 4436/3856/4171
f 4461/3864/4172 4437/3859/4166 4438/3862/4169 4462/3865/4173
f 4462/3865/4174 4438/3862/4169 4436/3856/4171 4460/3855/4175
f 4440/3866/4176 4448/3867/4177 4450/3868/4178 4441/3869/4179
f 4441/3869/4180 4450/3868/4181 4449/3854/4182 4439/3853/4183
f 4448/3867/4184 4442/3870/4185 4444/3871/4186 4450/3868/4187
f 4450/3868/4181 4444/3871/4188 4443/3857/4189 4449/3854/4182
f 4434/3858/4190 4443/3857/4189 4444/3871/4188 4435/3872/4191
f 4435/3872/4192 4444/3871/4186 4442/3870/4185 4433/3873/4193
f 4439/3853/4183 4430/3874/4194 4432/3875/4194 4441/3869/4180
f 4441/3869/4179 4432/3875/4195 4431/3876/4196 4440/3866/4176
f 4452/3877/4197 4431/3876/4198 4432/3875/4199 4453/3878/4199
f 4453/3878/4200 4432/3875/4200 4430/3874/4200 4451/3879/4200
f 4428/3860/4167 4445/3880/4201 4447/3881/4202 4429/3861/4168
f 4429/3861/4168 4447/3881/4203 4446/3882/4203 4427/3863/4170
f 4457/3883/4204 4452/3877/4205 4453/3878/4206 4459/3878/4207
f 4459/3878/4207 4453/3878/4206 4451/3879/4208 4458/3884/4209
f 4454/3885/4210 4446/3882/4211 4447/3881/4212 4456/3881/4213
f 4456/3881/4213 4447/3881/4212 4445/3880/4214 4455/3886/4215
f 4433/3873/4193 4461/3864/4172 4462/3865/4173 4435/3872/4192
f 4435/3872/4191 4462/3865/4174 4460/3855/4175 4434/3858/4190
f 4436/3856/4216 4427/3863/4216 4446/3882/4216 4411/3856/4216
f 4428/3860/4167 4437/3859/4166 4406/3887/4217 4403/3888/4218
f 4416/3889/4219 4445/3880/4201 4428/3860/4167 4403/3888/4218
f 4404/3890/4220 4431/3876/4198 4452/3877/4197 4415/3889/4220
f 4408/3891/4221 4440/3866/4176 4431/3876/4196 4404/3890/4222
f 4430/3874/4216 4439/3853/4216 4412/3853/4216 4451/3879/4216
f 4405/3892/4223 4433/3873/4193 4442/3870/4185 4407/3893/4224
f 4443/3857/4216 4434/3858/4216 4410/3858/4216 4413/3857/4216
f 4434/3858/4216 4460/3855/4216 4425/3855/4216 4410/3858/4216
f 4424/3894/4225 4461/3864/4172 4433/3873/4193 4405/3892/4223
f 4406/3887/4217 4437/3859/4166 4461/3864/4172 4424/3894/4225
f 4460/3855/4216 4436/3856/4216 4411/3856/4216 4425/3855/4216
f 4439/3853/4216 4449/3854/4216 4414/3854/4216 4412/3853/4216
f 4440/3866/4176 4408/3891/4221 4409/3895/4226 4448/3867/4177
f 4448/3867/4184 4409/3895/4227 4407/3893/4224 4442/3870/4185
f 4449/3854/4216 4443/3857/4216 4413/3857/4216 4414/3854/4216
f 4411/3856/4158 4446/3882/4211 4454/3885/4210 4418/3856/4159
f 4445/3880/4214 4416/3889/4228 4423/3889/4228 4455/3886/4215
f 4451/3879/4208 4412/3853/4154 4419/3853/4156 4458/3884/4209
f 4415/3889/4229 4452/3877/4205 4457/3883/4204 4422/3889/4229
f 4465/3853/4230 4470/3853/4231 4472/3854/4232 4467/3854/4232
f 4473/3855/4233 4474/3855/4234 4469/3856/4235 4464/3856/4236
f 4467/3854/4237 4472/3854/4237 4471/3857/4238 4466/3857/4239
f 4466/3857/4239 4471/3857/4238 4468/3858/4240 4463/3858/4241
f 4463/3858/4241 4468/3858/4240 4474/3855/4234 4473/3855/4233
f 4485/3859/4242 4486/3862/4243 4477/3861/4244 4476/3860/4245
f 4486/3862/4243 4484/3856/4246 4475/3863/4247 4477/3861/4244
f 4509/3864/4248 4510/3865/4249 4486/3862/4243 4485/3859/4242
f 4510/3865/4250 4508/3855/4251 4484/3856/4246 4486/3862/4243
f 4488/3866/4252 4489/3869/4253 4498/3868/4254 4496/3867/4255
f 4489/3869/4256 4487/3853/4257 4497/3854/4258 4498/3868/4259
f 4496/3867/4260 4498/3868/4261 4492/3871/4262 4490/3870/4263
f 4498/3868/4259 4497/3854/4258 4491/3857/4264 4492/3871/4265
f 4482/3858/4266 4483/3872/4267 4492/3871/4265 4491/3857/4264
f 4483/3872/4268 4481/3873/4269 4490/3870/4263 4492/3871/4262
f 4487/3853/4257 4489/3869/4256 4480/3875/4270 4478/3874/4270
f 4489/3869/4253 4488/3866/4252 4479/3876/4271 4480/3875/4272
f 4500/3877/4273 4501/3878/4274 4480/3875/4274 4479/3876/4275
f 4501/3878/4276 4499/3879/4276 4478/3874/4276 4480/3875/4276
f 4476/3860/4245 4477/3861/4244 4495/3881/4277 4493/3880/4278
f 4477/3861/4244 4475/3863/4247 4494/3882/4279 4495/3881/4279
f 4505/3883/4280 4507/3878/4281 4501/3878/4282 4500/3877/4283
f 4507/3878/4281 4506/3884/4284 4499/3879/4285 4501/3878/4282
f 4502/3885/4286 4504/3881/4287 4495/3881/4288 4494/3882/4289
f 4504/3881/4287 4503/3886/4290 4493/3880/4291 4495/3881/4288
f 4481/3873/4269 4483/3872/4268 4510/3865/4249 4509/3864/4248
f 4483/3872/4267 4482/3858/4266 4508/3855/4251 4510/3865/4250
f 4484/3856/4292 4464/3856/4292 4494/3882/4292 4475/3863/4292
f 4476/3860/4245 4403/3888/4218 4406/3887/4217 4485/3859/4242
f 4416/3889/4219 4403/3888/4218 4476/3860/4245 4493/3880/4278
f 4404/3890/4220 4415/3889/4220 4500/3877/4273 4479/3876/4275
f 4408/3891/4221 4404/3890/4222 4479/3876/4271 4488/3866/4252
f 4478/3874/4292 4499/3879/4292 4465/3853/4292 4487/3853/4292
f 4405/3892/4223 4407/3893/4224 4490/3870/4263 4481/3873/4269
f 4491/3857/4292 4466/3857/4292 4463/3858/4292 4482/3858/4292
f 4482/3858/4292 4463/3858/4292 4473/3855/4292 4508/3855/4292
f 4424/3894/4225 4405/3892/4223 4481/3873/4269 4509/3864/4248
f 4406/3887/4217 4424/3894/4225 4509/3864/4248 4485/3859/4242
f 4508/3855/4292 4473/3855/4292 4464/3856/4292 4484/3856/4292
f 4487/3853/4292 4465/3853/4292 4467/3854/4292 4497/3854/4292
f 4488/3866/4252 4496/3867/4255 4409/3895/4226 4408/3891/4221
f 4496/3867/4260 4490/3870/4263 4407/3893/4224 4409/3895/4227
f 4497/3854/4292 4467/3854/4292 4466/3857/4292 4491/3857/4292
f 4464/3856/4236 4469/3856/4235 4502/3885/4286 4494/3882/4289
f 4493/3880/4291 4503/3886/4290 4423/3889/4228 4416/3889/4228
f 4499/3879/4285 4506/3884/4284 4470/3853/4231 4465/3853/4230
f 4415/3889/4229 4422/3889/4229 4505/3883/4280 4500/3877/4283
o Cube
v 0.021325 0.400469 0.002684
v 0.000013 0.431178 0.016761
v 0.000013 0.427773 0.166128
v 0.000013 0.400469 0.166128
v 0.000013 0.386562 0.002684
v 0.000013 0.386562 0.143232
v 0.021325 0.396252 -0.045442
v 0.021553 0.423828 -0.044944
v 0.014414 0.374476 -0.119517
v 0.000013 0.447860 0.016761
v 0.000013 0.382768 -0.041905
v 0.000013 0.443644 -0.037787
v 0.019987 0.298483 -0.325198
v 0.000013 0.400269 -0.133464
v 0.000013 0.361243 -0.112419
v 0.021325 0.400469 0.066423
v 0.000013 0.428187 0.075011
v 0.000013 0.386562 0.056400
v 0.000013 0.336483 -0.154124
v 0.000013 0.298483 -0.325198
v 0.000013 0.353731 -0.356779
v 0.000013 0.241165 -0.317416
v 0.000013 0.393602 -0.175589
v 0.013568 0.358639 -0.164233
v 0.000013 0.312093 -0.187906
v 0.000013 0.386247 -0.209015
v 0.013568 0.346371 -0.198834
v 0.018877 0.392800 0.002684
v 0.000013 0.392800 0.153002
v 0.018877 0.392800 0.153002
v 0.019941 0.388799 -0.043636
v 0.014414 0.367718 -0.115892
v 0.018877 0.392800 0.061304
v 0.020002 0.269210 -0.318230
v 0.000013 0.269210 -0.318230
v 0.013568 0.347324 -0.159070
v 0.013568 0.329325 -0.193766
v 0.000013 0.427887 0.141091
v 0.000013 0.386562 0.117339
v 0.021325 0.400469 0.138731
v 0.018877 0.392800 0.127806
v 0.008180 0.387414 0.144484
v 0.015397 0.390428 0.149710
v 0.012010 0.388678 0.146815
v 0.015398 0.390429 0.002684
v 0.008180 0.387414 0.002684
v 0.012011 0.388678 0.002684
v 0.017867 0.386552 -0.042722
v 0.010628 0.383621 -0.041905
v 0.014465 0.384860 -0.042144
v 0.015398 0.390429 0.058701
v 0.008180 0.387414 0.056400
v 0.012010 0.388678 0.057074
v 0.015398 0.390429 0.122248
v 0.008180 0.387414 0.117339
v 0.012010 0.388678 0.118777
v 0.000013 0.387414 0.144484
v 0.000013 0.390428 0.149710
v 0.000013 0.388678 0.146815
v 0.000013 0.427773 0.317899
v 0.000013 0.400469 0.299129
v 0.010155 0.431178 0.016761
v 0.020860 0.428372 0.013834
v 0.014330 0.430356 0.015904
v 0.010155 0.427773 0.166128
v 0.020860 0.424854 0.166128
v 0.014330 0.426918 0.166128
v 0.010155 0.446407 0.016761
v 0.018635 0.436406 0.014951
v 0.014330 0.442969 0.015904
v 0.005188 0.398632 -0.133464
v 0.007419 0.397228 -0.133164
v 0.019736 0.432302 -0.039096
v 0.010155 0.442190 -0.037787
v 0.014330 0.438786 -0.038171
v 0.010155 0.428187 0.075011
v 0.020860 0.425275 0.074108
v 0.014330 0.427334 0.074746
v 0.007254 0.354016 -0.356779
v 0.010793 0.352958 -0.356337
v 0.004578 0.393214 -0.175589
v 0.007211 0.392791 -0.175326
v 0.004578 0.385858 -0.209015
v 0.007211 0.385423 -0.208805
v 0.020860 0.424970 0.140840
v 0.010155 0.427887 0.141091
v 0.014330 0.427032 0.141017
v 0.020860 0.424854 0.315893
v 0.010155 0.427773 0.317899
v 0.014330 0.426918 0.317312
v 0.000013 0.278708 -0.247463
v 0.000013 0.369989 -0.282897
v 0.018573 0.322427 -0.262016
v 0.018573 0.300099 -0.254584
v 0.010386 0.369191 -0.282571
v 0.005802 0.369600 -0.282897
v 0.000013 0.259937 -0.282440
v 0.019015 0.284655 -0.287904
v 0.000013 0.361860 -0.319838
v 0.019640 0.310455 -0.293607
v 0.010949 0.361074 -0.319454
v 0.006659 0.361488 -0.319838
v 0.021325 0.403501 0.166128
v 0.019056 0.400469 0.166128
v 0.019196 0.398973 0.162866
v 0.021119 0.400469 0.163095
v 0.020660 0.401357 0.166128
v 0.019056 0.400469 0.299129
v 0.021325 0.403501 0.301214
v 0.020660 0.401357 0.299740
v 0.000013 0.396634 0.158976
v 0.013568 0.365171 -0.142000
v 0.013859 0.369507 -0.130399
v 0.013653 0.367159 -0.136158
v 0.000013 0.396179 -0.144054
v 0.000013 0.393796 -0.156723
v 0.000013 0.394522 -0.150246
v 0.000013 0.350207 -0.134065
v 0.000013 0.356283 -0.123283
v 0.000013 0.353422 -0.128809
v 0.013568 0.357509 -0.137944
v 0.013859 0.362754 -0.126764
v 0.013653 0.360138 -0.132403
v 0.004578 0.393407 -0.156737
v 0.004803 0.395382 -0.143915
v 0.004644 0.394014 -0.150209
v 0.007211 0.392123 -0.156349
v 0.007289 0.393873 -0.143486
v 0.007234 0.392537 -0.149788
v 0.011794 0.361243 -0.112419
v 0.014414 0.364311 -0.114065
v 0.013647 0.362142 -0.112901
v 0.018787 0.245102 -0.317530
v 0.015974 0.241165 -0.317416
v 0.017881 0.242318 -0.317450
v 0.013568 0.339669 -0.155578
v 0.010954 0.336483 -0.154124
v 0.012802 0.337416 -0.154549
v 0.010955 0.312093 -0.187906
v 0.013568 0.315487 -0.189060
v 0.012802 0.313087 -0.188244
v 0.015960 0.278708 -0.247463
v 0.018573 0.282106 -0.248594
v 0.017808 0.279703 -0.247794
v 0.016401 0.259937 -0.282440
v 0.019015 0.263512 -0.283230
v 0.018249 0.260984 -0.282671
v 0.010954 0.350211 -0.134060
v 0.013568 0.353280 -0.135693
v 0.012802 0.351110 -0.134538
v 0.013859 0.359348 -0.124932
v 0.011242 0.356283 -0.123284
v 0.013093 0.357180 -0.123767
v 0.011038 0.353423 -0.128808
v 0.013653 0.356490 -0.130450
v 0.012887 0.354321 -0.129289
v 0.021325 0.388502 -0.076164
v 0.019300 0.382552 -0.096159
v 0.020732 0.385681 -0.086293
v 0.019346 0.403543 -0.106128
v 0.021553 0.410763 -0.086845
v 0.020906 0.407350 -0.096656
v 0.000013 0.369525 -0.090350
v 0.000013 0.375749 -0.070189
v 0.000013 0.372841 -0.080468
v 0.000013 0.422957 -0.090406
v 0.000013 0.413981 -0.109249
v 0.000013 0.418734 -0.099978
v 0.021325 0.382486 -0.073055
v 0.019291 0.376549 -0.093072
v 0.020729 0.379814 -0.083266
v 0.019432 0.415988 -0.088578
v 0.017734 0.407237 -0.107339
v 0.018909 0.412061 -0.098210
v 0.008832 0.413655 -0.109054
v 0.010155 0.422758 -0.090328
v 0.009767 0.418581 -0.099898
v 0.012487 0.411531 -0.108757
v 0.014330 0.420270 -0.089982
v 0.013790 0.416245 -0.099583
v 0.015216 0.377870 -0.070127
v 0.015414 0.371410 -0.090157
v 0.015989 0.375082 -0.080393
v 0.019014 0.374111 -0.091719
v 0.020125 0.380433 -0.071825
v 0.020138 0.377664 -0.082013
v 0.017552 0.372306 -0.090761
v 0.017928 0.378830 -0.070822
v 0.018347 0.375999 -0.081039
v 0.009257 0.298483 -0.325198
v 0.006429 0.298483 -0.325198
v 0.011861 0.269210 -0.318230
v 0.009030 0.269210 -0.318230
v 0.013649 0.387390 -0.127626
v 0.009702 0.395437 -0.132286
v 0.012365 0.391899 -0.130342
v 0.015047 0.350772 -0.355894
v 0.018734 0.342580 -0.352143
v 0.017594 0.347099 -0.354537
v 0.009981 0.390459 -0.175048
v 0.013568 0.382062 -0.172737
v 0.012517 0.386749 -0.174223
v 0.013568 0.374573 -0.206760
v 0.009982 0.383077 -0.208584
v 0.012517 0.379328 -0.207931
v 0.018573 0.358616 -0.279278
v 0.014974 0.366838 -0.282223
v 0.017519 0.363200 -0.281178
v 0.015432 0.358778 -0.319052
v 0.019086 0.350605 -0.315680
v 0.017987 0.355144 -0.317847
v 0.008467 0.392724 -0.143192
v 0.012388 0.384189 -0.139209
v 0.011023 0.388853 -0.141674
v 0.012331 0.382336 -0.152109
v 0.008519 0.390883 -0.156039
v 0.011056 0.387032 -0.154552
v 0.008300 0.391496 -0.149524
v 0.012184 0.382928 -0.145555
v 0.010843 0.387613 -0.148014
v 0.013875 0.298483 -0.325198
v -0.021299 0.400469 0.002684
v -0.021299 0.396252 -0.045442
v -0.021527 0.423828 -0.044944
v -0.014389 0.374476 -0.119517
v -0.019962 0.298483 -0.325198
v -0.021299 0.400469 0.066423
v -0.013542 0.358639 -0.164233
v -0.013542 0.346371 -0.198834
v -0.018851 0.392800 0.002684
v -0.018851 0.392800 0.153002
v -0.019915 0.388799 -0.043636
v -0.014389 0.367718 -0.115892
v -0.018851 0.392800 0.061304
v -0.019977 0.269210 -0.318230
v -0.013542 0.347324 -0.159070
v -0.013542 0.329325 -0.193766
v -0.021299 0.400469 0.138731
v -0.018851 0.392800 0.127806
v -0.008154 0.387414 0.144484
v -0.015372 0.390428 0.149710
v -0.011985 0.388678 0.146815
v -0.015372 0.390429 0.002684
v -0.008154 0.387414 0.002684
v -0.011985 0.388678 0.002684
v -0.017841 0.386552 -0.042722
v -0.010602 0.383621 -0.041905
v -0.014439 0.384860 -0.042144
v -0.015372 0.390429 0.058701
v -0.008154 0.387414 0.056400
v -0.011985 0.388678 0.057074
v -0.015372 0.390429 0.122248
v -0.008154 0.387414 0.117339
v -0.011985 0.388678 0.118777
v -0.010129 0.431178 0.016761
v -0.020834 0.428372 0.013834
v -0.014304 0.430356 0.015904
v -0.010129 0.427773 0.166128
v -0.020834 0.424854 0.166128
v -0.014304 0.426918 0.166128
v -0.010129 0.446407 0.016761
v -0.018610 0.436406 0.014951
v -0.014304 0.442969 0.015904
v -0.005163 0.398632 -0.133464
v -0.007394 0.397228 -0.133164
v -0.019710 0.432302 -0.039096
v -0.010129 0.442190 -0.037787
v -0.014304 0.438786 -0.038171
v -0.010129 0.428187 0.075011
v -0.020834 0.425275 0.074108
v -0.014304 0.427334 0.074746
v -0.007228 0.354016 -0.356779
v -0.010767 0.352958 -0.356337
v -0.004552 0.393214 -0.175589
v -0.007186 0.392791 -0.175326
v -0.004552 0.385858 -0.209015
v -0.007186 0.385423 -0.208805
v -0.020834 0.424970 0.140840
v -0.010129 0.427887 0.141091
v -0.014304 0.427032 0.141017
v -0.020834 0.424854 0.315893
v -0.010129 0.427773 0.317899
v -0.014304 0.426918 0.317312
v -0.018548 0.322427 -0.262016
v -0.018548 0.300099 -0.254584
v -0.010361 0.369191 -0.282571
v -0.005777 0.369600 -0.282897
v -0.018989 0.284655 -0.287904
v -0.019614 0.310455 -0.293607
v -0.010924 0.361074 -0.319454
v -0.006633 0.361488 -0.319838
v -0.021299 0.403501 0.166128
v -0.019031 0.400469 0.166128
v -0.019170 0.398973 0.162866
v -0.021094 0.400469 0.163095
v -0.020635 0.401357 0.166128
v -0.019031 0.400469 0.299129
v -0.021299 0.403501 0.301214
v -0.020635 0.401357 0.299740
v -0.013542 0.365171 -0.142000
v -0.013833 0.369507 -0.130399
v -0.013627 0.367159 -0.136158
v -0.013542 0.357509 -0.137944
v -0.013834 0.362754 -0.126764
v -0.013628 0.360138 -0.132403
v -0.004552 0.393407 -0.156737
v -0.004778 0.395382 -0.143915
v -0.004618 0.394014 -0.150209
v -0.007186 0.392123 -0.156349
v -0.007263 0.393873 -0.143486
v -0.007208 0.392537 -0.149788
v -0.011769 0.361243 -0.112419
v -0.014389 0.364311 -0.114065
v -0.013621 0.362142 -0.112901
v -0.018762 0.245102 -0.317530
v -0.015949 0.241165 -0.317416
v -0.017856 0.242318 -0.317450
v -0.013542 0.339669 -0.155578
v -0.010929 0.336483 -0.154124
v -0.012777 0.337416 -0.154549
v -0.010929 0.312093 -0.187906
v -0.013542 0.315487 -0.189060
v -0.012777 0.313087 -0.188244
v -0.015935 0.278708 -0.247463
v -0.018548 0.282106 -0.248594
v -0.017783 0.279703 -0.247794
v -0.016376 0.259937 -0.282440
v -0.018989 0.263512 -0.283230
v -0.018224 0.260984 -0.282671
v -0.010928 0.350211 -0.134060
v -0.013542 0.353280 -0.135693
v -0.012777 0.351110 -0.134538
v -0.013834 0.359348 -0.124932
v -0.011217 0.356283 -0.123284
v -0.013067 0.357180 -0.123767
v -0.011012 0.353423 -0.128808
v -0.013628 0.356490 -0.130450
v -0.012862 0.354321 -0.129289
v -0.021299 0.388502 -0.076164
v -0.019274 0.382552 -0.096159
v -0.020706 0.385681 -0.086293
v -0.019320 0.403543 -0.106128
v -0.021527 0.410763 -0.086845
v -0.020881 0.407350 -0.096656
v -0.021299 0.382486 -0.073055
v -0.019265 0.376549 -0.093072
v -0.020703 0.379814 -0.083266
v -0.019406 0.415988 -0.088578
v -0.017708 0.407237 -0.107339
v -0.018884 0.412061 -0.098210
v -0.008806 0.413655 -0.109054
v -0.010129 0.422758 -0.090328
v -0.009742 0.418581 -0.099898
v -0.012462 0.411531 -0.108757
v -0.014304 0.420270 -0.089982
v -0.013764 0.416245 -0.099583
v -0.015191 0.377870 -0.070127
v -0.015388 0.371410 -0.090157
v -0.015964 0.375082 -0.080393
v -0.018988 0.374111 -0.091719
v -0.020099 0.380433 -0.071825
v -0.020112 0.377664 -0.082013
v -0.017526 0.372306 -0.090761
v -0.017903 0.378830 -0.070822
v -0.018321 0.375999 -0.081039
v -0.009232 0.298483 -0.325198
v -0.006404 0.298483 -0.325198
v -0.011836 0.269210 -0.318230
v -0.009004 0.269210 -0.318230
v -0.013623 0.387390 -0.127626
v -0.009677 0.395437 -0.132286
v -0.012340 0.391899 -0.130342
v -0.015022 0.350772 -0.355894
v -0.018709 0.342580 -0.352143
v -0.017568 0.347099 -0.354537
v -0.009956 0.390459 -0.175048
v -0.013542 0.382062 -0.172737
v -0.012492 0.386749 -0.174223
v -0.013542 0.374573 -0.206760
v -0.009956 0.383077 -0.208584
v -0.012492 0.379328 -0.207931
v -0.018548 0.358616 -0.279278
v -0.014949 0.366838 -0.282223
v -0.017494 0.363200 -0.281178
v -0.015407 0.358778 -0.319052
v -0.019061 0.350605 -0.315680
v -0.017961 0.355144 -0.317847
v -0.008442 0.392724 -0.143192
v -0.012362 0.384189 -0.139209
v -0.010997 0.388853 -0.141674
v -0.012305 0.382336 -0.152109
v -0.008493 0.390883 -0.156039
v -0.011031 0.387032 -0.154552
v -0.008274 0.391496 -0.149524
v -0.012158 0.382928 -0.145555
v -0.010818 0.387613 -0.148014
v -0.013850 0.298483 -0.325198
vn 0.9999 0.0106 0.0058
vn 1.0000 -0.0000 -0.0000
vn 0.9993 0.0117 0.0358
vn 0.9993 0.0122 0.0343
vn 0.9999 0.0058 0.0162
vn 0.9998 -0.0070 0.0209
vn 0.9996 -0.0166 0.0242
vn 0.9999 0.0066 0.0090
vn 0.9917 -0.1282 0.0097
vn 0.9899 -0.1421 0.0001
vn 0.9526 -0.3041 -0.0000
vn 0.9621 -0.2724 0.0164
vn 0.9999 0.0168 -0.0000
vn 0.9953 -0.0909 0.0333
vn 0.9903 -0.1391 0.0036
vn 0.9850 -0.1687 0.0374
vn 0.9968 -0.0777 0.0202
vn 0.9531 -0.3027 0.0008
vn 0.2052 -0.9776 0.0465
vn 0.2118 -0.9636 0.1632
vn 0.4138 -0.8952 0.1654
vn 0.3868 -0.9208 0.0498
vn 0.6308 -0.7617 0.1481
vn 0.5350 -0.8434 0.0482
vn 0.2108 -0.9775 -0.0000
vn 0.3884 -0.9215 -0.0000
vn 0.5128 -0.8585 -0.0000
vn 0.2270 -0.9739 -0.0000
vn 0.4096 -0.9123 -0.0000
vn 0.5307 -0.8475 -0.0000
vn -0.0000 -0.8596 0.5110
vn -0.0000 -0.8211 0.5708
vn -0.0000 -0.8342 0.5514
vn -0.0000 -0.8677 0.4971
vn 0.5632 -0.8263 -0.0000
vn -0.0000 -1.0000 -0.0000
vn -0.0000 -0.9990 0.0438
vn -0.0000 -0.9873 0.1589
vn 0.6063 -0.7939 0.0455
vn 0.7562 -0.6401 0.1358
vn -0.0000 -0.8768 0.4808
vn -0.0000 -0.8539 0.5204
vn -0.0000 -0.8288 0.5596
vn 0.0452 -0.8360 0.5468
vn -0.0000 -0.8265 0.5629
vn 0.8967 0.4421 -0.0221
vn 0.8830 0.4609 -0.0890
vn 0.6804 0.7166 -0.1532
vn 0.7123 0.7000 -0.0501
vn 0.3711 0.9076 -0.1963
vn 0.3949 0.9160 -0.0708
vn 0.1012 0.9949 0.0045
vn 0.1013 0.9949 0.0023
vn 0.2516 0.9678 0.0022
vn 0.2515 0.9678 0.0044
vn 0.3013 0.9535 0.0022
vn 0.3013 0.9535 0.0044
vn 0.2500 -0.0254 0.9679
vn 0.2137 -0.0065 0.9769
vn 0.2285 -0.0142 0.9734
vn 0.0770 -0.0000 0.9970
vn 0.1060 -0.0000 0.9944
vn 0.1069 0.9930 0.0510
vn 0.1019 0.9944 0.0275
vn 0.2531 0.9671 0.0269
vn 0.2601 0.9643 0.0495
vn 0.3031 0.9526 0.0275
vn 0.3047 0.9512 0.0489
vn 0.3162 0.9274 -0.1999
vn 0.3360 0.9206 -0.1988
vn 0.1044 0.9732 -0.2049
vn 0.0943 0.9734 -0.2087
vn 0.4664 0.8806 -0.0838
vn 0.3918 0.9002 -0.1899
vn 0.1149 0.9704 -0.2124
vn 0.1631 0.9806 -0.1091
vn 0.0978 0.9952 -0.0000
vn 0.2474 0.9689 -0.0000
vn 0.3014 0.9535 -0.0000
vn -0.0000 0.9987 0.0513
vn -0.0000 0.9996 0.0279
vn 0.9954 0.0957 0.0006
vn 0.9879 0.1509 -0.0370
vn -0.0000 -0.0000 1.0000
vn 0.9998 0.0183 0.0002
vn -0.0000 1.0000 0.0045
vn -0.0000 1.0000 0.0023
vn -0.0000 1.0000 -0.0000
vn 0.5132 -0.7679 0.3833
vn 0.5055 -0.8437 0.1806
vn 0.2754 -0.9366 0.2167
vn 0.2862 -0.8399 0.4611
vn -0.0000 0.9970 -0.0771
vn -0.0000 0.9761 -0.2172
vn -0.0000 -0.3672 -0.9302
vn -0.0000 -0.4954 -0.8687
vn -0.0048 -0.4952 -0.8688
vn -0.0028 -0.3671 -0.9302
vn -0.0000 0.9776 -0.2103
vn -0.0000 0.9784 -0.2066
vn -0.0000 0.9936 -0.1127
vn -0.0000 0.9767 -0.2146
vn 0.0921 0.9729 -0.2122
vn -0.0000 0.9768 -0.2142
vn 0.3246 0.9261 -0.1923
vn 0.9989 0.0107 0.0449
vn 0.9988 0.0151 0.0461
vn 0.9946 -0.1002 0.0257
vn 0.9484 -0.2939 0.1187
vn 0.2758 -0.9612 -0.0000
vn 0.4844 -0.8749 -0.0000
vn 0.9552 -0.2960 -0.0000
vn 0.9970 -0.0773 -0.0000
vn 0.9999 0.0167 -0.0042
vn 0.9998 0.0218 -0.0000
vn -0.0000 -0.9721 0.2344
vn -0.0000 -0.8661 0.4998
vn 0.9547 -0.2974 0.0040
vn 0.9985 0.0119 -0.0537
vn 0.9992 -0.0188 -0.0351
vn 0.9997 -0.0111 -0.0208
vn 0.9992 0.0286 -0.0271
vn 1.0000 -0.0033 -0.0061
vn 0.9996 0.0285 -0.0011
vn 0.5527 0.8332 -0.0186
vn 0.2455 0.9685 -0.0425
vn 0.3203 0.9352 -0.1511
vn 0.6129 0.7818 -0.1147
vn 0.3688 0.8931 -0.2576
vn 0.6178 0.7568 -0.2134
vn -0.0000 0.9984 -0.0566
vn -0.0000 0.9854 -0.1705
vn -0.0000 0.9583 -0.2858
vn 0.9917 -0.0371 -0.1233
vn 0.9926 -0.0655 -0.1022
vn -0.0000 0.9015 -0.4329
vn 0.3534 0.8392 -0.4133
vn 0.5890 0.7144 -0.3777
vn 0.9860 -0.1169 0.1191
vn 0.9890 -0.1211 0.0849
vn 0.9539 -0.2452 0.1729
vn 0.9516 -0.2372 0.1954
vn 0.4811 -0.7287 0.4874
vn 0.4790 -0.7184 0.5044
vn 0.2541 -0.7911 0.5564
vn 0.2461 -0.8128 0.5280
vn 0.9873 -0.1144 0.1100
vn 0.9533 -0.2450 0.1769
vn 0.4859 -0.7561 0.4384
vn 0.2639 -0.8404 0.4734
vn 0.9869 -0.1386 0.0825
vn 0.9516 -0.2705 0.1456
vn 0.4851 -0.7702 0.4141
vn 0.2594 -0.8510 0.4567
vn 0.9768 -0.1892 0.1005
vn 0.9489 -0.2814 0.1428
vn 0.4825 -0.7741 0.4099
vn 0.2378 -0.8570 0.4572
vn 0.9893 -0.1372 0.0505
vn 0.9883 -0.1496 0.0291
vn 0.9536 -0.2853 0.0966
vn 0.9546 -0.2694 0.1267
vn 0.4825 -0.7689 0.4196
vn 0.4817 -0.7963 0.3658
vn 0.2548 -0.8739 0.4140
vn 0.2549 -0.8452 0.4698
vn 0.9893 -0.1261 0.0733
vn 0.9546 -0.2533 0.1570
vn 0.4812 -0.7380 0.4730
vn 0.2544 -0.8126 0.5243
vn 0.2551 -0.8929 0.3711
vn 0.4691 -0.8219 0.3232
vn 0.9221 -0.3815 0.0645
vn 0.9730 -0.2301 -0.0190
vn -0.0000 -0.9175 0.3977
vn -0.0000 -0.8991 0.4377
vn -0.0000 -0.1310 -0.9914
vn -0.0000 -0.0290 -0.9996
vn -0.0000 -0.8811 0.4729
vn -0.0000 -0.8181 0.5751
vn -0.0000 -0.8429 0.5380
vn -0.0000 -0.8395 0.5434
vn -0.0000 -0.8767 0.4809
vn -0.0000 -0.8711 0.4911
vn 0.9859 0.1452 -0.0832
vn 0.9992 -0.0359 -0.0160
vn 0.9949 -0.0483 -0.0890
vn 0.9783 0.1305 -0.1608
vn 0.9849 -0.0713 -0.1575
vn 0.9575 0.1230 -0.2608
vn 0.9691 -0.2408 0.0536
vn 0.9867 -0.1566 -0.0439
vn 0.9843 -0.1222 -0.1274
vn 0.7921 0.4612 -0.4000
vn 0.5624 0.6793 -0.4714
vn 0.5724 0.7204 -0.3918
vn 0.8162 0.4929 -0.3014
vn 0.6064 0.7358 -0.3015
vn 0.8405 0.4997 -0.2093
vn 0.2894 0.8181 -0.4970
vn 0.2726 0.8597 -0.4319
vn 0.3070 0.8809 -0.3603
vn -0.0000 0.9252 -0.3794
vn -0.0000 0.9007 -0.4345
vn -0.0000 0.8711 -0.4912
vn 0.4992 -0.8337 0.2361
vn 0.2512 -0.9348 0.2513
vn 0.2823 -0.9141 0.2909
vn 0.5924 -0.7716 0.2315
vn 0.2847 -0.9003 0.3292
vn 0.6804 -0.7065 0.1949
vn 0.7756 -0.6080 0.1696
vn 0.8769 -0.4720 0.0912
vn 0.9336 -0.3582 -0.0073
vn -0.0000 -0.9342 0.3567
vn -0.0000 -0.9531 0.3027
vn -0.0000 -0.9680 0.2509
vn -0.0354 -0.3679 -0.9292
vn -0.0418 -0.3738 -0.9265
vn -0.0000 -0.1332 -0.9911
vn -0.0626 -0.4961 -0.8660
vn 0.9931 0.1154 -0.0196
vn 0.9903 0.1341 -0.0360
vn 0.9137 0.3950 -0.0958
vn 0.9228 0.3765 -0.0819
vn 0.6744 0.7200 -0.1637
vn 0.6815 0.7150 -0.1557
vn 0.9910 0.1335 0.0114
vn 0.9934 0.1144 0.0102
vn 0.9221 0.3835 -0.0523
vn 0.9165 0.3997 -0.0153
vn 0.7255 0.6764 -0.1271
vn 0.7506 0.6586 -0.0532
vn 0.9926 0.1201 0.0167
vn 0.9225 0.3829 -0.0480
vn 0.6955 0.7069 -0.1286
vn 0.9867 0.1587 -0.0359
vn 0.9873 0.1577 0.0174
vn 0.9127 0.4079 0.0254
vn 0.9196 0.3891 -0.0531
vn 0.7624 0.6471 0.0055
vn 0.7828 0.6166 -0.0841
vn 0.9871 0.1277 -0.0967
vn 0.9223 0.3580 -0.1460
vn 0.7779 0.6005 -0.1851
vn 0.7671 0.5384 -0.3489
vn 0.9366 0.2335 -0.2614
vn 0.9865 0.0160 -0.1632
vn -0.1200 -0.4965 -0.8597
vn -0.1089 -0.4997 -0.8593
vn -0.0203 -0.3778 -0.9257
vn -0.0405 -0.5177 -0.8546
vn -0.9999 0.0106 0.0058
vn -0.9993 0.0122 0.0343
vn -0.9993 0.0117 0.0358
vn -1.0000 -0.0000 -0.0000
vn -0.9999 0.0058 0.0162
vn -0.9999 0.0066 0.0090
vn -0.9996 -0.0166 0.0242
vn -0.9998 -0.0070 0.0209
vn -0.9917 -0.1282 0.0097
vn -0.9621 -0.2724 0.0164
vn -0.9526 -0.3041 -0.0000
vn -0.9899 -0.1421 0.0001
vn -0.9999 0.0168 -0.0000
vn -0.9903 -0.1391 0.0036
vn -0.9953 -0.0909 0.0333
vn -0.9968 -0.0777 0.0202
vn -0.9850 -0.1687 0.0374
vn -0.9531 -0.3027 0.0008
vn -0.2052 -0.9776 0.0465
vn -0.3868 -0.9208 0.0498
vn -0.4138 -0.8952 0.1654
vn -0.2118 -0.9636 0.1632
vn -0.5350 -0.8434 0.0482
vn -0.6308 -0.7617 0.1481
vn -0.2108 -0.9775 -0.0000
vn -0.3884 -0.9215 -0.0000
vn -0.5128 -0.8585 -0.0000
vn -0.2270 -0.9739 -0.0000
vn -0.4096 -0.9123 -0.0000
vn -0.5307 -0.8475 -0.0000
vn -0.5632 -0.8263 -0.0000
vn -0.6063 -0.7939 0.0455
vn -0.7562 -0.6401 0.1358
vn -0.0452 -0.8360 0.5468
vn -0.8967 0.4421 -0.0221
vn -0.7123 0.7000 -0.0501
vn -0.6804 0.7166 -0.1532
vn -0.8830 0.4609 -0.0890
vn -0.3949 0.9160 -0.0708
vn -0.3711 0.9076 -0.1963
vn -0.1012 0.9949 0.0045
vn -0.2515 0.9678 0.0044
vn -0.2516 0.9678 0.0022
vn -0.1013 0.9949 0.0023
vn -0.3013 0.9535 0.0044
vn -0.3013 0.9535 0.0022
vn -0.2500 -0.0254 0.9679
vn -0.2285 -0.0142 0.9734
vn -0.2137 -0.0065 0.9769
vn -0.1060 -0.0000 0.9944
vn -0.0770 -0.0000 0.9970
vn -0.1069 0.9930 0.0510
vn -0.2601 0.9643 0.0495
vn -0.2531 0.9671 0.0269
vn -0.1019 0.9944 0.0275
vn -0.3047 0.9512 0.0489
vn -0.3031 0.9526 0.0275
vn -0.3162 0.9274 -0.1999
vn -0.0943 0.9734 -0.2087
vn -0.1044 0.9732 -0.2049
vn -0.3360 0.9206 -0.1988
vn -0.4664 0.8806 -0.0838
vn -0.1631 0.9806 -0.1091
vn -0.1149 0.9704 -0.2124
vn -0.3918 0.9002 -0.1899
vn -0.2474 0.9689 -0.0000
vn -0.0978 0.9952 -0.0000
vn -0.3014 0.9535 -0.0000
vn -0.9879 0.1509 -0.0370
vn -0.9954 0.0957 0.0006
vn -0.9998 0.0183 0.0002
vn -0.5132 -0.7679 0.3833
vn -0.2862 -0.8399 0.4611
vn -0.2754 -0.9366 0.2167
vn -0.5055 -0.8437 0.1806
vn 0.0028 -0.3671 -0.9302
vn 0.0048 -0.4952 -0.8688
vn -0.0921 0.9729 -0.2122
vn -0.3246 0.9261 -0.1923
vn -0.9988 0.0151 0.0461
vn -0.9989 0.0107 0.0449
vn -0.9946 -0.1002 0.0257
vn -0.9484 -0.2939 0.1187
vn -0.2758 -0.9612 -0.0000
vn -0.4844 -0.8749 -0.0000
vn -0.9552 -0.2960 -0.0000
vn -0.9970 -0.0773 -0.0000
vn -0.9998 0.0218 -0.0000
vn -0.9999 0.0167 -0.0042
vn -0.9547 -0.2974 0.0040
vn -0.9985 0.0119 -0.0537
vn -0.9992 0.0286 -0.0271
vn -0.9997 -0.0111 -0.0208
vn -0.9992 -0.0188 -0.0351
vn -0.9996 0.0285 -0.0011
vn -1.0000 -0.0033 -0.0061
vn -0.5527 0.8332 -0.0186
vn -0.6129 0.7818 -0.1147
vn -0.3203 0.9352 -0.1511
vn -0.2455 0.9685 -0.0425
vn -0.6178 0.7568 -0.2134
vn -0.3688 0.8931 -0.2576
vn -0.9917 -0.0371 -0.1233
vn -0.9926 -0.0655 -0.1022
vn -0.3534 0.8392 -0.4133
vn -0.5890 0.7144 -0.3777
vn -0.9860 -0.1169 0.1191
vn -0.9516 -0.2372 0.1954
vn -0.9539 -0.2452 0.1729
vn -0.9890 -0.1211 0.0849
vn -0.4811 -0.7287 0.4874
vn -0.2461 -0.8128 0.5280
vn -0.2541 -0.7911 0.5564
vn -0.4790 -0.7184 0.5044
vn -0.9873 -0.1144 0.1100
vn -0.9533 -0.2450 0.1769
vn -0.4859 -0.7561 0.4384
vn -0.2639 -0.8404 0.4734
vn -0.9869 -0.1386 0.0825
vn -0.9516 -0.2705 0.1456
vn -0.4851 -0.7702 0.4141
vn -0.2594 -0.8510 0.4567
vn -0.9768 -0.1892 0.1005
vn -0.9489 -0.2814 0.1428
vn -0.4825 -0.7741 0.4099
vn -0.2378 -0.8570 0.4572
vn -0.9893 -0.1372 0.0505
vn -0.9546 -0.2694 0.1267
vn -0.9536 -0.2853 0.0966
vn -0.9883 -0.1496 0.0291
vn -0.4825 -0.7689 0.4196
vn -0.2549 -0.8452 0.4698
vn -0.2548 -0.8739 0.4140
vn -0.4817 -0.7963 0.3658
vn -0.9893 -0.1261 0.0733
vn -0.9546 -0.2533 0.1570
vn -0.4812 -0.7380 0.4730
vn -0.2544 -0.8126 0.5243
vn -0.2551 -0.8929 0.3711
vn -0.4691 -0.8219 0.3232
vn -0.9221 -0.3815 0.0645
vn -0.9730 -0.2301 -0.0190
vn -0.9859 0.1452 -0.0832
vn -0.9783 0.1305 -0.1608
vn -0.9949 -0.0483 -0.0890
vn -0.9992 -0.0359 -0.0160
vn -0.9575 0.1230 -0.2608
vn -0.9849 -0.0713 -0.1575
vn -0.9867 -0.1566 -0.0439
vn -0.9691 -0.2408 0.0536
vn -0.9843 -0.1222 -0.1274
vn -0.7921 0.4612 -0.4000
vn -0.8162 0.4929 -0.3014
vn -0.5724 0.7204 -0.3918
vn -0.5624 0.6793 -0.4714
vn -0.8405 0.4997 -0.2093
vn -0.6064 0.7358 -0.3015
vn -0.2726 0.8597 -0.4319
vn -0.2894 0.8181 -0.4970
vn -0.3070 0.8809 -0.3603
vn -0.4992 -0.8337 0.2361
vn -0.5924 -0.7716 0.2315
vn -0.2823 -0.9141 0.2909
vn -0.2512 -0.9348 0.2513
vn -0.6804 -0.7065 0.1949
vn -0.2847 -0.9003 0.3292
vn -0.7756 -0.6080 0.1696
vn -0.8769 -0.4720 0.0912
vn -0.9336 -0.3582 -0.0073
vn 0.0354 -0.3679 -0.9292
vn 0.0418 -0.3738 -0.9265
vn 0.0626 -0.4961 -0.8660
vn -0.9931 0.1154 -0.0196
vn -0.9228 0.3765 -0.0819
vn -0.9137 0.3950 -0.0958
vn -0.9903 0.1341 -0.0360
vn -0.6815 0.7150 -0.1557
vn -0.6744 0.7200 -0.1637
vn -0.9910 0.1335 0.0114
vn -0.9165 0.3997 -0.0153
vn -0.9221 0.3835 -0.0523
vn -0.9934 0.1144 0.0102
vn -0.7506 0.6586 -0.0532
vn -0.7255 0.6764 -0.1271
vn -0.9225 0.3829 -0.0480
vn -0.9926 0.1201 0.0167
vn -0.6955 0.7069 -0.1286
vn -0.9867 0.1587 -0.0359
vn -0.9196 0.3891 -0.0531
vn -0.9127 0.4079 0.0254
vn -0.9873 0.1577 0.0174
vn -0.7828 0.6166 -0.0841
vn -0.7624 0.6471 0.0055
vn -0.9871 0.1277 -0.0967
vn -0.9223 0.3580 -0.1460
vn -0.7779 0.6005 -0.1851
vn -0.9366 0.2335 -0.2614
vn -0.7671 0.5384 -0.3489
vn -0.9865 0.0160 -0.1632
vn 0.1089 -0.4997 -0.8593
vn 0.1200 -0.4965 -0.8597
vn 0.0203 -0.3778 -0.9257
vn 0.0405 -0.5177 -0.8546
vt 0.375000 0.500000
vt 0.375000 0.500000
vt 0.375000 0.500000
vt 0.375000 0.500000
vt 0.375000 0.548747
vt 0.375000 0.548747
vt 0.375000 0.500000
vt 0.598406 0.604048
vt 0.375000 0.622681
vt 0.375000 0.604048
vt 0.375000 0.604048
vt 0.335105 0.500000
vt 0.335105 0.500000
vt 0.375000 0.500000
vt 0.335105 0.548747
vt 0.375000 0.549053
vt 0.335106 0.604048
vt 0.375000 0.604700
vt 0.375000 0.604048
vt 0.335106 0.625000
vt 0.371691 0.625000
vt 0.375000 0.625000
vt 0.250000 0.604048
vt 0.250000 0.625000
vt 0.250000 0.500000
vt 0.250000 0.548747
vt 0.625000 0.500000
vt 0.625000 0.500000
vt 0.652678 0.500000
vt 0.652678 0.604048
vt 0.652678 0.625000
vt 0.625000 0.625000
vt 0.625000 0.604018
vt 0.598276 0.625000
vt 0.611524 0.499486
vt 0.652678 0.548747
vt 0.625000 0.548655
vt 0.598737 0.548747
vt 0.624126 0.497973
vt 0.623834 0.497298
vt 0.625000 0.472322
vt 0.625000 0.472322
vt 0.652678 0.704449
vt 0.625000 0.704141
vt 0.598273 0.704449
vt 0.750000 0.500000
vt 0.750000 0.548747
vt 0.750000 0.604048
vt 0.750000 0.625000
vt 0.750000 0.704449
vt 0.377711 0.625000
vt 0.363372 0.625000
vt 0.375000 0.375000
vt 0.625000 0.375000
vt 0.375000 0.406250
vt 0.624417 0.498649
vt 0.402764 0.625000
vt 0.359496 0.704449
vt 0.375000 0.704449
vt 0.402764 0.704449
vt 0.250000 0.704449
vt 0.375000 0.500000
vt 0.376066 0.500000
vt 0.625000 0.499074
vt 0.350901 0.500000
vt 0.350903 0.500000
vt 0.352938 0.500000
vt 0.350298 0.500000
vt 0.375000 0.496843
vt 0.353023 0.489012
vt 0.351372 0.500000
vt 0.351032 0.500000
vt 0.350893 0.500000
vt 0.352260 0.500000
vt 0.623275 0.500000
vt 0.620349 0.500000
vt 0.620353 0.500000
vt 0.626041 0.500000
vt 0.645306 0.492627
vt 0.654537 0.500000
vt 0.715971 0.465971
vt 0.374742 0.500000
vt 0.351872 0.500000
vt 0.355007 0.500000
vt 0.371278 0.500000
vt 0.356424 0.500000
vt 0.374752 0.500000
vt 0.375000 0.500000
vt 0.374927 0.500000
vt 0.375000 0.437500
vt 0.375000 0.464399
vt 0.584602 0.500000
vt 0.588304 0.500000
vt 0.611293 0.499536
vt 0.611627 0.500000
vt 0.619355 0.498421
vt 0.618704 0.498853
vt 0.562217 0.500000
vt 0.569634 0.500000
vt 0.607363 0.500000
vt 0.605117 0.500000
vt 0.617316 0.500000
vt 0.616371 0.500000
vt 0.580396 0.500000
vt 0.610204 0.500000
vt 0.618137 0.499246
vt 0.542607 0.500000
vt 0.546878 0.500000
vt 0.599800 0.500000
vt 0.598209 0.500000
vt 0.618071 0.500000
vt 0.618564 0.499296
vt 0.542070 0.500000
vt 0.601596 0.500000
vt 0.618951 0.500000
vt 0.624578 0.500000
vt 0.605136 0.500000
vt 0.541077 0.500000
s 1
f 4534/3896/4293 4546/3897/4294 4547/3898/4295 4537/3899/4296
f 4610/3896/4297 4608/3896/4298 4544/3896/4299 4523/3896/4300
f 4511/3896/4301 4526/3900/4302 4543/3901/4303 4538/3902/4304
f 4595/3903/4305 4616/3904/4306 4550/3905/4307
f 4511/3896/4301 4538/3902/4304 4541/3896/4308 4517/3896/4309
f 4526/3900/4302 4550/3905/4307 4551/3906/4310 4543/3901/4303
f 4556/3907/4311 4559/3908/4312 4560/3896/4313 4557/3896/4314
f 4557/3896/4314 4560/3896/4313 4558/3896/4315 4555/3909/4316
f 4562/3910/4317 4556/3907/4311 4557/3896/4314 4563/3911/4318
f 4563/3911/4318 4557/3896/4314 4555/3909/4316 4561/3901/4319
f 4565/3912/4317 4562/3910/4317 4563/3911/4318 4566/3913/4318
f 4566/3913/4318 4563/3911/4318 4561/3901/4319 4564/3914/4319
f 4552/3915/4320 4565/3912/4317 4566/3913/4318 4554/3916/4321
f 4554/3916/4321 4566/3913/4318 4564/3914/4319 4553/3917/4322
f 4554/3916/4323 4553/3917/4324 4568/3917/4325 4569/3916/4326
f 4551/3906/4327 4540/3917/4327 4553/3917/4322 4564/3914/4319
f 4549/3918/4328 4565/3912/4317 4552/3915/4320 4516/3919/4328
f 4556/3907/4311 4515/3920/4329 4521/3920/4330 4559/3908/4312
f 4538/3902/4331 4543/3901/4327 4561/3901/4319 4555/3909/4316
f 4538/3902/4331 4555/3909/4316 4558/3896/4315 4541/3896/4332
f 4515/3920/4329 4556/3907/4311 4562/3910/4317 4528/3921/4328
f 4528/3921/4328 4562/3910/4317 4565/3912/4317 4549/3918/4328
f 4543/3901/4327 4551/3906/4327 4564/3914/4319 4561/3901/4319
f 4552/3915/4333 4554/3916/4323 4569/3916/4326 4567/3915/4334
f 4539/3919/4335 4568/3917/4325 4553/3917/4324 4540/3917/4336
f 4552/3915/4333 4567/3915/4334 4516/3919/4337
f 4579/3922/4338 4583/3923/4339 4585/3923/4340 4580/3923/4341
f 4580/3923/4341 4585/3923/4340 4584/3924/4342 4578/3924/4343
f 4596/3925/4344 4575/3926/4345 4577/3927/4346 4597/3928/4347
f 4597/3928/4347 4577/3927/4346 4576/3929/4348 4595/3903/4349
f 4573/3930/4350 4579/3922/4350 4580/3923/4351 4574/3923/4352
f 4574/3923/4352 4580/3923/4351 4578/3924/4353 4572/3924/4354
f 4572/3924/4355 4586/3931/4356 4588/3932/4357 4574/3923/4358
f 4574/3923/4358 4588/3932/4357 4587/3933/4359 4573/3930/4360
f 4611/3934/4361 4590/3935/4362 4589/3936/4363 4612/3936/4364
f 4592/3923/4365 4594/3923/4366 4593/3937/4367 4591/3937/4368
f 4586/3931/4356 4596/3925/4344 4597/3928/4347 4588/3932/4357
f 4588/3932/4357 4597/3928/4347 4595/3903/4349 4587/3933/4359
f 4575/3926/4345 4599/3938/4369 4600/3939/4370 4577/3927/4346
f 4577/3927/4346 4600/3939/4370 4598/3940/4371 4576/3929/4348
f 4572/3924/4355 4512/3941/4372 4527/3942/4373 4586/3931/4356
f 4583/3923/4339 4579/3922/4338 4573/3930/4374 4518/3923/4375
f 4512/3941/4376 4572/3924/4354 4578/3924/4353 4520/3941/4376
f 4511/3896/4301 4573/3930/4374 4587/3933/4377 4526/3900/4302
f 4511/3896/4301 4517/3896/4309 4518/3923/4375 4573/3930/4374
f 4596/3925/4344 4548/3943/4378 4513/3944/4379 4575/3926/4345
f 4575/3926/4345 4513/3944/4379 4570/3945/4380 4599/3938/4369
f 4616/3904/4381 4617/3946/4382 4614/3947/4383 4615/3917/4384
f 4520/3941/4385 4578/3924/4343 4584/3924/4342 4522/3941/4386
f 4586/3931/4356 4527/3942/4373 4548/3943/4378 4596/3925/4344
f 4587/3933/4377 4595/3903/4305 4550/3905/4307 4526/3900/4302
f 4530/3948/4387 4531/3949/4388 4589/3936/4389 4701/3950/4390
f 4609/3949/4391 4612/3936/4364 4589/3936/4363 4531/3949/4392
f 4533/3949/4393 4591/3937/4368 4593/3937/4367 4536/3949/4394
f 4536/3949/4394 4593/3937/4367 4606/3936/4395 4602/3949/4396
f 4594/3923/4366 4605/3951/4397 4606/3936/4395 4593/3937/4367
f 4537/3899/4296 4547/3898/4295 4604/3896/4398 4603/3896/4399
f 4602/3949/4396 4606/3936/4395 4612/3936/4364 4609/3949/4391
f 4605/3951/4397 4611/3934/4361 4612/3936/4364 4606/3936/4395
f 4603/3896/4399 4604/3896/4398 4608/3896/4298 4610/3896/4297
f 4613/3952/4400 4617/3946/4401 4616/3904/4306
f 4618/3953/4402 4614/3947/4383 4617/3946/4382 4620/3954/4403
f 4620/3954/4404 4617/3946/4401 4613/3952/4400 4619/3955/4405
f 4613/3952/4400 4576/3929/4406 4598/3940/4407 4619/3955/4405
f 4514/3919/4408 4614/3947/4383 4618/3953/4402 4571/3956/4328
f 4615/3917/4384 4621/3919/4409 4539/3919/4335 4540/3917/4336
f 4550/3905/4307 4616/3904/4306 4540/3917/4410 4551/3906/4310
f 4613/3952/4400 4616/3904/4306 4595/3903/4305 4576/3929/4406
f 4540/3917/4336 4616/3904/4381 4615/3917/4384
f 4621/3919/4409 4615/3917/4384 4614/3947/4383 4514/3919/4408
f 4623/3896/4411 4632/3897/4412 4633/3957/4413 4624/3958/4414
f 4624/3958/4414 4633/3957/4413 4631/3957/4415 4622/3896/4416
f 4637/3923/4417 4634/3937/4418 4636/3937/4419 4639/3959/4420
f 4639/3959/4420 4636/3937/4419 4635/3936/4421 4638/3923/4422
f 4634/3937/4418 4626/3949/4423 4627/3949/4424 4636/3937/4419
f 4636/3937/4419 4627/3949/4424 4625/3949/4425 4635/3936/4421
f 4519/3896/4426 4542/3909/4427 4632/3897/4412 4623/3896/4411
f 4622/3896/4416 4631/3957/4415 4546/3897/4294 4534/3896/4293
f 4524/3949/4428 4581/3937/4429 4635/3936/4421 4625/3949/4425
f 4626/3949/4423 4634/3937/4418 4591/3937/4368 4533/3949/4393
f 4637/3923/4417 4592/3923/4365 4591/3937/4368 4634/3937/4418
f 4582/3923/4430 4638/3923/4422 4635/3936/4421 4581/3937/4429
f 4650/3896/4431 4646/3896/4432 4648/3896/4433 4651/3896/4434
f 4651/3896/4435 4648/3896/4436 4647/3960/4437 4649/3961/4438
f 4653/3896/4439 4650/3896/4431 4651/3896/4434 4654/3896/4440
f 4654/3896/4441 4651/3896/4435 4649/3961/4438 4652/3962/4442
f 4656/3896/4443 4653/3896/4439 4654/3896/4440 4657/3896/4444
f 4657/3896/4445 4654/3896/4441 4652/3962/4442 4655/3963/4446
f 4643/3896/4447 4656/3896/4443 4657/3896/4444 4645/3964/4448
f 4645/3964/4449 4657/3896/4445 4655/3963/4446 4644/3965/4450
f 4665/3898/4451 4661/3898/4452 4663/3896/4453 4666/3896/4454
f 4666/3896/4455 4663/3896/4456 4662/3966/4457 4664/3967/4458
f 4659/3897/4459 4665/3898/4451 4666/3896/4454 4660/3896/4460
f 4660/3896/4461 4666/3896/4455 4664/3967/4458 4658/3968/4462
f 4640/3969/4463 4662/3966/4457 4663/3896/4456 4642/3896/4464
f 4642/3896/4465 4663/3896/4453 4661/3898/4452 4641/3896/4466
f 4658/3968/4462 4647/3960/4437 4648/3896/4436 4660/3896/4461
f 4660/3896/4460 4648/3896/4433 4646/3896/4432 4659/3897/4459
f 4640/3969/4463 4525/3920/4467 4629/3920/4468 4662/3966/4457
f 4542/3909/4427 4641/3896/4466 4661/3898/4452 4632/3897/4412
f 4545/3948/4469 4703/3950/4469 4644/3965/4470 4532/3948/4470
f 4608/3896/4298 4656/3896/4443 4643/3896/4447 4544/3896/4299
f 4655/3963/4446 4607/3920/4471 4532/3920/4471 4644/3965/4450
f 4647/3960/4437 4529/3920/4472 4535/3920/4473 4649/3961/4438
f 4631/3957/4415 4659/3897/4459 4646/3896/4432 4546/3897/4294
f 4658/3968/4462 4628/3920/4474 4529/3920/4472 4647/3960/4437
f 4546/3897/4294 4646/3896/4432 4650/3896/4431 4547/3898/4295
f 4547/3898/4295 4650/3896/4431 4653/3896/4439 4604/3896/4398
f 4649/3961/4438 4535/3920/4473 4601/3920/4475 4652/3962/4442
f 4604/3896/4398 4653/3896/4439 4656/3896/4443 4608/3896/4298
f 4652/3962/4442 4601/3920/4475 4607/3920/4471 4655/3963/4446
f 4633/3957/4413 4665/3898/4451 4659/3897/4459 4631/3957/4415
f 4664/3967/4458 4630/3920/4476 4628/3920/4474 4658/3968/4462
f 4632/3897/4412 4661/3898/4452 4665/3898/4451 4633/3957/4413
f 4662/3966/4457 4629/3920/4468 4630/3920/4476 4664/3967/4458
f 4671/3923/4477 4667/3896/4478 4669/3896/4479 4672/3970/4480
f 4672/3970/4480 4669/3896/4479 4668/3896/4481 4670/3971/4482
f 4667/3896/4478 4679/3899/4483 4681/3899/4484 4669/3896/4479
f 4669/3896/4479 4681/3899/4484 4680/3899/4485 4668/3896/4481
f 4683/3972/4486 4688/3923/4487 4690/3973/4488 4684/3923/4489
f 4684/3923/4489 4690/3973/4488 4689/3923/4490 4682/3923/4491
f 4688/3923/4487 4685/3974/4492 4687/3975/4493 4690/3973/4488
f 4690/3973/4488 4687/3975/4493 4686/3924/4494 4689/3923/4490
f 4682/3923/4491 4671/3923/4477 4672/3970/4480 4684/3923/4489
f 4684/3923/4489 4672/3970/4480 4670/3971/4482 4683/3972/4486
f 4676/3941/4495 4686/3924/4494 4687/3975/4493 4678/3941/4496
f 4678/3941/4496 4687/3975/4493 4685/3974/4492 4677/3976/4497
f 4698/3977/4498 4691/3978/4499 4693/3979/4500 4699/3980/4501
f 4699/3980/4501 4693/3979/4500 4692/3981/4502 4697/3982/4503
f 4695/3983/4504 4698/3977/4498 4699/3980/4501 4696/3984/4505
f 4696/3984/4505 4699/3980/4501 4697/3982/4503 4694/3983/4506
f 4673/3920/4507 4692/3981/4502 4693/3979/4500 4675/3920/4508
f 4675/3920/4508 4693/3979/4500 4691/3978/4499 4674/3920/4509
f 4694/3983/4506 4680/3899/4485 4681/3899/4484 4696/3984/4505
f 4696/3984/4505 4681/3899/4484 4679/3899/4483 4695/3983/4504
f 4668/3896/4481 4680/3899/4485 4542/3909/4427 4519/3896/4426
f 4518/3923/4375 4517/3896/4309 4667/3896/4478 4671/3923/4477
f 4517/3896/4309 4541/3896/4308 4679/3899/4483 4667/3896/4478
f 4671/3923/4477 4682/3923/4491 4583/3923/4339 4518/3923/4375
f 4692/3981/4502 4673/3920/4507 4525/3920/4467 4640/3969/4463
f 4559/3908/4312 4521/3920/4330 4674/3920/4509 4691/3978/4499
f 4522/3941/4386 4584/3924/4342 4686/3924/4494 4676/3941/4495
f 4581/3937/4429 4524/3949/4428 4677/3976/4497 4685/3974/4492
f 4695/3983/4504 4679/3899/4483 4541/3896/4332 4558/3896/4315
f 4680/3899/4485 4694/3983/4506 4641/3896/4466 4542/3909/4427
f 4583/3923/4339 4682/3923/4491 4689/3923/4490 4585/3923/4340
f 4581/3937/4429 4685/3974/4492 4688/3923/4487 4582/3923/4430
f 4585/3923/4340 4689/3923/4490 4686/3924/4494 4584/3924/4342
f 4559/3908/4312 4691/3978/4499 4698/3977/4498 4560/3896/4313
f 4692/3981/4502 4640/3969/4463 4642/3896/4464 4697/3982/4503
f 4695/3983/4504 4558/3896/4315 4560/3896/4313 4698/3977/4498
f 4697/3982/4503 4642/3896/4465 4641/3896/4466 4694/3983/4506
f 4530/3948/4387 4701/3950/4390 4703/3950/4469 4545/3948/4469
f 4701/3950/4390 4700/3985/4510 4702/3985/4469 4703/3950/4469
f 4700/3985/4510 4731/3986/4511 4702/3985/4469
f 4644/3965/4470 4703/3950/4469 4702/3985/4469 4645/3964/4470
f 4645/3964/4470 4702/3985/4469 4544/3896/4512 4643/3896/4470
f 4701/3950/4390 4589/3936/4389 4590/3935/4513 4700/3985/4510
f 4720/3987/4514 4708/3988/4515 4709/3989/4516 4721/3990/4517
f 4721/3990/4517 4709/3989/4516 4707/3991/4518 4719/3992/4519
f 4711/3993/4520 4713/3994/4521 4715/3995/4522 4712/3996/4523
f 4712/3996/4523 4715/3995/4522 4714/3997/4524 4710/3998/4525
f 4713/3994/4521 4716/3999/4526 4718/4000/4527 4715/3995/4522
f 4715/3995/4522 4718/4000/4527 4717/4001/4528 4714/3997/4524
f 4716/3999/4526 4720/3987/4514 4721/3990/4517 4718/4000/4527
f 4718/4000/4527 4721/3990/4517 4719/3992/4519 4717/4001/4528
f 4729/4002/4529 4725/4003/4530 4727/4004/4531 4730/4005/4532
f 4730/4005/4532 4727/4004/4531 4726/4006/4533 4728/4007/4534
f 4723/4008/4535 4729/4002/4529 4730/4005/4532 4724/4009/4536
f 4724/4009/4536 4730/4005/4532 4728/4007/4534 4722/4010/4537
f 4722/4010/4537 4705/4011/4538 4706/4012/4539 4724/4009/4536
f 4724/4009/4536 4706/4012/4539 4704/4013/4540 4723/4008/4535
f 4710/3998/4525 4726/4006/4533 4727/4004/4531 4712/3996/4523
f 4712/3996/4523 4727/4004/4531 4725/4003/4530 4711/3993/4520
f 4683/3972/4486 4670/3971/4482 4706/4012/4539 4705/4011/4538
f 4704/4013/4540 4519/3896/4426 4623/3896/4411 4723/4008/4535
f 4705/4011/4538 4722/4010/4537 4638/3923/4422 4582/3923/4430
f 4688/3923/4487 4683/3972/4486 4705/4011/4538 4582/3923/4430
f 4720/3987/4514 4610/3896/4297 4523/3896/4300 4708/3988/4515
f 4719/3992/4519 4707/3991/4518 4590/3935/4362 4611/3934/4361
f 4700/3985/4510 4590/3935/4513 4707/3991/4541 4709/3989/4542 4731/3986/4511
f 4726/4006/4533 4710/3998/4525 4592/3923/4365 4637/3923/4417
f 4710/3998/4525 4714/3997/4524 4594/3923/4366 4592/3923/4365
f 4711/3993/4520 4534/3896/4293 4537/3899/4296 4713/3994/4521
f 4725/4003/4530 4622/3896/4416 4534/3896/4293 4711/3993/4520
f 4714/3997/4524 4717/4001/4528 4605/3951/4397 4594/3923/4366
f 4713/3994/4521 4537/3899/4296 4603/3896/4399 4716/3999/4526
f 4717/4001/4528 4719/3992/4519 4611/3934/4361 4605/3951/4397
f 4716/3999/4526 4603/3896/4399 4610/3896/4297 4720/3987/4514
f 4624/3958/4414 4729/4002/4529 4723/4008/4535 4623/3896/4411
f 4728/4007/4534 4639/3959/4420 4638/3923/4422 4722/4010/4537
f 4622/3896/4416 4725/4003/4530 4729/4002/4529 4624/3958/4414
f 4726/4006/4533 4637/3923/4417 4639/3959/4420 4728/4007/4534
f 4670/3971/4482 4668/3896/4481 4704/4013/4540 4706/4012/4539
f 4519/3896/4426 4704/4013/4540 4668/3896/4481
f 4702/3985/4469 4731/3986/4511 4523/3896/4543 4544/3896/4512
f 4731/3986/4511 4709/3989/4542 4708/3988/4544 4523/3896/4543
f 4738/3896/4545 4739/3899/4546 4747/3898/4547 4746/3897/4548
f 4799/3896/4549 4736/3896/4550 4745/3896/4551 4798/3896/4552
f 4732/3896/4553 4740/3902/4554 4744/3901/4555 4737/3900/4556
f 4788/3903/4557 4748/3905/4558 4805/3904/4559
f 4732/3896/4553 4733/3896/4560 4742/3896/4561 4740/3902/4554
f 4737/3900/4556 4744/3901/4555 4749/3906/4562 4748/3905/4558
f 4754/3907/4563 4755/3896/4564 4758/3896/4565 4757/3908/4566
f 4755/3896/4564 4753/3909/4567 4756/3896/4568 4758/3896/4565
f 4760/3910/4569 4761/3911/4570 4755/3896/4564 4754/3907/4563
f 4761/3911/4570 4759/3901/4571 4753/3909/4567 4755/3896/4564
f 4763/3912/4569 4764/3913/4570 4761/3911/4570 4760/3910/4569
f 4764/3913/4570 4762/3914/4571 4759/3901/4571 4761/3911/4570
f 4750/3915/4572 4752/3916/4573 4764/3913/4570 4763/3912/4569
f 4752/3916/4573 4751/3917/4574 4762/3914/4571 4764/3913/4570
f 4752/3916/4323 4569/3916/4326 4568/3917/4325 4751/3917/4324
f 4749/3906/4575 4762/3914/4571 4751/3917/4574 4741/3917/4575
f 4549/3918/4328 4516/3919/4328 4750/3915/4572 4763/3912/4569
f 4754/3907/4563 4757/3908/4566 4521/3920/4330 4515/3920/4329
f 4740/3902/4576 4753/3909/4567 4759/3901/4571 4744/3901/4575
f 4740/3902/4576 4742/3896/4577 4756/3896/4568 4753/3909/4567
f 4515/3920/4329 4528/3921/4328 4760/3910/4569 4754/3907/4563
f 4528/3921/4328 4549/3918/4328 4763/3912/4569 4760/3910/4569
f 4744/3901/4575 4759/3901/4571 4762/3914/4571 4749/3906/4575
f 4750/3915/4333 4567/3915/4334 4569/3916/4326 4752/3916/4323
f 4539/3919/4335 4741/3917/4578 4751/3917/4324 4568/3917/4325
f 4750/3915/4333 4516/3919/4337 4567/3915/4334
f 4772/3922/4579 4773/3923/4580 4778/3923/4581 4776/3923/4582
f 4773/3923/4580 4771/3924/4583 4777/3924/4584 4778/3923/4581
f 4789/3925/4585 4790/3928/4586 4770/3927/4587 4768/3926/4588
f 4790/3928/4586 4788/3903/4589 4769/3929/4590 4770/3927/4587
f 4766/3930/4591 4767/3923/4592 4773/3923/4593 4772/3922/4591
f 4767/3923/4592 4765/3924/4594 4771/3924/4595 4773/3923/4593
f 4765/3924/4596 4767/3923/4597 4781/3932/4598 4779/3931/4599
f 4767/3923/4597 4766/3930/4600 4780/3933/4601 4781/3932/4598
f 4800/3934/4602 4801/3936/4603 4782/3936/4604 4783/3935/4605
f 4785/3923/4606 4784/3937/4607 4786/3937/4608 4787/3923/4609
f 4779/3931/4599 4781/3932/4598 4790/3928/4586 4789/3925/4585
f 4781/3932/4598 4780/3933/4601 4788/3903/4589 4790/3928/4586
f 4768/3926/4588 4770/3927/4587 4793/3939/4610 4792/3938/4611
f 4770/3927/4587 4769/3929/4590 4791/3940/4612 4793/3939/4610
f 4765/3924/4596 4779/3931/4599 4527/3942/4373 4512/3941/4372
f 4776/3923/4582 4734/3923/4613 4766/3930/4614 4772/3922/4579
f 4512/3941/4376 4520/3941/4376 4771/3924/4595 4765/3924/4594
f 4732/3896/4553 4737/3900/4556 4780/3933/4615 4766/3930/4614
f 4732/3896/4553 4766/3930/4614 4734/3923/4613 4733/3896/4560
f 4789/3925/4585 4768/3926/4588 4513/3944/4379 4548/3943/4378
f 4768/3926/4588 4792/3938/4611 4570/3945/4380 4513/3944/4379
f 4805/3904/4616 4804/3917/4617 4803/3947/4618 4806/3946/4619
f 4520/3941/4385 4522/3941/4386 4777/3924/4584 4771/3924/4583
f 4779/3931/4599 4789/3925/4585 4548/3943/4378 4527/3942/4373
f 4780/3933/4615 4737/3900/4556 4748/3905/4558 4788/3903/4557
f 4530/3948/4387 4877/3950/4620 4782/3936/4621 4531/3949/4388
f 4609/3949/4391 4531/3949/4392 4782/3936/4604 4801/3936/4603
f 4533/3949/4393 4536/3949/4394 4786/3937/4608 4784/3937/4607
f 4536/3949/4394 4602/3949/4396 4797/3936/4622 4786/3937/4608
f 4787/3923/4609 4786/3937/4608 4797/3936/4622 4796/3951/4623
f 4739/3899/4546 4794/3896/4624 4795/3896/4625 4747/3898/4547
f 4602/3949/4396 4609/3949/4391 4801/3936/4603 4797/3936/4622
f 4796/3951/4623 4797/3936/4622 4801/3936/4603 4800/3934/4602
f 4794/3896/4624 4799/3896/4549 4798/3896/4552 4795/3896/4625
f 4802/3952/4626 4805/3904/4559 4806/3946/4627
f 4807/3953/4628 4809/3954/4629 4806/3946/4619 4803/3947/4618
f 4809/3954/4630 4808/3955/4631 4802/3952/4626 4806/3946/4627
f 4802/3952/4626 4808/3955/4631 4791/3940/4632 4769/3929/4633
f 4514/3919/4408 4571/3956/4328 4807/3953/4628 4803/3947/4618
f 4804/3917/4617 4741/3917/4578 4539/3919/4335 4621/3919/4409
f 4748/3905/4558 4749/3906/4562 4741/3917/4634 4805/3904/4559
f 4802/3952/4626 4769/3929/4633 4788/3903/4557 4805/3904/4559
f 4741/3917/4578 4804/3917/4617 4805/3904/4616
f 4621/3919/4409 4514/3919/4408 4803/3947/4618 4804/3917/4617
f 4811/3896/4635 4812/3958/4636 4815/3957/4637 4814/3897/4638
f 4812/3958/4636 4810/3896/4639 4813/3957/4640 4815/3957/4637
f 4819/3923/4641 4821/3959/4642 4818/3937/4643 4816/3937/4644
f 4821/3959/4642 4820/3923/4645 4817/3936/4646 4818/3937/4643
f 4816/3937/4644 4818/3937/4643 4627/3949/4424 4626/3949/4423
f 4818/3937/4643 4817/3936/4646 4625/3949/4425 4627/3949/4424
f 4735/3896/4647 4811/3896/4635 4814/3897/4638 4743/3909/4648
f 4810/3896/4639 4738/3896/4545 4746/3897/4548 4813/3957/4640
f 4524/3949/4428 4625/3949/4425 4817/3936/4646 4774/3937/4649
f 4626/3949/4423 4533/3949/4393 4784/3937/4607 4816/3937/4644
f 4819/3923/4641 4816/3937/4644 4784/3937/4607 4785/3923/4606
f 4775/3923/4650 4774/3937/4649 4817/3936/4646 4820/3923/4645
f 4832/3896/4651 4833/3896/4652 4830/3896/4653 4828/3896/4654
f 4833/3896/4655 4831/3961/4656 4829/3960/4657 4830/3896/4658
f 4835/3896/4659 4836/3896/4660 4833/3896/4652 4832/3896/4651
f 4836/3896/4661 4834/3962/4662 4831/3961/4656 4833/3896/4655
f 4838/3896/4663 4839/3896/4664 4836/3896/4660 4835/3896/4659
f 4839/3896/4665 4837/3963/4666 4834/3962/4662 4836/3896/4661
f 4825/3896/4667 4827/3964/4668 4839/3896/4664 4838/3896/4663
f 4827/3964/4669 4826/3965/4670 4837/3963/4666 4839/3896/4665
f 4847/3898/4671 4848/3896/4672 4845/3896/4673 4843/3898/4674
f 4848/3896/4675 4846/3967/4676 4844/3966/4677 4845/3896/4678
f 4841/3897/4679 4842/3896/4680 4848/3896/4672 4847/3898/4671
f 4842/3896/4681 4840/3968/4682 4846/3967/4676 4848/3896/4675
f 4822/3969/4683 4824/3896/4684 4845/3896/4678 4844/3966/4677
f 4824/3896/4685 4823/3896/4686 4843/3898/4674 4845/3896/4673
f 4840/3968/4682 4842/3896/4681 4830/3896/4658 4829/3960/4657
f 4842/3896/4680 4841/3897/4679 4828/3896/4654 4830/3896/4653
f 4822/3969/4683 4844/3966/4677 4629/3920/4468 4525/3920/4467
f 4743/3909/4648 4814/3897/4638 4843/3898/4674 4823/3896/4686
f 4545/3948/4469 4532/3948/4470 4826/3965/4470 4879/3950/4469
f 4798/3896/4552 4745/3896/4551 4825/3896/4667 4838/3896/4663
f 4837/3963/4666 4826/3965/4670 4532/3920/4471 4607/3920/4471
f 4829/3960/4657 4831/3961/4656 4535/3920/4473 4529/3920/4472
f 4813/3957/4640 4746/3897/4548 4828/3896/4654 4841/3897/4679
f 4840/3968/4682 4829/3960/4657 4529/3920/4472 4628/3920/4474
f 4746/3897/4548 4747/3898/4547 4832/3896/4651 4828/3896/4654
f 4747/3898/4547 4795/3896/4625 4835/3896/4659 4832/3896/4651
f 4831/3961/4656 4834/3962/4662 4601/3920/4475 4535/3920/4473
f 4795/3896/4625 4798/3896/4552 4838/3896/4663 4835/3896/4659
f 4834/3962/4662 4837/3963/4666 4607/3920/4471 4601/3920/4475
f 4815/3957/4637 4813/3957/4640 4841/3897/4679 4847/3898/4671
f 4846/3967/4676 4840/3968/4682 4628/3920/4474 4630/3920/4476
f 4814/3897/4638 4815/3957/4637 4847/3898/4671 4843/3898/4674
f 4844/3966/4677 4846/3967/4676 4630/3920/4476 4629/3920/4468
f 4853/3923/4687 4854/3970/4688 4851/3896/4689 4849/3896/4690
f 4854/3970/4688 4852/3971/4691 4850/3896/4692 4851/3896/4689
f 4849/3896/4690 4851/3896/4689 4857/3899/4693 4855/3899/4694
f 4851/3896/4689 4850/3896/4692 4856/3899/4695 4857/3899/4693
f 4859/3972/4696 4860/3923/4697 4866/3973/4698 4864/3923/4699
f 4860/3923/4697 4858/3923/4700 4865/3923/4701 4866/3973/4698
f 4864/3923/4699 4866/3973/4698 4863/3975/4702 4861/3974/4703
f 4866/3973/4698 4865/3923/4701 4862/3924/4704 4863/3975/4702
f 4858/3923/4700 4860/3923/4697 4854/3970/4688 4853/3923/4687
f 4860/3923/4697 4859/3972/4696 4852/3971/4691 4854/3970/4688
f 4676/3941/4495 4678/3941/4496 4863/3975/4702 4862/3924/4704
f 4678/3941/4496 4677/3976/4497 4861/3974/4703 4863/3975/4702
f 4874/3977/4705 4875/3980/4706 4869/3979/4707 4867/3978/4708
f 4875/3980/4706 4873/3982/4709 4868/3981/4710 4869/3979/4707
f 4871/3983/4711 4872/3984/4712 4875/3980/4706 4874/3977/4705
f 4872/3984/4712 4870/3983/4713 4873/3982/4709 4875/3980/4706
f 4673/3920/4507 4675/3920/4508 4869/3979/4707 4868/3981/4710
f 4675/3920/4508 4674/3920/4509 4867/3978/4708 4869/3979/4707
f 4870/3983/4713 4872/3984/4712 4857/3899/4693 4856/3899/4695
f 4872/3984/4712 4871/3983/4711 4855/3899/4694 4857/3899/4693
f 4850/3896/4692 4735/3896/4647 4743/3909/4648 4856/3899/4695
f 4734/3923/4613 4853/3923/4687 4849/3896/4690 4733/3896/4560
f 4733/3896/4560 4849/3896/4690 4855/3899/4694 4742/3896/4561
f 4853/3923/4687 4734/3923/4613 4776/3923/4582 4858/3923/4700
f 4868/3981/4710 4822/3969/4683 4525/3920/4467 4673/3920/4507
f 4757/3908/4566 4867/3978/4708 4674/3920/4509 4521/3920/4330
f 4522/3941/4386 4676/3941/4495 4862/3924/4704 4777/3924/4584
f 4774/3937/4649 4861/3974/4703 4677/3976/4497 4524/3949/4428
f 4871/3983/4711 4756/3896/4568 4742/3896/4577 4855/3899/4694
f 4856/3899/4695 4743/3909/4648 4823/3896/4686 4870/3983/4713
f 4776/3923/4582 4778/3923/4581 4865/3923/4701 4858/3923/4700
f 4774/3937/4649 4775/3923/4650 4864/3923/4699 4861/3974/4703
f 4778/3923/4581 4777/3924/4584 4862/3924/4704 4865/3923/4701
f 4757/3908/4566 4758/3896/4565 4874/3977/4705 4867/3978/4708
f 4868/3981/4710 4873/3982/4709 4824/3896/4684 4822/3969/4683
f 4871/3983/4711 4874/3977/4705 4758/3896/4565 4756/3896/4568
f 4873/3982/4709 4870/3983/4713 4823/3896/4686 4824/3896/4685
f 4530/3948/4387 4545/3948/4469 4879/3950/4469 4877/3950/4620
f 4877/3950/4620 4879/3950/4469 4878/3985/4469 4876/3985/4714
f 4876/3985/4714 4878/3985/4469 4907/3986/4715
f 4826/3965/4470 4827/3964/4470 4878/3985/4469 4879/3950/4469
f 4827/3964/4470 4825/3896/4470 4745/3896/4512 4878/3985/4469
f 4877/3950/4620 4876/3985/4714 4783/3935/4716 4782/3936/4621
f 4896/3987/4717 4897/3990/4718 4885/3989/4719 4884/3988/4720
f 4897/3990/4718 4895/3992/4721 4883/3991/4722 4885/3989/4719
f 4887/3993/4723 4888/3996/4724 4891/3995/4725 4889/3994/4726
f 4888/3996/4724 4886/3998/4727 4890/3997/4728 4891/3995/4725
f 4889/3994/4726 4891/3995/4725 4894/4000/4729 4892/3999/4730
f 4891/3995/4725 4890/3997/4728 4893/4001/4731 4894/4000/4729
f 4892/3999/4730 4894/4000/4729 4897/3990/4718 4896/3987/4717
f 4894/4000/4729 4893/4001/4731 4895/3992/4721 4897/3990/4718
f 4905/4002/4732 4906/4005/4733 4903/4004/4734 4901/4003/4735
f 4906/4005/4733 4904/4007/4736 4902/4006/4737 4903/4004/4734
f 4899/4008/4738 4900/4009/4739 4906/4005/4733 4905/4002/4732
f 4900/4009/4739 4898/4010/4740 4904/4007/4736 4906/4005/4733
f 4898/4010/4740 4900/4009/4739 4882/4012/4741 4881/4011/4742
f 4900/4009/4739 4899/4008/4738 4880/4013/4743 4882/4012/4741
f 4886/3998/4727 4888/3996/4724 4903/4004/4734 4902/4006/4737
f 4888/3996/4724 4887/3993/4723 4901/4003/4735 4903/4004/4734
f 4859/3972/4696 4881/4011/4742 4882/4012/4741 4852/3971/4691
f 4880/4013/4743 4899/4008/4738 4811/3896/4635 4735/3896/4647
f 4881/4011/4742 4775/3923/4650 4820/3923/4645 4898/4010/4740
f 4864/3923/4699 4775/3923/4650 4881/4011/4742 4859/3972/4696
f 4896/3987/4717 4884/3988/4720 4736/3896/4550 4799/3896/4549
f 4895/3992/4721 4800/3934/4602 4783/3935/4605 4883/3991/4722
f 4876/3985/4714 4907/3986/4715 4885/3989/4744 4883/3991/4745 4783/3935/4716
f 4902/4006/4737 4819/3923/4641 4785/3923/4606 4886/3998/4727
f 4886/3998/4727 4785/3923/4606 4787/3923/4609 4890/3997/4728
f 4887/3993/4723 4889/3994/4726 4739/3899/4546 4738/3896/4545
f 4901/4003/4735 4887/3993/4723 4738/3896/4545 4810/3896/4639
f 4890/3997/4728 4787/3923/4609 4796/3951/4623 4893/4001/4731
f 4889/3994/4726 4892/3999/4730 4794/3896/4624 4739/3899/4546
f 4893/4001/4731 4796/3951/4623 4800/3934/4602 4895/3992/4721
f 4892/3999/4730 4896/3987/4717 4799/3896/4549 4794/3896/4624
f 4812/3958/4636 4811/3896/4635 4899/4008/4738 4905/4002/4732
f 4904/4007/4736 4898/4010/4740 4820/3923/4645 4821/3959/4642
f 4810/3896/4639 4812/3958/4636 4905/4002/4732 4901/4003/4735
f 4902/4006/4737 4904/4007/4736 4821/3959/4642 4819/3923/4641
f 4852/3971/4691 4882/4012/4741 4880/4013/4743 4850/3896/4692
f 4735/3896/4647 4850/3896/4692 4880/4013/4743
f 4878/3985/4469 4745/3896/4512 4736/3896/4746 4907/3986/4715
f 4907/3986/4715 4736/3896/4746 4884/3988/4747 4885/3989/4744
